"globalid","edad_menstrual","recibe_ayuda","migrante","discapacidad","orientacion_sexual","LGBTI"
"{FE170795-7E95-4A66-876A-B14344D9BD9E}",2,1,0,0,1,0
"{EA923F84-50D0-4177-A74D-8417472FB8D2}",NA,0,0,0,1,0
"{8C698641-E2AB-48C3-AC5A-AE3034A8A7D8}",NA,1,0,0,1,0
"{0DE6EAEB-5CCE-4F51-BD8F-EC0625AB2482}",NA,0,0,1,1,0
"{4DE82932-7427-4EDB-99DE-C1D5A4A1E5D8}",NA,0,1,0,1,0
"{4D668D6E-693F-4811-BBEB-337E60E8EFE1}",NA,1,0,0,2,1
"{BFC9E4FF-7E73-4E63-AE68-451374C13CC0}",NA,0,0,0,1,0
"{B89E72F7-F57E-4B2B-862D-BED66BB5F9F8}",NA,NA,NA,NA,NA,NA
"{1A2A52D4-9263-4EE0-AB73-4D874250FAAC}",NA,1,0,1,1,0
"{DD6C06CF-5FD0-471F-9AE4-DC89EB02EDC8}",NA,1,0,1,1,0
"{72CFA28B-AEB0-430A-8E29-8B3E8013D5BA}",NA,1,1,0,1,0
"{B1578110-5C5F-4129-B2E1-935C3FC8F0CD}",NA,NA,NA,NA,NA,NA
"{EB9D42B7-BDC5-4E09-8092-D49382416B9B}",NA,0,0,0,1,0
"{73BD6626-FAC4-4256-B2CD-ADEBA460A534}",NA,1,0,1,1,0
"{80A477AB-A663-4640-A5EA-69F650E10C57}",NA,1,1,1,1,0
"{38881B42-308C-4EAD-9C5C-665959EF0969}",NA,1,1,1,1,0
"{DC07BFFC-14E8-409F-8C9C-996D8D754897}",1,NA,NA,NA,NA,NA
"{A14E07C0-2351-4F4D-BC51-0F2A9EB18C7D}",NA,0,0,1,1,0
"{EF42A915-9E52-43F9-ABCC-DFE187680A4D}",NA,0,0,0,1,0
"{64078D90-B40B-4ECD-9E9C-7D5CC9CF67C6}",NA,NA,NA,NA,NA,NA
"{D4C74EBE-4266-4A6D-8DA2-ADB5BA238FBD}",NA,0,0,0,1,0
"{D631EB1D-CC6F-4002-8218-6FC224EFA0EA}",NA,1,0,0,1,0
"{E32F9506-0044-4CDF-9F4B-69EF6FF60F4A}",NA,0,0,0,1,0
"{4CC8AF58-3032-4962-8337-F17B5ED30B1F}",NA,0,0,0,1,0
"{CDB45347-8202-4FB7-B343-B3A0E8343D25}",NA,0,0,0,1,0
"{35FD8500-5962-4A29-8C44-482CE18EC05E}",NA,NA,NA,NA,NA,NA
"{B15BF920-546E-4FBC-93A9-C28167936550}",NA,1,0,1,1,0
"{35586000-BA7C-40E9-A74C-72ADEA2D7891}",NA,0,0,0,1,0
"{A6C00FCB-3D9D-4F49-A3BD-E4972529430E}",1,1,0,0,1,0
"{41F6FEBF-D62C-4D44-8A59-F4CDABA1DC07}",NA,1,0,0,1,0
"{141A3013-C80C-4A97-AF6F-043115FF0FD9}",1,NA,NA,NA,NA,NA
"{23A5A04D-193B-4424-B33D-803017EC5E56}",NA,NA,NA,NA,NA,NA
"{28285F4B-AD73-43D8-867E-CA62A548CA89}",NA,0,0,0,2,1
"{2EAC9274-D26A-4A24-9322-92FE572B8EF4}",NA,NA,NA,NA,NA,NA
"{12C4AE97-CB17-44A6-B9A3-1684DCE0E320}",NA,1,0,0,1,0
"{C3F71786-68CD-407E-902D-5F861B4E7F0E}",NA,0,0,0,1,0
"{E151CF30-1937-4ED6-AFFD-9FA2821ECDE9}",NA,0,0,0,1,0
"{1016881A-4739-4421-8656-25CB706EDA86}",NA,1,0,0,1,0
"{B4CE0F00-1270-40FA-B115-C099CB2955A0}",NA,1,0,0,1,0
"{E5288E5E-282E-49B1-B034-02A812CA8642}",NA,1,0,0,1,0
"{6F7395FE-3AB1-4064-BDFC-B7F4680CB624}",NA,NA,NA,NA,NA,NA
"{E7263835-50F9-43AD-B3F8-059BA8A3AF0F}",NA,NA,NA,NA,NA,NA
"{57D08EFE-163D-49EE-9F40-A3D531E12742}",NA,NA,NA,NA,NA,NA
"{78695112-B9C8-458E-8068-2324E221B2F4}",NA,NA,NA,NA,NA,NA
"{564A9FBB-493B-45D4-851B-1B7808711540}",NA,1,0,0,1,0
"{6A3D607C-15D3-4131-8AEF-1FC63E6F015B}",NA,1,0,0,4,1
"{F97108FD-7868-47F5-B650-C3F77C8D4F03}",NA,0,0,0,1,0
"{3DA2848D-E627-4B47-A78A-1AE5C67AFAE7}",NA,1,0,0,1,0
"{083BA8D9-017E-4CD9-9B86-9552815962FA}",NA,1,0,0,1,0
"{1969C188-3A81-46CD-B2A3-01D49E35D826}",NA,1,0,0,1,0
"{6F3628E0-096D-4C43-8B5B-7343AABE91A2}",NA,1,0,0,1,0
"{1951D353-A3CB-4562-8F40-EFEC784A8D2E}",NA,0,0,0,1,0
"{E7AE774D-84ED-4760-9B01-386FB9D316CF}",NA,0,0,0,1,0
"{5FC5A004-3FBB-4CBD-993F-5AE1E8779227}",NA,1,0,0,1,0
"{FEACEF73-3149-4B11-864E-77A6D90E1091}",NA,0,0,0,1,0
"{D774306D-4A96-43E0-8E47-5898D88FF38C}",NA,1,0,0,1,0
"{5B94DD70-DF83-45E0-BF77-3EADA6743E62}",NA,0,0,0,1,0
"{4F81D7C0-C43A-46E6-9A42-1804AEA1BA83}",NA,NA,NA,NA,NA,NA
"{B790A427-3BE5-468E-B8F5-71E72ED9C532}",NA,1,0,0,1,0
"{E7CA1CCE-F3AC-4C0B-A6D2-C9421A2E4E1B}",NA,0,0,1,1,0
"{25377AB5-7102-4DB6-A70E-FD44E69D8944}",NA,1,1,0,1,0
"{F2ECE77E-118B-4502-919C-F114A67A4B72}",NA,1,0,0,1,0
"{3D1875E9-D8FB-46A4-9690-7F6D548BDD3C}",NA,0,0,0,1,0
"{376D49B6-C67F-451F-BF49-EA63E6CD2984}",NA,0,0,0,1,0
"{CBCE9B1D-79ED-4A8C-B02A-FA1AECC34850}",NA,0,0,0,1,0
"{A34614A5-700F-4987-AF9C-365A40F6B100}",NA,0,0,0,1,0
"{7E5DB157-511F-4932-9A97-E9DC02B5C265}",1,NA,NA,NA,NA,NA
"{E0FB74AF-CA1B-4CCE-B147-4C1831FF225E}",NA,0,0,0,1,0
"{A9A0A702-9D14-409C-BF63-826058F0E12A}",NA,0,0,0,1,0
"{C756F642-928D-408F-8DB6-64B8BE8BAA13}",NA,1,0,0,4,1
"{3893D649-96F2-460E-B895-AE132D33CDEF}",NA,1,0,0,1,0
"{19EBFF15-CB10-4495-BC1C-9E9B9DA43CB3}",NA,0,1,0,1,0
"{C6172FAB-6577-464E-BC45-D587274E9B57}",NA,1,0,0,1,0
"{9EC9882F-0B8D-4610-91D9-59A332A4CFE4}",NA,NA,NA,NA,NA,NA
"{84D7AEDC-FDF7-4A1C-B50B-186BF0312534}",NA,NA,NA,NA,NA,NA
"{33279A8D-EB74-4371-AE6D-22447427B711}",NA,NA,NA,NA,NA,NA
"{5E289B47-A447-4A81-A60E-9B02DC98AF0E}",NA,0,0,1,2,1
"{7161C6E2-86D3-416B-A448-106ADCE7A6C2}",NA,0,0,1,1,0
"{A8AD5013-4B3C-467A-8B40-08462CA9DC24}",NA,0,0,1,1,0
"{5D53BAB3-2F91-4ACF-8DFE-EC9D72441DEE}",NA,1,0,0,1,0
"{DA2DD978-4873-476E-81F0-259309877608}",NA,1,0,0,6,1
"{2C808360-E89C-4C6C-8065-EFEE0E067355}",NA,1,0,1,1,0
"{63DD8A85-A5CE-4C6C-AE85-96302C9C2790}",NA,1,0,1,1,0
"{473DC88A-7DD1-4195-9988-F2AA5106A9FB}",NA,1,1,0,1,0
"{94C6B319-B956-43CF-BABB-FA99487BEF4E}",NA,1,0,0,1,0
"{2EC488A9-F994-4E7E-8B6D-B1F3481961A3}",1,1,0,0,1,0
"{E2B2DD30-0BCB-4E47-9994-02A49FE1553D}",NA,0,0,0,1,0
"{6CD51F3E-F401-447A-BB91-121A91C20ADF}",NA,NA,NA,NA,NA,NA
"{2707C597-41AC-4D6E-B9DC-D152A43FC644}",NA,NA,0,0,7,0
"{54AA717E-70D8-4207-AEE5-2E92A20D3F03}",NA,1,0,0,1,0
"{7BC40395-481B-4D2E-9C2F-A240D73DACA1}",NA,1,1,0,1,0
"{928BE820-131B-492C-B179-F178CFE1D818}",NA,0,0,1,1,0
"{E7A4CF67-3452-4817-A226-3A3FC9BE427F}",NA,1,0,1,1,0
"{7DC2FDE1-F91B-42F3-A1A8-A457BCFB9CE6}",NA,0,1,0,1,0
"{E1FF263A-1818-4DB8-A931-60C3776EA0F9}",NA,0,0,1,1,0
"{ABB1F93B-292A-466C-B66B-FC5E97E28680}",NA,0,0,0,1,0
"{36816A60-C171-4891-B6DD-F7C668DD1E8A}",NA,NA,NA,NA,NA,NA
"{D28D9F14-526B-4232-87AE-9E969BEEC609}",NA,1,0,0,1,0
"{06DC85C1-59E0-495A-8B34-515F0C674CB0}",NA,0,0,0,1,0
"{4352ED09-D0D2-48A5-86EB-2D646D1108AA}",NA,1,0,0,1,0
"{6DEF8770-0CC1-4DEA-B196-5A308E98FA8D}",NA,1,0,0,1,0
"{ECE4F454-B072-414A-A5BB-5A737289F05A}",NA,1,0,0,1,0
"{E5C34402-FFD1-424C-8C5B-B35065CB7881}",NA,1,0,0,1,0
"{A2172C54-3D36-4C91-995F-641BA0AA91B1}",NA,NA,NA,NA,NA,NA
"{7B22733B-DD84-4932-BE29-EA437F385911}",NA,0,0,0,1,0
"{FDB29518-059E-40E4-BA6F-EB06279A2D75}",NA,1,1,0,7,0
"{855156F5-9EA9-414E-8266-3FF5BB308CAD}",NA,NA,NA,NA,NA,NA
"{2BE461D4-66CE-428E-8274-B50E9F32950F}",NA,1,1,0,1,0
"{DFBCB18D-F3E2-403C-B107-856EF8532AFD}",NA,0,0,1,1,0
"{CC1B786E-31E5-4610-B8FA-7078FEABD219}",NA,1,1,0,1,0
"{A9B99C8F-32EC-405C-B330-3193D1C2B48D}",NA,NA,NA,NA,NA,NA
"{F413B2BC-B8FC-4EC2-91A6-CC7B46109740}",NA,0,0,0,4,1
"{F3E163BF-640B-4AE0-9079-52A14A8B37C5}",NA,0,0,0,1,0
"{614D9717-1A0F-448A-9209-FFF707ABF752}",NA,NA,NA,NA,NA,NA
"{8485F7F7-E4A2-46D5-9324-4DCC4D35BED5}",NA,0,0,0,1,0
"{55F95FDD-C1E9-4ECB-A742-8997710FE0EB}",NA,NA,NA,NA,NA,NA
"{073299AE-39CD-4AB2-80A7-74AB80AC4D15}",NA,0,1,0,1,0
"{DFED05E2-6FBA-4394-BFEF-FE099F8218FD}",NA,NA,NA,NA,NA,NA
"{89871114-568B-4DDE-8D51-6C4FE5F5CB4B}",1,NA,NA,NA,NA,NA
"{C8B3AFDD-9943-4D29-9EEE-E9712F9D5516}",NA,NA,NA,NA,NA,NA
"{4D443919-2242-4F7F-8D90-4FA48C46EDF2}",NA,NA,NA,NA,NA,NA
"{5E5C99D9-356F-4B28-B541-EFD4D93B24CB}",NA,0,0,0,1,0
"{20968430-4F86-4839-8816-80C6A3245AA6}",NA,0,0,0,1,0
"{1DEBA428-6A60-49B9-B7F9-C290AE6FBED9}",NA,1,1,0,1,0
"{A7CE5E1B-971A-4085-8FDB-87CF21D3B8D7}",NA,1,0,0,2,1
"{D91D5778-3778-4FCD-98B1-F212E3D2DED7}",NA,0,0,0,2,1
"{4ACBE30E-FE7E-4C3A-8C94-B2803F1EDC7D}",NA,1,0,0,2,1
"{44BE69A4-07FD-4095-AD33-EC54C595BDC9}",NA,1,0,0,1,0
"{87DE3CBF-B4B1-48F5-9C80-C1D579F82547}",NA,NA,NA,NA,NA,NA
"{0238B6D7-070C-4231-8F4B-A622B942C275}",NA,1,1,0,1,0
"{28406D29-D318-4480-9FFC-15608145BB95}",1,1,0,0,1,0
"{177B5C16-1252-4156-A3A8-3333FCA73507}",NA,1,0,0,1,0
"{0703A450-58B4-430E-8CD0-067DD27319D9}",NA,0,0,0,1,0
"{BAD105EA-81BD-4B53-8801-06F8174B62D0}",NA,0,1,0,1,0
"{0EC1D54F-7677-466A-AD97-39F7355123C4}",1,NA,NA,NA,NA,NA
"{02E264AC-4B94-4491-B3F6-FD94BFFC7F9A}",1,NA,NA,NA,NA,NA
"{E938BE16-BECF-40F6-B6C3-61786CBED09E}",NA,0,0,1,4,1
"{5131F2AD-BF20-4CB0-85CD-7DA85AEB3672}",NA,NA,NA,NA,NA,NA
"{FAC63EAB-F3D8-4C3D-8BB6-FFB15A78A440}",NA,0,1,0,1,0
"{6585940F-CAA0-4D69-AEB7-B8E72D0B8E95}",NA,1,0,0,1,0
"{E1C0DDA2-A061-4BEE-AD57-62446B812F4A}",NA,0,1,0,1,0
"{A93DA853-0338-4F7D-B578-EDE5E42A3705}",NA,1,0,0,1,0
"{9F50E954-D10A-4C4C-AF71-3DD74C391871}",NA,1,0,0,1,0
"{7B23B71C-56E6-4BBD-986D-E16607F08AE6}",NA,0,0,0,1,0
"{02927BE7-D1F3-4E28-9016-1DF81BFD79CD}",NA,0,0,0,1,0
"{E6CF16A1-E5B2-430C-A6AE-735E41B29C1B}",NA,0,0,0,1,0
"{EEF6FB9A-9B63-48CE-BE06-68682D2EEA85}",NA,0,0,0,1,0
"{A8EA97E2-E59C-489F-BDB4-F266A6395DF5}",NA,0,0,0,1,0
"{92ACC08E-CC97-4993-B61E-39C65A61FD97}",NA,1,1,0,1,0
"{AA2244FE-ED32-45B7-9880-E241701550AA}",NA,0,0,0,1,0
"{8519D932-276B-496A-8695-C0CCA8CE004D}",NA,1,0,0,1,0
"{9E4A9CC3-54A4-47F6-822B-094088B5490D}",2,1,0,0,1,0
"{B120734D-48DB-4A78-9C1B-6400A13F3E86}",NA,1,0,0,1,0
"{3A715436-05EC-428F-84B0-574B2793F4C8}",NA,1,0,1,1,0
"{145EED4C-57CC-4522-8BD7-167116D60374}",NA,0,0,0,1,0
"{7423D5A1-28AF-4A85-9671-CA63798CF95C}",NA,0,1,0,1,0
"{39F67C9B-553A-4417-A053-7EF8BC0B9220}",NA,NA,NA,NA,NA,NA
"{F6F3D4AF-6692-4C04-9056-361A8991FCFB}",NA,NA,NA,NA,NA,NA
"{402E78F5-0B80-493C-BCB0-B7F52E403267}",NA,1,0,1,1,0
"{5E5772F3-4D7F-42E2-9EF2-13F4D887F5F8}",NA,1,0,0,1,0
"{3AB3B3C8-99E5-40A8-AB37-27B114A31267}",NA,1,1,0,1,0
"{88A14668-77B5-4A74-8C7B-A4212C1B6E73}",NA,NA,NA,NA,NA,NA
"{452DE745-4B09-465C-8040-9E0928AFA04A}",NA,1,0,1,1,0
"{08367F49-E24D-4475-B2A0-AF0773B23703}",NA,NA,NA,NA,NA,NA
"{4F5E4FC2-4078-48D9-AC60-0C1B95DEB2C7}",NA,0,1,1,1,0
"{32961816-5264-43DD-9CC9-B75DDF5A8C58}",NA,0,0,0,1,0
"{CE867A11-52A2-4399-B550-B8123D31AA4B}",NA,0,0,0,1,0
"{7CF2D6D4-D5AC-4179-941A-080197D89CD1}",NA,0,0,0,1,0
"{52BC9FB3-D53A-4EDD-85F9-CA573C6A44BE}",NA,NA,NA,NA,NA,NA
"{BF439F76-3375-4F45-B5E2-2D745D067D8E}",NA,0,1,0,1,0
"{4320EE0C-B446-4621-8894-226570FB9A31}",NA,1,1,0,1,0
"{36532C7E-2059-4BCC-9A1D-29B8AD2F4D39}",NA,NA,NA,NA,NA,NA
"{DCAC954D-72CF-489F-A132-1D35D611551A}",NA,NA,NA,NA,NA,NA
"{028D0CF8-4954-44D6-8F06-D2D34327212B}",NA,NA,NA,NA,NA,NA
"{59F01933-9660-476C-A03F-F73EA3A1C508}",NA,0,0,0,1,0
"{CF490773-9187-421A-9609-B97A6B4E1B45}",NA,NA,NA,NA,NA,NA
"{51761728-2074-44BC-AF6B-FE6BB101EB03}",NA,NA,NA,NA,NA,NA
"{0B6AA093-FBFB-40F5-A7EE-20F6A25A8056}",NA,NA,NA,NA,NA,NA
"{C2CAFD1F-C1FC-4B84-8FD9-8F1CFECBD0C2}",NA,1,0,0,1,0
"{8EC1DDB7-EEBA-4D56-8E85-2405AC8CF769}",NA,1,0,0,1,0
"{0FBFA4B4-61EC-4D23-AFB8-B8554E3D5064}",NA,NA,NA,NA,NA,NA
"{8AA01644-1365-4DAC-A839-EFAADC3C3322}",NA,1,0,0,1,0
"{46E5C425-8741-4163-ACE2-2CE8890F6816}",NA,1,0,0,1,0
"{70D92490-302A-4B73-8E63-FC2F8C81CCE3}",NA,0,0,0,1,0
"{D9EBB22A-F088-4773-8014-BB746C309735}",NA,1,0,0,1,0
"{5370E312-E931-449C-B8F0-5CCF562BCF84}",1,0,0,0,1,0
"{247FE80D-590C-410A-8DBE-7539DF9E4A89}",NA,1,0,0,1,0
"{6AE647CC-7567-4D74-8F2C-99CCFDC229FF}",NA,0,0,0,1,0
"{9234244E-318C-48EE-ACA0-F14306E29443}",NA,NA,NA,NA,NA,NA
"{DFFA98C0-51B0-4B3E-A932-07E43F9C410A}",NA,NA,NA,NA,NA,NA
"{4BBA863A-1A9A-44E2-9E00-A3B0FBD84603}",NA,1,0,0,1,0
"{BBDB8DA7-4E49-4EFA-9632-468D14615F3E}",NA,1,0,0,1,0
"{930FA805-E52B-4AB1-A7FE-1159AC97106C}",NA,1,0,0,1,0
"{EA97F057-8101-4028-9ACE-859063C4DD7C}",NA,1,1,0,1,0
"{056684B2-21C6-4784-A604-DBB0CAC20C9B}",NA,0,1,0,1,0
"{4AC79BB1-2358-4042-AAA9-5DAF9C9F95B3}",NA,1,0,0,1,0
"{2B23DAC6-67D4-4E9C-9DA9-87DCD9F2226E}",NA,0,0,0,1,0
"{E08BB614-18B7-42E7-BCF0-7550A8819CAD}",NA,0,0,0,1,0
"{00830927-F3EB-4CB5-BD15-B49602013C7F}",NA,1,0,0,1,0
"{F07A1C04-DBA3-48AE-9770-7F033AE52EBA}",NA,1,0,1,1,0
"{D69B63B6-113A-40F5-B77A-503D76EA83D4}",NA,NA,NA,NA,NA,NA
"{FC9EFC62-B166-45EA-9147-4751DFE351AC}",NA,1,0,0,1,0
"{07C59344-D55A-4928-82D0-80EC71FBFF26}",1,1,0,1,1,0
"{252FDEAD-3DD2-4F3A-B72D-701738225CC9}",NA,0,0,1,1,0
"{9C819295-5501-4E73-9D05-69609A689BA2}",NA,0,1,0,1,0
"{1AA6B089-A538-4765-BA27-762870236D2C}",NA,1,1,0,1,0
"{B0FCDE5D-9B09-4C91-A229-2EB0649FFF96}",NA,1,0,0,1,0
"{3F2EAD30-7211-4D9F-9877-84C790197180}",1,1,0,0,1,0
"{E6786C48-264B-4A6C-937B-D08DEA0FBA4D}",NA,0,0,0,1,0
"{9EA5830F-D57F-4FB7-BD6E-C8F75C331831}",NA,1,0,1,1,0
"{A5B3E9E0-6F6B-437A-9CAA-B009C1277DF4}",NA,0,0,0,1,0
"{166F70AD-6388-4D7B-B8E6-3BE3643C0A10}",2,1,0,0,1,0
"{A97C9C1C-23BC-42B4-9788-3227909741D8}",NA,NA,0,0,1,0
"{DE3BCA60-456D-473E-B713-CFCA574DF9FD}",NA,1,0,0,1,0
"{9A30708D-650B-41E4-AE77-1E6A31C69588}",NA,1,0,0,1,0
"{88091638-04C1-4C99-B19E-52BF428C05F2}",1,0,0,0,1,0
"{32144281-DD87-4AAA-9401-B96B7E3D48C6}",NA,NA,0,1,7,0
"{D723AB50-5B76-40DC-88D0-EC5087F9073B}",NA,1,0,0,1,0
"{29F4D0AD-2529-4C5B-BABC-759D9330ED42}",NA,0,1,0,2,1
"{97A9279C-0236-487C-AE24-EEB9579631D6}",1,0,0,1,1,0
"{80E7BCF4-8437-45ED-B1BE-E6954AA3F3C5}",NA,0,0,0,1,0
"{C7C49B12-CBC3-4DDD-854B-6F78FFC7FA65}",NA,0,0,0,1,0
"{79ABEF97-9E91-4C20-86C4-F48668DD4F24}",NA,1,0,0,1,0
"{EA47D86E-0C21-400B-80C7-D8F9C264EC12}",NA,1,0,0,2,1
"{E742EF50-9553-4214-8B46-3AC12B2C6E62}",NA,0,1,0,1,0
"{2127CB94-AC64-49A6-85A7-A809C6B7DE62}",NA,1,0,0,1,0
"{493A05E5-AE4E-403E-9E19-0112E24AEFD8}",1,1,0,1,3,1
"{7E9023B0-75B3-4EC3-9379-2D9BB7454815}",NA,0,0,0,7,0
"{253A6464-B102-4C5E-BA71-AF8964EACC37}",NA,1,0,0,1,0
"{B63FC380-862D-417F-9686-F87B2121F9B8}",1,1,0,0,1,0
"{FBE5CD22-77A7-4AA7-94FB-D946F340FD9B}",1,1,0,1,1,0
"{84B8F3C2-EE02-4089-BFC6-AF4EAEC1517B}",NA,0,0,0,1,0
"{096421AA-EA4F-4B83-94B9-97FA660623F8}",NA,0,0,0,1,0
"{E6F26610-879B-4C4B-9DA4-ACD14A28A4C9}",NA,0,0,0,1,0
"{E81F1A1D-6FEA-4870-95CD-61DBC06B25CC}",NA,0,0,0,1,0
"{768001F2-2988-47FB-B72D-8E043523E95B}",NA,1,1,0,1,0
"{6A721A14-B396-421E-A36B-8C4EDE937FED}",1,NA,NA,NA,NA,NA
"{BD06886E-6279-4A5B-9CC6-B4A9F050834F}",NA,1,0,0,1,0
"{CB112431-6A0F-4CF6-8189-484BD1EF460D}",NA,NA,NA,NA,NA,NA
"{D005B8D0-B735-4C52-B02C-A746B4C82346}",NA,0,0,0,1,0
"{7645E894-D1D6-49AE-AF58-DE834E596A0F}",1,0,1,0,1,0
"{FB5B58F0-143B-49B8-ACAD-77D679456D6E}",NA,0,0,0,1,0
"{65B2B2D9-A589-41A0-A28D-240E36DC8FDE}",NA,0,0,0,1,0
"{9D8AF8EF-7A84-49D6-89BD-52F250B539D2}",NA,0,0,0,1,0
"{F8611780-5406-4D88-918D-F5777B683FBE}",NA,NA,NA,NA,NA,NA
"{F97AE7DA-EBA5-4076-8767-0861B4E1FE6E}",NA,0,0,0,1,0
"{E5D319BE-C8C1-4236-9613-961FB237B678}",NA,0,0,0,1,0
"{D6073CB9-8699-4669-863A-9B6B39518408}",NA,0,1,0,1,0
"{6A52CDFB-996E-42DD-8CB4-80AB0AE021B1}",NA,0,0,0,1,0
"{56609F46-DFC8-4741-B5F1-1D3ECCFF984B}",NA,NA,NA,NA,NA,NA
"{D59A2530-0A01-490F-8930-F0246E8C8EEB}",NA,0,1,0,1,0
"{AF1AAE1F-EBFF-4491-9464-BA5E5964E6C9}",NA,NA,NA,NA,NA,NA
"{3969EAAD-E8EF-4890-9677-9A20D8DADE9C}",NA,NA,NA,NA,NA,NA
"{8B829B4B-107B-4C82-9864-C6C7DB2913DE}",NA,1,0,0,1,0
"{2B25F6C3-5571-40D4-9057-D8016AAC733D}",NA,NA,NA,NA,NA,NA
"{B18BDB70-79A2-4DF7-8D35-C1F5D24C3FE7}",NA,1,0,1,1,0
"{25AD3744-3566-4ED3-AD5C-E535580AA26A}",NA,0,0,1,1,0
"{EAD00386-8E28-4B31-90D6-D5F084E5D160}",NA,1,0,1,1,0
"{9C1EAE43-9E45-41B2-B1E8-172C4365DB03}",NA,1,0,1,4,1
"{96C7D768-A664-4307-B47F-7CC6FF693542}",NA,1,0,1,2,1
"{E64E6B93-1F55-48A8-9485-3C35DC9A7F49}",NA,0,0,1,2,1
"{0D6B66DA-99EF-4438-9F8A-B8C993112D85}",NA,1,0,0,7,0
"{A04BDE06-1D03-41A9-8681-690343B52E4F}",NA,1,0,0,1,0
"{BBC099F6-4A0B-4EF6-8431-9FDB2F321796}",NA,1,0,0,1,0
"{89B7E384-81CA-41C7-8F4B-FCE235490068}",NA,1,0,0,1,0
"{489BDEF6-3DD0-45E9-98E1-F88CD6C56ED6}",NA,1,0,0,1,0
"{06A492BC-7254-4BA0-A65C-72F946DCE8F4}",NA,1,1,0,1,0
"{58D2617D-E551-4A36-941B-7A006C0F41CA}",NA,0,0,0,2,1
"{4F3B772A-57AE-4FE2-9E33-F9C60EB031FC}",NA,1,0,0,1,0
"{59D34607-A1EB-47E9-A3C4-46D8EABAE9E0}",NA,1,0,1,1,0
"{57A276E3-70B8-4A1A-9967-B4504985D4C4}",NA,1,0,1,1,0
"{89023C5D-6452-4A72-8D69-94654B5E966A}",NA,1,0,1,1,0
"{757F02F9-F8DB-422F-86C0-469465713987}",NA,NA,NA,NA,NA,NA
"{F08E1795-DD65-43F0-A75E-F4917C02B371}",NA,0,0,0,1,0
"{9A3E5EBE-880A-4710-A258-8E4A9178A19D}",NA,0,0,0,1,0
"{BD7AB8F0-ACC0-4C29-87B7-24576D2741DE}",NA,0,0,0,1,0
"{75579CA5-C019-4F42-8D9F-D33036112782}",NA,1,0,1,1,0
"{B2B0A68C-C51E-4E36-B5E9-D24040383747}",NA,1,0,0,1,0
"{F78513A2-A06A-4F48-9F88-76F5DBACF46A}",NA,1,0,0,1,0
"{336F76CA-90A6-496B-A22C-95C038537F54}",2,1,0,0,3,1
"{B2BAD7C9-63E6-4A39-AEF3-CCB0698669F7}",NA,0,0,0,1,0
"{01B3BC71-2D52-412D-8DE8-C9E24EA137BA}",NA,1,0,0,1,0
"{C3FA7EC2-E865-46FC-A520-380B41AFCF7D}",NA,0,0,0,1,0
"{D89F7BC5-691C-4CAA-BD26-8A44DF193775}",NA,0,0,0,1,0
"{4CCB9687-C17D-4DA3-961E-6850CFB465E5}",1,0,0,0,1,0
"{BB27871A-8FE0-4FE1-88D9-2E9B410DBC13}",NA,1,0,1,1,0
"{E0C09E67-42B2-481B-9F71-3FF5EF6B3460}",NA,1,0,0,7,0
"{F619B044-D9AB-48C0-AE33-929D6C3DC39D}",NA,NA,NA,NA,NA,NA
"{4EF799CE-63F8-4788-8A3A-C9F9CC897F1A}",NA,1,0,0,1,0
"{17129436-658C-46CC-8CCF-59E1748EF13F}",NA,1,0,0,7,0
"{AC8E469F-5B6F-4673-8FA8-53E60F474D95}",NA,1,0,0,1,0
"{D7F7B167-DC53-433F-9288-5B0738CCD69A}",NA,NA,NA,NA,NA,NA
"{6F627ACA-1062-45CB-9CAB-F6391D43469A}",NA,0,0,0,1,0
"{4495C34E-9FE2-4D2D-ACAA-3A4AE1C5D22D}",NA,0,0,1,1,0
"{8D7C78F4-64C0-4534-A436-5BDD9116402E}",NA,1,0,0,1,0
"{214D45DE-831E-4737-B44A-830141291990}",NA,NA,NA,NA,NA,NA
"{8BEB652C-2686-42BE-ACBB-165E740ABB51}",NA,0,0,0,1,0
"{9219F7C6-AABC-4B4A-9C58-BDF4C80FB90C}",NA,NA,NA,NA,NA,NA
"{455C2F05-BE33-4D15-9FC8-CB841761ACD2}",NA,NA,NA,NA,NA,NA
"{17052CA1-39A9-4895-8D1B-A6654C29D8EF}",NA,NA,NA,NA,NA,NA
"{7C2C8C10-6C8C-4655-A4F3-A92B3062848F}",NA,0,0,0,1,0
"{7A9C9740-710F-4023-B83F-C627FD368BB4}",NA,NA,NA,NA,NA,NA
"{CC5B178E-397D-4C76-A376-201A27B2B3B5}",NA,NA,NA,NA,NA,NA
"{1998A6C6-2213-4A30-9183-51BFB9F8043E}",NA,NA,NA,NA,NA,NA
"{D1762D58-55C7-41C5-95A5-876BFBECE9A1}",NA,0,0,0,1,0
"{97BCD9E4-D938-4526-85C7-EF55587FAA97}",1,1,0,1,1,0
"{4068D4BF-24C7-466C-9E77-DF7F63E83473}",NA,0,0,0,1,0
"{E6C3F821-2F59-4AC6-91C9-3982270F71AE}",NA,NA,NA,NA,NA,NA
"{4786FA95-4677-4B04-9991-2631A1EEC1C8}",2,0,0,1,1,0
"{D2A47713-ECBC-4EBD-83DC-FEEED567C952}",NA,1,0,0,7,0
"{BBA5C64C-E4CC-41E8-9916-5482026148F8}",NA,NA,NA,NA,NA,NA
"{B94647A2-3DFE-45DD-83F5-7DE3B4D96AA7}",NA,1,0,0,1,0
"{008D80FE-05EB-42D2-808D-790D5D1F039F}",NA,0,0,1,1,0
"{BEC8EDBB-6F48-4357-974F-B16892BFBC29}",NA,1,1,0,1,0
"{723421D5-C3C1-47AA-A715-83846F9F6DDB}",1,1,1,0,1,0
"{551B644F-378F-4E41-AB46-A65EB6CAF1D3}",NA,NA,NA,NA,NA,NA
"{1208804E-9BF9-4FEC-A615-00965B16FCDB}",NA,1,0,0,1,0
"{E3C3492F-F198-4EA3-AA6E-16BF868B0CD3}",NA,0,0,0,1,0
"{6447E7FD-519E-46FD-B2FA-75DA504E33C9}",NA,0,0,0,1,0
"{92F732E2-2735-4868-8575-560452669F56}",NA,1,0,0,1,0
"{CBC230C2-DEBD-42AF-8467-F39F7B9C30F9}",NA,1,0,0,1,0
"{6718FE37-8255-4CF8-B5D8-C1D517AA2F34}",1,NA,NA,NA,NA,NA
"{E1554620-3E2C-4B2E-ACF6-0050157E6016}",1,0,0,0,1,0
"{C0AB5324-D0F8-44A7-9B2B-EEA6DBE83D02}",NA,NA,NA,NA,NA,NA
"{7B55D084-EC2F-4FE3-B9F4-0D7A38DEF5F6}",1,0,0,0,1,0
"{E4F10634-4E4E-47F2-903E-6D4D1E42592A}",NA,1,0,0,1,0
"{09E38D39-A8F1-4244-81FF-8A9BC7880FC3}",NA,1,0,1,2,1
"{DB72B1EB-1D90-4610-9184-3752013B0113}",NA,1,0,0,1,0
"{8798495A-53F1-4DBD-8031-EADAF8E83510}",NA,NA,NA,NA,NA,NA
"{90D9D5E4-5741-4DA4-8F30-490090BD052F}",NA,NA,NA,NA,NA,NA
"{D44B5927-A5CF-4902-BA0B-68732FDB605B}",NA,NA,NA,NA,NA,NA
"{FA42EE0B-3F5A-4FE8-A396-D89B3004A76F}",NA,NA,NA,NA,NA,NA
"{2D6146B3-6D66-4777-B99B-44BC1875EA69}",NA,1,0,1,1,0
"{2BBD3D1C-0BC3-4155-A139-E5E72B5FAC86}",NA,0,0,0,1,0
"{E96CCEFD-1A58-4138-B345-E49FDBB510CD}",NA,0,0,0,7,0
"{AD92446D-6153-4276-BA2D-22E42F2513B4}",NA,0,0,0,7,0
"{DE35C465-E852-48D2-ABAB-43A40EA349DA}",NA,NA,NA,NA,NA,NA
"{CA384DC4-21E5-438F-B32C-A665828C1F9C}",NA,0,0,0,1,0
"{148FB15E-4502-42FE-810D-00C7549CB1F6}",NA,1,0,0,1,0
"{FC0062AC-F088-4A6C-8303-B2C88EA84E67}",NA,NA,NA,NA,NA,NA
"{24246F2A-C7D8-4DFA-BA31-1587D45EA412}",NA,0,0,1,1,0
"{E9AA1D49-1E2F-4910-AA3A-7BFE365203A0}",NA,1,1,0,1,0
"{E0972E77-37A7-4D96-AC50-9C11027F0421}",1,0,0,0,1,0
"{5C9FDB84-023D-41D7-8618-3C3E6249DE9D}",NA,1,1,1,1,0
"{C56CB71F-CE85-48AE-BD03-778A6DF8AFA0}",NA,0,1,0,1,0
"{0B731772-CF12-4199-8B69-CC9C20B03741}",NA,1,0,0,1,0
"{9A2E59A6-6FCB-4CDB-AD46-C913F92CE51A}",NA,1,0,1,1,0
"{ACAC44A6-736E-4815-B374-5C2014F871B2}",NA,1,0,1,1,0
"{A70873D7-CEEA-490B-ACB0-E8EA5C48CE11}",1,1,0,1,1,0
"{B01FD0BD-DC54-4CB4-8652-83A34A32FA3F}",NA,1,0,1,1,0
"{1E6D9028-531F-4480-A8B5-22C39D404704}",NA,1,0,0,1,0
"{7F631753-2F46-4A64-8EE4-C95F58DFEA5C}",NA,1,0,1,1,0
"{843B4CEF-9565-44FA-AE15-D85DB9AFDAA1}",NA,1,0,0,1,0
"{36EA0AD7-2C04-455E-920B-1E53056E4721}",NA,1,0,0,1,0
"{8F0CDC85-833B-4770-A30E-7527B1C3D26C}",NA,1,0,0,1,0
"{81A2AFA7-29E1-4E89-A197-57D2634767FA}",NA,1,0,0,1,0
"{12F0AF11-8B5C-491F-906A-4CA83910509B}",NA,0,0,0,1,0
"{9D86DD6D-E45F-4761-9462-D128C63B9030}",NA,0,1,0,1,0
"{B3AB6B3F-A54F-4061-B781-717E36367333}",NA,1,0,1,2,1
"{22F2709B-9CA0-43F3-BA02-52B523E18724}",2,1,0,0,1,0
"{C853A2A2-5F8F-4825-8F87-DD93AC163930}",NA,1,0,0,1,0
"{52D71FDF-E88F-419A-BC96-5E799AC21FC0}",NA,1,1,0,1,0
"{7019D9D5-C8B3-4DD9-B6C2-45606026024B}",NA,1,0,0,1,0
"{E1D2BD82-BB73-42E7-8E74-C246436C9537}",NA,1,0,1,1,0
"{3F8A2486-C76A-424D-B1AF-D8C51D27F011}",NA,0,0,0,1,0
"{4035EEE3-E672-4D93-AED0-C1D7D6890BDF}",NA,1,0,0,1,0
"{526A4241-7EB4-4686-974C-BBEC2BBFE409}",NA,NA,NA,NA,NA,NA
"{29F70069-4147-4BF9-97F0-1D1A9F470A21}",NA,NA,NA,NA,NA,NA
"{1731BE28-A9E9-4E72-91F8-DD85045689DC}",NA,NA,NA,NA,NA,NA
"{0CBD284F-E618-4C40-83C9-9CFFFBDCD2EF}",NA,0,0,0,1,0
"{27E91213-89E9-46FD-AC01-A289B12540F7}",1,NA,NA,NA,NA,NA
"{E210F109-8C5D-4E8B-97C4-1C54600EC13F}",NA,NA,NA,NA,NA,NA
"{EDF92F1E-7A7C-44DB-8CD9-F848CD5B34C2}",NA,NA,NA,NA,NA,NA
"{D353607D-5E61-4277-AEFB-0336197D8ECD}",NA,NA,NA,NA,NA,NA
"{68C0E9E7-6F87-4144-869F-DEEFC92A2487}",NA,0,0,0,1,0
"{1B9E0447-D95D-4B0A-B311-603634D11C4D}",NA,0,0,0,1,0
"{F00DD6CF-B9BA-4BE4-8D05-105F1BD693F8}",1,NA,NA,NA,NA,NA
"{F536B876-9FFF-4159-BEBE-8DEF5F60BCC1}",NA,0,0,0,1,0
"{FE3912CC-F113-4DB8-9E53-ABA10251999B}",NA,0,1,0,1,0
"{F41DC8EF-75B0-4F24-B40F-547BA44BB9EF}",1,NA,NA,NA,NA,NA
"{D971189B-87FD-444E-BC53-6CBD3581CE4E}",NA,0,0,0,1,0
"{D48372F2-C4A2-4F03-AEC8-C196D89724BE}",NA,NA,NA,NA,NA,NA
"{0E12CFF3-458F-4580-875A-0F887D20B519}",NA,NA,NA,NA,NA,NA
"{53047C52-4DA0-4023-9A1E-555F81691CCB}",NA,NA,NA,NA,NA,NA
"{A0E4898F-52ED-4CF8-BB3A-517C3CADE957}",NA,0,1,0,1,0
"{91E4F7A9-E9F7-4B63-A6E1-3C7919741FC2}",NA,0,0,0,1,0
"{FE9B7E18-55F6-4F81-82DF-AE54132B5FE0}",NA,1,0,0,1,0
"{417BD574-115D-4EA9-AA62-033DB2C6F62B}",NA,0,0,0,1,0
"{1D8BD4A9-68D1-4F88-A822-77A708BC9CB9}",1,NA,NA,NA,NA,NA
"{2D100CC3-8E39-4FE9-A05A-9E61C1D932F6}",NA,0,0,0,1,0
"{EC98C35E-B2E3-421A-A4FC-02FB5724697F}",NA,NA,NA,NA,NA,NA
"{5A4B08D9-7E70-4B65-A637-EA54B3E983B6}",NA,1,0,1,1,0
"{025733C5-4372-4441-A254-A14798A62ECA}",2,1,0,1,1,0
"{ED44A96C-9221-4881-906A-DE30F3EBAF10}",1,0,0,0,1,0
"{197C8D4B-ABC1-4322-B492-C7B37DF92931}",2,0,0,0,1,0
"{961052F6-3D6F-486E-9EEB-79563AB57B6E}",NA,NA,NA,NA,NA,NA
"{3D6B7D0B-92D8-4625-B58F-826E0969A527}",NA,NA,NA,NA,NA,NA
"{DF5C222A-745D-4731-876A-03B8B8068305}",NA,NA,NA,NA,NA,NA
"{088B0191-D7DA-4060-B7B7-5D6C9F386699}",NA,NA,NA,NA,NA,NA
"{62B3A3CE-DE77-4882-BA84-85E9F52E44DF}",NA,1,0,1,1,0
"{BBD77D12-28DC-4006-8D89-E415E69C342C}",1,1,0,0,1,0
"{3BDBF583-AAEA-401D-9700-116F44E8DAEE}",2,0,0,1,1,0
"{4D107A8C-8BCD-45FB-A1E4-AB3B23E9CCEE}",NA,NA,0,0,7,0
"{DC789A0B-EAF8-4DA5-8EED-CB3000AA4E2A}",NA,0,0,0,7,0
"{016BF50A-2812-43BE-A467-E79AE3B4AAA9}",NA,1,0,0,1,0
"{4B02F5A6-F9DA-475E-9329-F2B4497B155B}",NA,1,0,0,1,0
"{18929DB6-233F-4BCE-9183-D69AC628A8B9}",NA,0,0,0,1,0
"{1F0E4E6D-D640-445D-9035-CB786A2DEB89}",NA,1,0,0,1,0
"{64E2A092-B5D1-4F84-948B-6FA268EDC1D9}",NA,1,0,0,1,0
"{6BFED95F-270A-450B-91BE-D5DFB6A3A28E}",NA,0,0,0,1,0
"{75C592FE-A4E7-4610-A316-FC3778121101}",NA,1,0,1,1,0
"{39951FB6-A51E-40CA-B114-5DDDF681A6A3}",NA,1,0,0,7,0
"{0A417726-28CD-47ED-9238-4AA574B64B76}",NA,1,1,0,1,0
"{F07226E6-2D8E-4029-8BCE-71DB0871FA9C}",NA,0,0,1,7,0
"{291719ED-B56C-4637-B137-F30FD8F08BF5}",NA,0,0,0,1,0
"{0D126248-15CC-44E0-8621-4EFB7D3548E3}",NA,0,0,1,1,0
"{F249BC3F-700A-4B78-B4CB-28EEC28D230E}",NA,0,0,0,1,0
"{C221732F-9BBD-4896-A734-0B95C26EFC06}",NA,0,0,0,1,0
"{6542F810-DBC8-420C-A789-44B12B5D02E9}",NA,0,0,0,7,0
"{AA27274D-3D60-483C-BF29-BFDCC1627BB1}",NA,1,1,0,1,0
"{0BDB5705-3C7A-41A5-ABB6-C6C8126EBE90}",NA,NA,NA,NA,NA,NA
"{3E68EF3C-A3D0-4D66-BC97-31796C32F9EA}",NA,0,0,0,1,0
"{51DE5008-B2F6-4A24-A3A9-C13B39530B90}",NA,0,0,0,1,0
"{0C65D34E-0FCE-4414-BED2-CAA55F0A41BF}",NA,0,0,0,1,0
"{924E607E-23D4-4B06-A739-AAC5FDB215AB}",NA,1,0,0,1,0
"{166A668C-FDA4-42F4-A1AF-7BF8FFB0AFCF}",1,1,0,0,1,0
"{E167A5BC-E2E1-495E-A328-3FBED31C3AB1}",NA,NA,NA,NA,NA,NA
"{FE7C7777-8B4E-4EF1-8B11-441DC6A22C01}",NA,NA,NA,NA,NA,NA
"{C89A2631-54B2-4AB6-9876-1C3C903A8623}",1,1,0,0,1,0
"{7F9A8391-BE0E-46AF-BE2A-363EA81987FA}",NA,0,0,0,1,0
"{36E39701-9EB3-4CAD-A417-70C1AB6436DB}",1,0,0,0,1,0
"{B6772E8D-0EFE-49CC-971E-F3339DDF18C6}",NA,0,1,0,1,0
"{C4F54919-6749-4F5F-808C-B9055A4FF7F6}",NA,0,0,1,1,0
"{E2B29BC4-7BB8-44B9-BFB5-E3BD84CD7402}",NA,0,0,0,1,0
"{8AA2264D-34EF-48CF-BDC2-8B85331D6CD4}",NA,0,0,0,1,0
"{94022336-9651-4382-8292-43565F7725A7}",NA,NA,NA,NA,NA,NA
"{D93AF3CA-C746-42A1-9653-4D8B3F725BCA}",NA,0,0,1,1,0
"{30608DB9-882E-4B89-AC12-2383FA5CB313}",NA,1,0,0,1,0
"{5DE66BD0-A776-47E4-9F7A-775E93D569A8}",1,1,1,0,1,0
"{0D16AC9D-ADAC-4961-A1F4-871F59FDBA63}",NA,1,0,0,1,0
"{C5AF89BA-93C7-4500-8807-C65682686B0E}",NA,1,0,0,1,0
"{F1B82335-E90D-4C5C-AB80-E9CC19FFAD1C}",NA,1,0,0,1,0
"{88BB677C-CCD4-42A7-8A44-72CDE9EBF8F6}",NA,1,0,0,1,0
"{76DEEC8C-23CE-4721-BB04-6A2FA4CFEF6A}",NA,NA,NA,NA,NA,NA
"{89B844E1-322E-45C4-93FC-EDF108648583}",NA,NA,NA,NA,NA,NA
"{505A6A9C-EA9F-435D-BFF9-0099986F97B8}",NA,1,0,0,1,0
"{0F8FF398-3697-4236-9839-856B5BF55CEC}",NA,NA,NA,NA,NA,NA
"{D8006980-F92F-4FE2-B1BA-AFDA967F6CF4}",NA,0,0,0,1,0
"{E2F8B78C-6FF0-4070-9351-E9B1435CDB53}",NA,1,0,0,1,0
"{43A558C6-EF57-40A1-8160-5D04AD617C66}",NA,1,0,0,1,0
"{BD26B49E-CA81-4401-A455-62575C6820FC}",NA,NA,NA,NA,NA,NA
"{0546E062-9F52-4046-8D81-CB9FA4017594}",NA,1,0,1,1,0
"{AE58389A-3BE4-4958-8180-00F90402EBA4}",2,1,0,1,1,0
"{1CDA711F-ECFC-421D-A147-6783B2A932BF}",NA,1,0,0,1,0
"{D4BEDD76-B8AA-4E9A-9DA4-5A7DC18182A3}",NA,1,0,1,1,0
"{48181A14-9737-4B36-8A58-DFB4637287AA}",NA,NA,NA,NA,NA,NA
"{C7C89AAA-B655-41FB-8B2F-B8F7805BE0C7}",NA,0,0,1,1,0
"{49968BA6-C042-4768-826B-E3166AA70132}",1,0,0,0,1,0
"{191EE051-53EE-4FF5-9228-6CE87C6C1977}",2,1,0,1,1,0
"{6FD889A6-B4F7-48A5-B301-F73E9BAE57C0}",NA,NA,NA,NA,NA,NA
"{070D3840-A088-482F-A1DB-D697D536CD77}",NA,0,0,0,1,0
"{0C773038-1D8D-4706-9E0C-2A37CAAE9AE6}",NA,1,0,0,1,0
"{0560246E-3A74-4738-88C8-7B8F81A38A96}",NA,0,0,0,1,0
"{59A87257-9C1F-486E-9C18-28DF1A0E80DC}",NA,1,0,0,1,0
"{10830620-0205-4306-84D5-9C86DF864012}",NA,1,0,0,1,0
"{665A5C48-0765-44EB-815C-E63705BF7645}",NA,0,0,0,1,0
"{18562A4A-A5A3-47D5-877D-5E0153439D41}",2,0,0,0,1,0
"{2397CF68-EFB7-4CCD-864B-BD8EA6CD599C}",NA,1,1,0,1,0
"{E8702D7C-6769-4E47-8CBA-9C3DED1B5813}",NA,1,1,0,1,0
"{F96BC887-4A34-4BC3-8E59-93A627071393}",NA,NA,NA,NA,NA,NA
"{2973CE59-213E-447F-BC35-C99D53965D77}",NA,1,0,0,1,0
"{C7004216-3B13-4E97-935C-87A076EEC032}",NA,1,0,0,1,0
"{ABBE4D5E-2FAA-444B-9BA2-E815BF83DD71}",NA,1,0,0,1,0
"{6CC28CCA-CF23-4712-9924-F927D4AD0DB7}",NA,NA,NA,NA,NA,NA
"{0ECEEDA1-7681-4B6D-989B-40FA096A2D83}",NA,1,0,0,4,1
"{972EF062-159B-4D9F-A3E3-94D4E386A1AB}",1,0,0,1,1,0
"{CA29BAF6-D0D2-46D6-8D4C-543A64728C74}",NA,0,1,1,1,0
"{D038BAD3-F507-488B-AC87-38755C961444}",NA,1,0,0,1,0
"{B24F321E-AD77-4B52-A37D-1542433BB065}",NA,0,1,0,1,0
"{644FDDAF-C09F-458A-B65E-10D02DB8558F}",NA,1,0,0,5,1
"{DC94D0F0-967E-43BC-88DB-ACC6D871C653}",NA,1,0,1,1,0
"{AA253D6F-C7F5-46F1-B4CF-CC4D9E5790D0}",NA,0,NA,NA,7,0
"{D3F8E597-70BB-4AB3-85DC-06A31B9AB276}",NA,0,0,0,1,0
"{8247074A-D171-4A82-8D21-7C32F4DFD9DE}",NA,0,0,1,1,0
"{A3A1DCCD-C64B-4A94-8498-35412360B64C}",NA,0,0,0,1,0
"{51DB1AE2-74DE-4983-BEB2-7417DE306815}",NA,1,0,0,1,0
"{6A6F08D5-7CCF-4DEE-A3C7-B502E805CD7C}",NA,1,0,1,1,0
"{8A3BCD01-3DC6-486E-B2F9-2EEAAF0D36CE}",NA,0,0,0,1,0
"{0BBC03C0-9599-4F1F-B822-FE2D783089D7}",NA,1,1,0,1,0
"{2C34FE91-CB01-48D9-9878-16F147B81153}",NA,0,0,0,1,0
"{512B43B7-63A0-4E3A-8687-0898F8E88710}",NA,0,0,1,1,0
"{7A4EB17A-7CFD-4FA7-B2C0-ABA2DC7E1B3E}",NA,0,0,1,1,0
"{AFE9069F-7FDA-432C-94A3-ADA413396CFF}",NA,NA,NA,NA,NA,NA
"{055C69F9-21C6-4ED5-80B2-2B82DD8C8826}",NA,1,0,0,1,0
"{7BCE9C89-B1F8-4350-A293-DCF2EF836F44}",NA,1,0,0,1,0
"{2DB416A4-A043-4BE9-9FB9-3D81E8EEA293}",NA,0,0,0,1,0
"{8ECC0F7D-4292-49E3-84A3-D6905415DD76}",NA,0,0,0,1,0
"{709CCA0F-6F7B-4ACE-9792-310224BE27C2}",NA,0,0,0,1,0
"{67C3FCBD-BCF9-4C9D-9A4A-D029E55E6585}",NA,0,0,0,1,0
"{A9947C2D-B40E-471E-AE50-14D0C859F933}",NA,0,0,0,1,0
"{72373065-603D-421B-8208-A89348FF47FD}",NA,NA,NA,NA,NA,NA
"{1737CE3C-F70E-49BB-9CA3-95A76CAAD54C}",NA,0,0,0,1,0
"{DE49EECE-0888-46ED-8322-FB023291C563}",NA,NA,NA,NA,NA,NA
"{65B76729-264F-40EE-9DA2-60CCE2311615}",NA,NA,NA,NA,NA,NA
"{D678101B-CA56-4658-B2F9-E004822AE4F1}",NA,0,0,0,1,0
"{8559CA09-582A-4A9E-8617-1AC62891D3D3}",NA,1,0,0,1,0
"{0ABF3B8B-A722-47C4-B0F5-F8C2310D934B}",NA,0,0,0,1,0
"{1CDC0190-DBD3-483A-BF88-30345F003E7D}",NA,0,0,0,4,1
"{B48D2BEE-666E-4D71-82BD-6B9A973FA2EF}",NA,0,0,1,1,0
"{A5094A26-5C2E-404E-9010-530A103F6C0A}",NA,0,1,0,1,0
"{30BFFBE2-472C-4881-99CF-57830B8B038D}",1,1,0,0,1,0
"{B4213E98-01AC-45BC-87DF-3949CE408E10}",NA,0,0,0,1,0
"{E9B0A92B-F02C-4178-8699-FB5173875B8A}",NA,0,0,0,1,0
"{1093E276-7183-4E2C-AE87-0541F85849D0}",NA,0,0,0,1,0
"{4490EE3F-C7CA-43A9-B46D-762A854DBF44}",NA,0,0,0,1,0
"{236AFA39-5FD2-4FE1-B7EC-D182B899427A}",NA,NA,NA,NA,NA,NA
"{AD5415EB-D6A0-4A88-AC19-717D5409D3C0}",NA,0,0,0,7,0
"{99D9EDF0-EE1F-445B-A165-901D3EDCB136}",NA,NA,NA,NA,NA,NA
"{B051CC61-DDD4-4E9F-A876-0BC1921BC3FE}",1,0,0,0,1,0
"{8AD711E8-C510-43DB-ACE1-6A9BCE67795E}",1,NA,NA,NA,NA,NA
"{58972341-9E53-441B-881B-885DCAE1923B}",2,0,0,0,1,0
"{74A7C784-D50C-4D7D-BED7-77F0C3DDA50F}",NA,0,1,0,1,0
"{47CAB326-A35D-47EF-BB57-19E6FD5D139D}",NA,0,0,0,1,0
"{8887A2B1-2B21-473F-AEE8-CCD850A62161}",1,0,0,0,1,0
"{DA33E202-32C8-43EC-8228-76BF32736723}",NA,1,0,0,1,0
"{895BB413-C669-48B6-8494-32B248410693}",NA,1,0,0,1,0
"{DB26200D-CC5A-406C-94CD-CBABE4328583}",NA,NA,NA,NA,NA,NA
"{95AB9BD7-3B14-4B83-8852-EF8A3E54305F}",NA,1,0,0,1,0
"{245091CF-D6E2-4E04-BC58-443996F9F8B0}",NA,0,0,0,1,0
"{73A5A846-0FFA-499A-B1E4-0147086DAE47}",1,NA,NA,NA,NA,NA
"{C0E47677-8BC9-482B-A964-594AA9C5BE3F}",NA,0,0,0,1,0
"{5F6AF8D0-5C6C-4945-8383-08F4B7C3EC2B}",NA,NA,NA,NA,NA,NA
"{49AD1BE2-22E7-4F74-B228-68DEB4DB12E7}",NA,1,0,0,1,0
"{E131A9B0-C1D5-49FA-BA43-A911302B2DF1}",NA,0,0,0,1,0
"{8687D2FC-32CF-4B2E-AA82-323C1E1F2297}",NA,0,0,0,1,0
"{15BAB5DF-D1BC-4993-81B9-6EFB1D7BFC7F}",NA,0,0,0,1,0
"{4F753317-C987-4AD2-BF85-6D75BD8C9EA6}",1,0,0,0,1,0
"{31E56376-000C-4924-B1D1-9FA0B9EC69A4}",NA,0,0,0,1,0
"{7F8F4B52-F395-4C7F-9F30-FBB53E318E3C}",NA,0,0,0,1,0
"{7FCA088C-87D7-41AF-A444-C6B771B024B6}",NA,1,0,0,1,0
"{9508895F-AA8A-483D-8FC2-F138C49E4E17}",NA,1,0,0,1,0
"{C3A9FD4C-E2F6-4769-9B4D-C1C121CB3FCA}",2,0,0,0,1,0
"{C4037022-CC26-41A3-9BDB-F56C76196391}",1,0,0,0,1,0
"{B513C957-2BF7-4E5B-9D42-707553C396E8}",2,0,0,1,1,0
"{1EAB2AAD-7D6E-4D0C-9F51-7DA8ACE5E627}",NA,0,1,0,1,0
"{1C95B55D-67F0-483E-B538-02ABEE1224F2}",NA,1,1,0,1,0
"{4EB3071B-F221-44D1-95FF-968864C9E232}",NA,0,1,0,1,0
"{5F5ED179-4FED-49A6-BD2A-3C19B5E49680}",NA,1,0,0,1,0
"{AA8C2A23-B85B-45BD-B42E-0E27BE253AA6}",NA,0,0,0,1,0
"{A92FE79A-A951-4751-8904-DEAB15DF2B49}",2,0,0,0,1,0
"{194966F5-DFC7-4E19-8B16-0D2C47446715}",1,NA,NA,NA,NA,NA
"{1EF8DA17-9750-4AF6-AEDC-C889008DF455}",NA,1,0,1,1,0
"{B04AA388-88FE-485D-B4CA-3876679AAB4B}",NA,NA,NA,NA,NA,NA
"{82FBDBF7-AB40-47AD-BAF4-5ADEF0968DE5}",2,1,0,1,1,0
"{527A221A-87B6-4588-9537-F4A4BF44B0C9}",NA,1,0,0,1,0
"{5862160D-2660-449D-B022-6FBAD3223DC4}",NA,NA,NA,NA,NA,NA
"{DE66A573-6655-439D-BDA6-B7AD17D60175}",NA,0,1,0,1,0
"{23763690-1CF8-439E-AD64-710467508304}",NA,0,0,0,7,0
"{983068D0-20F3-48A4-B52F-90BB3CD783CB}",NA,NA,NA,NA,NA,NA
"{018C0812-BA1A-49C5-BD15-C86E80383E64}",NA,NA,NA,NA,NA,NA
"{CA76102B-F6CA-4916-8895-A0BA046458C9}",NA,0,0,0,7,0
"{4DD1F717-AFBA-4F42-A8D1-4DEB937A20BE}",NA,NA,NA,NA,NA,NA
"{E65C6CA3-8969-45D7-8E52-6D54D359A611}",NA,0,0,0,1,0
"{28130704-F990-4EEA-B45A-6178FD6AADF9}",NA,1,0,1,1,0
"{E2734B2F-58BD-460F-A942-FBF6BAD22F3B}",NA,0,0,0,1,0
"{512E214B-0681-4BCB-89AE-5010415EC809}",NA,1,0,0,1,0
"{E0BB578E-40C0-4F74-A0C7-FE6813F9F4D0}",NA,1,0,0,1,0
"{6D9900D8-F4B9-4E37-A96C-139CF7A7FFA0}",NA,0,0,0,1,0
"{324A0EDE-840A-4027-A4B2-033BA4411D09}",NA,0,0,0,1,0
"{0766AE78-6C35-4BF6-91E7-C2BFD939AA35}",NA,NA,NA,NA,NA,NA
"{6C2CB050-DCAC-41CD-94F9-9C95B9AC609D}",NA,0,0,0,1,0
"{A3CD6504-C5D9-4D18-9CB7-5390EE90C9E2}",NA,0,0,0,1,0
"{F65D3818-D05A-48C5-B2A9-F88E77FB40EF}",NA,0,0,0,4,1
"{C8F2ED05-F5BB-4286-B6B3-2C30595306F6}",NA,0,1,0,1,0
"{13687BC9-C30C-4118-AEC0-24FD3ECC9DD8}",NA,0,0,0,1,0
"{D8911FBC-DCFB-48A1-89A7-8C9958927E4B}",NA,0,0,0,1,0
"{F657B050-DC19-4446-B637-6E035FDAAB60}",NA,0,0,0,1,0
"{D895B181-CE27-441E-8444-0DF42B11C850}",NA,0,0,0,1,0
"{9E252BD2-F71B-4923-845A-38E7FDCB8184}",NA,1,0,0,1,0
"{1DC22EF4-0D99-497B-B2D0-1812D17CC4D9}",NA,0,0,0,1,0
"{E0B0630E-D5D2-4E19-8D3B-34F854FBDDAF}",NA,1,0,0,1,0
"{20EF7A03-E88A-4098-B78B-C4B545AFAD38}",NA,NA,NA,NA,NA,NA
"{FA5EF613-3C84-4D9C-9158-E0B5A6C504BD}",NA,0,0,0,1,0
"{8329DF31-6411-4941-A5E0-EA31D2A86A8B}",1,0,1,0,1,0
"{48133BCC-C174-43FB-91ED-E23252F3E15A}",NA,0,0,1,1,0
"{30607DC5-9C56-4F2A-A11F-D6CF2E404EB5}",NA,NA,NA,NA,NA,NA
"{936AE4E9-B12A-4193-8976-2979D5B75BA4}",NA,1,0,1,1,0
"{925EB28F-8041-493A-BACC-E31E86E981B7}",1,0,0,1,1,0
"{7E8AF861-B702-4F45-A4ED-44B45E163663}",NA,0,0,0,1,0
"{9743E36E-68BA-42BF-BC78-8CBB7A40106F}",1,0,0,0,1,0
"{A594CB9E-9739-4777-ACFC-B5160DF224C3}",NA,0,0,0,1,0
"{70C73EEA-5F0D-46B9-B191-C23726406756}",2,0,0,0,1,0
"{F8E9AA01-8CCE-461E-AEE7-4D748A89FFB0}",NA,0,0,0,1,0
"{D8B0FA65-FA24-465C-94D1-41B297BE9604}",NA,NA,NA,NA,NA,NA
"{32C12217-32D4-4FA8-9DE3-C91979B69612}",NA,0,0,0,1,0
"{5EFEDE3F-DF72-4B04-BAB1-69FB80EDA76E}",NA,0,1,0,1,0
"{271C2214-E75B-4A26-BAA2-F1921A42D0A6}",NA,NA,NA,NA,NA,NA
"{53DA1F2A-CA9A-4928-9FAA-7100D41BF838}",NA,0,0,0,1,0
"{1F87BAFF-470D-4561-93C9-0B1E7BD1C69B}",NA,NA,NA,NA,NA,NA
"{78C12C58-D2B9-4C88-9A26-426A1DEC4D24}",NA,0,0,0,1,0
"{6182D74C-7CB7-49AE-8A94-E13166A733C1}",NA,NA,NA,NA,NA,NA
"{C03B1914-E923-48FC-9ABB-857357B84FB4}",NA,0,0,0,1,0
"{6C8DF68A-BD1F-47C8-9DB2-1341AF36FFEE}",NA,1,0,0,1,0
"{4E2E874E-D13A-425F-87C1-CBFCD49DF64A}",NA,0,0,0,1,0
"{0BC4AE0C-600D-4310-B863-1E5E8DB8223E}",NA,1,0,0,1,0
"{4A8F0C3D-BDEA-4E4C-842A-5AE23C65AFB7}",NA,0,0,0,1,0
"{E905D069-59B0-4BC8-90CD-5A7F94618210}",NA,0,0,0,1,0
"{046554BB-263A-4FD0-80F5-5E78B8AE11A2}",NA,0,0,0,1,0
"{3A27DC83-ABEF-4C39-9DD6-D854EEEC649F}",NA,0,0,0,1,0
"{F01BC2E1-AD78-44DC-B343-0D9A85A51501}",NA,0,0,0,1,0
"{A9D2929C-17F3-40B7-823F-5735E55E6A74}",1,0,0,0,1,0
"{79CA2AE5-6DDE-4856-98EA-EC01715CA4D7}",NA,NA,NA,NA,NA,NA
"{42821333-E37B-4ED7-9E4B-87C439B1ED50}",NA,0,0,0,1,0
"{4D860DA9-D01B-4CE3-AF11-FF41A91210C0}",NA,NA,NA,NA,NA,NA
"{E525D26A-A253-4F69-8D1E-DA4724221FEA}",NA,1,0,0,7,0
"{5FDB26F0-4240-49FD-A1A5-39C73010B195}",NA,NA,NA,NA,NA,NA
"{8FA3B1F9-D0D6-4EA5-9DFA-5C705CE11CD2}",NA,1,0,0,1,0
"{AB3CB8BB-C09F-40AD-AC96-BC9D409F09BA}",NA,0,0,0,1,0
"{33E93498-BE49-40EC-9154-6DA59C180822}",NA,NA,NA,NA,NA,NA
"{DA179E30-C3A7-44E8-9DC4-B6D28913A1DC}",1,0,0,0,4,1
"{D05ACC68-EB21-4AD1-9C37-D75F1126F47A}",NA,0,0,0,1,0
"{7936B312-D0BB-46D6-8FAB-54270D47874A}",NA,0,0,0,1,0
"{55A37C3D-96B4-401F-B708-16181FD34A96}",NA,0,0,0,1,0
"{542BC3B0-0DC3-4D34-9850-768426AEBAE2}",NA,0,0,0,1,0
"{DC3A654B-5D0D-462F-824C-F458E2F098EC}",NA,0,0,0,1,0
"{7659743C-00C6-49A6-B2AC-C20C0CB0B08F}",NA,0,0,0,1,0
"{F6B87970-0AA7-418A-8A0D-6E87E6B99BC7}",NA,1,0,0,1,0
"{D8F3C276-AB4E-4927-A4E0-A9B48AC23E25}",NA,0,0,0,1,0
"{357B7B97-8662-40C5-A4DE-F1D189205FD5}",NA,0,1,0,1,0
"{26F3846F-0E16-4214-813D-BDA675BE4C74}",NA,0,0,0,1,0
"{025A96BD-EBED-44F2-A0E0-90DE3D186321}",NA,0,0,0,1,0
"{E24F9460-688A-47BE-A17D-974502E0EBCF}",1,NA,NA,NA,NA,NA
"{544C48C9-40A2-46F4-B296-6B5FD5D75DB7}",NA,0,0,0,1,0
"{1C07B75D-570D-41A4-8329-F20ECA1A095F}",NA,0,0,0,1,0
"{3BE5CFAD-047D-4203-BC41-FD0A2B3923CF}",NA,1,0,1,1,0
"{9008442D-1636-4BD6-8A55-A408A88E78A1}",NA,0,1,1,1,0
"{6815D898-EDE4-46E9-83BD-00E14D200DF7}",NA,NA,NA,NA,NA,NA
"{41A3DBCB-221F-48A6-9045-80B09CE17FD2}",NA,0,0,0,1,0
"{1A6B3080-C1B6-4346-8D4C-82F34ED4AC81}",1,NA,NA,NA,NA,NA
"{053EDDC6-7FB1-4AB7-BCD4-99503E6E5C58}",1,NA,NA,NA,NA,NA
"{CC04ADDF-44CC-48A1-98F8-F8E6B191DBE8}",NA,0,0,0,1,0
"{AFC960AC-EDE5-4E6D-A2EA-14C2C79A3BA0}",NA,1,0,0,1,0
"{97BE6593-15B1-481C-84C3-7A4ADD4E5FB7}",NA,0,0,0,1,0
"{70DE53AC-893F-47E0-94F0-4B1148745A06}",NA,1,0,0,1,0
"{88656604-60A6-45B1-9D03-135B6997C7F5}",NA,0,0,0,1,0
"{64359CCC-AC5B-489C-B582-57D24AD71298}",NA,0,0,0,1,0
"{4F99A39E-7E8A-45FA-A810-BE132EE7E4F5}",NA,0,0,1,1,0
"{BEC6EF41-4364-4BDF-AEF9-2CB5054BB3D7}",NA,NA,NA,NA,NA,NA
"{CED64892-AA17-4FD8-A88C-BC10BDAD4303}",NA,0,0,0,1,0
"{279D4881-1D12-4C1F-9BF4-A22B8F5A92FF}",NA,0,0,1,2,1
"{9A228351-5029-4DD0-BB63-99D1AB9A1F50}",NA,1,0,1,1,0
"{19483713-D9A0-4324-AD1F-0D0395BE266D}",NA,1,0,1,1,0
"{5166CCE0-E400-4CAF-9D1F-B68DAE25FE20}",NA,1,0,1,1,0
"{FB291CDD-D9E9-4A2D-A054-F9A5876518C9}",NA,0,0,0,1,0
"{81108348-FF7A-416E-8832-206038B1461D}",NA,0,0,0,1,0
"{D896D63C-B4F7-4CDB-8688-CB2ACBB2ACBF}",NA,0,0,1,1,0
"{F7E23ED9-16AA-4F59-80A2-32280A631B5D}",NA,0,0,0,1,0
"{DAEB8974-196D-407F-A69F-628F0BE3C12D}",NA,0,0,0,7,0
"{CB93C775-BDD6-43CB-9FFB-BE232FB15C80}",NA,NA,NA,NA,NA,NA
"{8ECEC17E-A077-4D6F-A0BD-D24857D95EF1}",NA,0,0,0,1,0
"{D0593FD0-0175-45A4-87E5-1C418AC2F460}",NA,NA,NA,NA,NA,NA
"{6F33BE34-5691-481C-957C-C7AA4482E0E0}",NA,0,0,0,1,0
"{5732E716-3CDF-45A4-A2D2-B2CB511CF124}",NA,0,0,0,1,0
"{954408D9-FC15-4BC0-BECE-E337065E90A1}",NA,NA,NA,NA,NA,NA
"{BBA7D8DF-430B-444E-8138-6C00E5C5F606}",NA,0,0,0,1,0
"{21460861-1EFE-407D-BAC6-3545CF3900A7}",1,0,0,0,1,0
"{83284253-6FE8-4FA3-878E-6BDD43669B90}",NA,0,1,0,1,0
"{B7092187-CA95-4AD3-AB6C-8972E75C6A25}",NA,1,0,0,1,0
"{E8EA6F86-26AC-4395-B510-10F987815CCD}",NA,1,1,0,1,0
"{83EC4103-321B-4DDF-904C-7BF22E359426}",NA,0,0,0,1,0
"{55D193C6-930B-409A-9277-7141631E7CA3}",NA,0,0,1,1,0
"{F531CBE2-B357-4C9D-ADED-E97F27A78891}",NA,1,0,1,1,0
"{07DC8A15-6725-40CB-BC10-EF172C37C662}",NA,0,1,0,1,0
"{6D5C53CA-71AD-4B90-9269-349E341FE450}",1,1,0,0,4,1
"{20E8B6FD-1DC7-4780-B005-E08BCD3F6D08}",NA,1,0,0,1,0
"{997A83C4-51E7-4360-9A16-01013E206EDF}",1,1,0,0,1,0
"{A2B52070-D7F2-4D9B-877D-E9CCBB378C34}",NA,1,0,1,1,0
"{10221210-2A26-4377-B3FF-65489C4D7323}",NA,0,0,0,1,0
"{51476DE6-1A17-41FB-89F9-A8815603ED93}",NA,0,0,0,1,0
"{B7F09FD3-F83C-448C-86BC-7161DFBC4379}",NA,NA,NA,NA,NA,NA
"{53EBD320-81AB-4587-B707-D0337AA2CCAB}",NA,1,0,0,1,0
"{5D2AA280-CB54-4BD3-ADB4-8ABCD8342DE1}",NA,0,0,1,1,0
"{4C8BBC52-7791-4BAB-9671-D9FBFC4E8ABD}",NA,1,1,0,1,0
"{61A8AC58-9FED-4B1D-BCCF-C4BFA2DCD5E3}",NA,NA,NA,NA,NA,NA
"{6768E5BF-FCBB-4754-9A4F-2715B91B68E0}",NA,NA,NA,NA,NA,NA
"{A92A7CC9-F0A9-4EFE-B5E0-5B1E2DBC8AB2}",NA,NA,NA,NA,NA,NA
"{E916450B-5D7A-4C99-AAF2-3BEEDB1AEF91}",NA,1,0,0,1,0
"{5BD88D2F-AF1E-49FE-A325-A536E0F9DEDD}",NA,NA,NA,NA,NA,NA
"{38E6C354-CE0C-417F-88B2-DBC646BA5BD3}",NA,1,0,0,1,0
"{298D7281-8CC9-4F75-9D99-2B2F32B50D62}",1,0,0,0,1,0
"{F22F6598-1E55-4F60-BC4C-0719E4992B1C}",NA,1,0,1,1,0
"{5473E630-ED09-4F9B-AB4C-5390B19F7F70}",NA,0,1,0,1,0
"{6232CA3A-7178-4115-9C07-5B977F3407D6}",NA,1,0,0,7,0
"{75BF07B9-5ADD-4D0B-A5A3-BB46D8622E90}",NA,0,1,0,1,0
"{EEA2C81A-4309-4BB2-A31A-BCE020B5D99A}",NA,1,0,0,2,1
"{DF8CC813-2555-4B9A-A318-54C6151CF9D6}",NA,1,0,1,1,0
"{2AE61CD0-D464-4AEA-9FC4-6B8BCC55CD77}",NA,0,0,0,1,0
"{0A67C55B-2703-451D-8856-7448FB92D665}",NA,0,0,0,1,0
"{8043FF98-C57E-4DBF-BCBB-7B451D1A6F8D}",NA,1,1,0,1,0
"{427ECA43-D747-4420-AC35-46B7D90727BA}",NA,0,0,0,1,0
"{19E0F92D-2B2B-4B8D-AAED-511EC779C3BB}",1,NA,NA,NA,NA,NA
"{20B25B73-577B-43BD-A421-955B76EC45B7}",NA,NA,NA,NA,NA,NA
"{C1718F67-AE71-43C8-9562-38AB859D56CD}",NA,1,0,0,1,0
"{8EF876B1-CE7F-46FE-9502-30E0D1F9357D}",NA,0,0,0,1,0
"{A9A8ADF1-7052-45D0-B7DA-58E95F8C70DC}",NA,0,0,0,1,0
"{E2F7FDFD-D4CA-42D7-80C6-D9ECE17916EF}",NA,NA,NA,NA,7,0
"{2EDF68C5-E2DA-4271-82E4-9623F0AC8906}",NA,NA,NA,NA,NA,NA
"{D0784336-037B-4AB5-AB0B-53B21BB89549}",NA,0,0,0,4,1
"{E5582E11-6514-4F6B-B747-8DD7DA6B8131}",NA,0,0,1,1,0
"{C0431A33-6622-46A3-9586-8543F89C72FB}",1,0,0,0,1,0
"{93EBA0DE-FD51-428B-AF75-8687D426B98D}",NA,0,0,0,1,0
"{85584A41-4930-457C-BDF8-386E2ADDE411}",NA,0,0,0,1,0
"{C594339A-3FC1-46CF-885D-1A80A5256DF9}",NA,0,0,1,1,0
"{DD23FF40-15A9-4566-B074-579DC2C65D31}",NA,0,0,0,1,0
"{BF7FC092-40C6-4CBB-8823-8AB4EBFC1619}",1,0,0,1,1,0
"{96BAC836-BD69-425B-92AA-EA414A4A042A}",NA,0,0,1,1,0
"{E36B88B1-C13A-46E8-A235-3F47712955B4}",NA,0,0,0,1,0
"{6683F97D-BCF6-48A4-937A-0328D6BF99B7}",2,1,0,1,1,0
"{1C79BAB8-BDE8-4A13-BB8D-8F39574E0B67}",1,0,0,0,1,0
"{F6C3D480-2331-4A94-813C-C403005052B0}",NA,0,0,0,1,0
"{D81F5100-E64F-403F-88A6-1FD9B706B1B8}",NA,1,0,0,1,0
"{ACFFE7F5-97B0-433B-8961-33309077DD4A}",NA,NA,NA,NA,NA,NA
"{11FF9C04-47A5-407E-A888-340399A4C0C0}",NA,NA,NA,NA,NA,NA
"{A04E1FF5-A8FF-47F1-ADEF-B828D98CAD02}",NA,0,0,0,1,0
"{F354B803-5FB2-4FDB-9332-41B17D4398B1}",NA,0,0,0,1,0
"{B3C3AF0B-A965-4FA7-92D8-031535CC63B3}",NA,0,0,0,1,0
"{460257C7-299C-4ECA-BB33-E965E50A82AA}",1,NA,0,NA,7,0
"{B0F873DC-BEE5-4E2E-8671-F62899A28629}",NA,0,0,1,1,0
"{47E7F8EE-ABCE-46FC-9DC9-0C7D0D1ADA3B}",NA,1,0,1,1,0
"{D1C7F60B-1BA7-435D-ABB6-B4753D2F9E0F}",NA,NA,NA,NA,NA,NA
"{461AC590-353D-4CEF-A51B-F9C7A1649ABD}",NA,0,0,0,1,0
"{6E7B6B13-05FD-4DE3-B7D3-5532844B2952}",NA,1,0,0,2,1
"{D0256B24-093A-4E45-BBD5-4CE6E76E8540}",NA,1,0,0,1,0
"{49B550F3-B577-4538-ABB1-4FBAEDC3F80C}",NA,0,0,0,1,0
"{D3324147-0E6C-4CCF-A2C9-416C5AAF53F5}",NA,1,0,0,1,0
"{DBE5A5E8-2E8D-4981-87E7-617F67D65020}",NA,1,0,1,1,0
"{8ACD0B8E-07A3-4549-BCC0-C051E2A54DA5}",NA,1,0,0,1,0
"{05A7FF24-ADF4-43A4-9B2C-55EA6C37C466}",NA,1,0,0,1,0
"{96BAB522-A6D5-4D0F-8429-7B6ABD8D8365}",NA,1,0,1,2,1
"{A704D466-A851-49D3-83B6-8F5AA3ADF1DF}",NA,1,0,0,1,0
"{9B71A479-8661-4AA1-B5F9-A3137B8FEF74}",NA,NA,NA,NA,NA,NA
"{59CEAD6F-0114-4135-9BE6-B0E53A60E9CE}",NA,NA,NA,NA,NA,NA
"{645262DA-E060-4B3F-AF4A-545C8833AF3A}",NA,0,0,0,1,0
"{F5F85368-BABF-492E-9FAE-39C0D17F7A34}",NA,NA,NA,NA,NA,NA
"{9440F025-3E91-4A34-A2AC-911359404624}",NA,NA,NA,NA,NA,NA
"{0BC483D0-FF7E-4C72-BB8D-C211A2C837AB}",NA,0,0,1,1,0
"{F56B472B-33AD-4BDD-B388-92B70CAF12A2}",NA,0,0,0,7,0
"{53660B2E-11F0-474E-8FA0-248A4AECFF33}",NA,1,0,0,1,0
"{54640EEF-4696-44F3-B138-A057739065DC}",NA,1,0,0,1,0
"{F6C34E15-B4EA-4930-A215-136C5BD4640B}",1,1,0,0,1,0
"{0175F5FE-65AE-462E-A064-C7A1188FF720}",1,1,0,1,1,0
"{7B38035A-4606-4CD7-8519-143B7026528B}",NA,0,0,1,1,0
"{93043663-8D95-426E-87E2-9718423FD07D}",NA,NA,NA,NA,NA,NA
"{6E462970-849D-4101-884B-F4214F2F6F18}",NA,0,0,0,1,0
"{5F8B41D9-E3B4-4430-B7C8-4E4FE4188BBA}",NA,NA,NA,NA,NA,NA
"{A3B864BD-217B-403D-9E76-85B515A9F3A0}",NA,NA,NA,NA,NA,NA
"{27FA158C-A570-429E-B082-99C52358B725}",NA,NA,NA,NA,NA,NA
"{C752D47B-9F2B-40EC-9F5D-BBD195B36994}",NA,1,0,0,2,1
"{9CCD6BE0-7A6E-4AE3-9094-30EE22C45307}",NA,1,0,0,1,0
"{E5B0343E-9EBA-44F8-825C-3FC250C436D8}",NA,0,0,0,1,0
"{7F050BF4-00BB-4F45-A8CE-0B2D5E77BD99}",NA,0,0,0,1,0
"{3C75CA6A-5892-4141-8A63-114FDA2B42EA}",NA,NA,NA,NA,NA,NA
"{67243C87-E185-41F4-ABC9-F6420D74159E}",2,0,0,0,1,0
"{0AE24E61-7BB8-4D3A-A63B-1464770F6863}",NA,0,0,0,1,0
"{9CDB9A9D-A17E-457E-B2C8-99688521C95D}",NA,NA,NA,NA,NA,NA
"{0EC6A58E-D3D7-4C91-9862-1DFD91B29E59}",NA,0,0,0,1,0
"{49238373-C249-470C-9567-A0F441C5AFF3}",1,NA,NA,NA,NA,NA
"{8EA71672-AB4E-4719-BBA0-CEC9373F12C5}",NA,0,0,0,1,0
"{CFA1A64E-5CA5-4BB8-9FDD-BDA11F3AA784}",NA,1,0,0,1,0
"{6F41AB46-2418-4568-AFB0-E25102ABD403}",NA,0,0,0,1,0
"{B20B4ACA-CC45-48C6-BD0B-46054831F806}",NA,NA,NA,NA,NA,NA
"{17B8609E-C6B9-4517-9CCB-C66697E522D0}",NA,0,0,0,1,0
"{97E07E95-9964-4FF5-A4B7-74B464679741}",NA,0,0,0,1,0
"{90847998-8538-4522-943A-5538B16DC561}",NA,1,0,0,1,0
"{79966026-72C6-4182-BCF6-F7857F18A960}",1,1,0,0,3,1
"{43287E7C-BB53-44A2-B302-2A49F9A1A6D4}",NA,1,0,0,1,0
"{C0577C86-AF06-4355-86CD-991939E2916A}",NA,1,0,1,1,0
"{A7141B55-EC65-41C4-B2D3-B45906C7CD80}",NA,0,0,0,1,0
"{AE5067CC-87E4-437F-9197-3AB56E1A2EA0}",NA,0,0,0,1,0
"{26D53118-735A-427B-8535-7C7F41B2C5B7}",NA,1,0,1,1,0
"{9F844A28-C3B1-4DFB-A965-F142328A1F91}",NA,1,0,1,1,0
"{EFF5E159-6EDE-47CA-8DE4-44DDB57F7EFF}",NA,0,0,0,5,1
"{B00BCC0D-FB82-432C-B704-7EC177BDBB00}",NA,0,0,0,1,0
"{BA6517F1-2E7A-435D-A394-5967BFE42D10}",NA,1,0,1,1,0
"{61EFE3FC-2507-4E74-9915-DEB50A233A6D}",NA,1,1,1,1,0
"{F1F1933A-4A2A-45A4-B89D-2B0BB04AA3E4}",1,1,0,1,3,1
"{5203D77C-BA16-4A05-ADDC-6FF0A5E713A8}",NA,0,0,0,1,0
"{F83A4FC5-6C74-4FBC-85D8-1910AA8B6A95}",NA,1,1,0,1,0
"{A73646B4-D49B-4038-8C80-065849D8D263}",NA,0,0,0,2,1
"{2198DD8A-6245-4805-BD4C-3203678EA02E}",NA,0,0,0,1,0
"{781005B1-ACE9-49C1-90EA-5E582F85DE79}",NA,0,0,1,1,0
"{07A7DB38-72DA-459C-9BBF-C633A4EE0DA5}",NA,0,0,1,1,0
"{A5D3C5A6-C220-45AD-B577-14B91CAE8F5D}",NA,NA,NA,NA,NA,NA
"{82499DBE-8CED-4438-94AB-92D6AD5ADFA4}",NA,0,0,1,1,0
"{16F15F29-2280-4AB4-86A1-EBE91485777B}",1,1,0,0,1,0
"{B9B13643-CADD-426D-B7EA-39423BCD4360}",2,0,0,1,3,1
"{743D2944-96BC-438E-AF21-44E007180753}",1,0,0,0,1,0
"{6EFA9AAC-FEDD-4358-8423-4761B1E2C9A5}",NA,NA,NA,NA,NA,NA
"{8089836C-3AE8-4025-96BC-CDD6971A99C0}",NA,1,1,0,1,0
"{730C3B78-5966-49FD-8FA5-A10012F5DA34}",NA,0,0,1,1,0
"{799B587C-1987-4E6C-BB2A-18B382164925}",NA,0,0,0,1,0
"{F36CB8A0-9F9B-4A2D-AAE2-80BBF4A47629}",NA,NA,NA,NA,NA,NA
"{45DFC57B-324A-408F-9113-28A052D3B4AE}",NA,0,1,0,1,0
"{75BEB4A2-FB4E-4B31-8BDB-CE2850EC6109}",NA,0,0,0,1,0
"{043716B5-ADD7-4CE0-BBFA-D29798064299}",NA,0,1,0,1,0
"{DEEE70BD-89FB-4C20-A98F-1B7D1932E941}",1,0,0,0,1,0
"{41C43FDF-5A93-44AE-A03C-E5B4EB7A33B1}",NA,0,0,0,1,0
"{C5DC9550-FEAD-49A2-9A55-F55455FBDA3E}",1,0,0,0,1,0
"{48414E01-D5D7-4F72-A6DB-1F37D7E063E7}",1,1,0,1,1,0
"{69EB960E-020E-48AD-A860-D938D1F288BC}",NA,1,0,0,1,0
"{E170197F-DAC8-411B-95F9-507E6BC90487}",NA,0,0,0,1,0
"{D9F0B504-28B7-45D2-B5EC-BA0D7D67C754}",1,1,0,0,1,0
"{C2741851-5F95-4BF3-BC43-075019368B49}",NA,1,0,0,1,0
"{BFF86394-5F44-472F-9900-3950CEBAB038}",NA,0,0,0,1,0
"{81561D2F-6A31-490C-B8DF-1CDB2E4240A6}",1,0,0,0,1,0
"{30784039-3599-4F35-807E-73988F829492}",NA,0,0,0,1,0
"{84A778E4-1387-4F11-82B8-C4CABA4EFFC0}",NA,NA,NA,NA,NA,NA
"{41EB5A2D-34A5-4D5D-A92D-99698AB919EE}",NA,1,0,0,1,0
"{6B16E3F2-2871-4D7C-975B-1D664DD7FA85}",NA,1,1,0,7,0
"{930E643F-ED53-4B98-8DA7-87BC44DE0813}",NA,0,0,0,1,0
"{5BF026DE-F578-4697-ACBF-FC5263ACE575}",NA,0,0,0,1,0
"{A2BFDDE8-2BF4-4575-A8F7-DF345F3EC09B}",NA,0,0,0,1,0
"{C0061D62-7513-4ADA-8A8D-111D3A4DA621}",NA,0,0,0,1,0
"{7558E331-C6BE-4204-A0D6-D17A7764F9FE}",NA,1,0,0,1,0
"{362B557D-5194-43FA-A1FB-32DA61B49C57}",NA,1,0,0,1,0
"{620F2391-46E4-49BF-A118-B5E943160C31}",NA,NA,NA,NA,NA,NA
"{A3CD1A81-75EC-4B2B-9F3F-2967256555AF}",NA,NA,NA,NA,NA,NA
"{12FE80D1-26E2-4BF1-A217-4BF1BBAFB411}",NA,1,0,0,1,0
"{60DA99A8-5EEF-4800-A281-647B89A89707}",NA,NA,NA,NA,NA,NA
"{EAD111FA-7277-42FF-9225-82E31694889B}",NA,NA,NA,NA,NA,NA
"{05ABF053-7E00-49ED-A9A4-E88600A28ED1}",NA,1,0,0,1,0
"{A19E9B23-E938-4E8D-96C0-E02F7FB02C7B}",NA,1,0,0,1,0
"{E61F445E-9899-4D27-B035-FF6F443AA975}",NA,1,0,1,1,0
"{23DD2057-395E-4018-ABB2-D8A8269B5769}",NA,1,0,0,1,0
"{31EC6D0A-857B-42C0-B7A6-96BAB9B4A2BD}",NA,0,1,0,2,1
"{71AD2D6A-748A-4416-A0ED-17ACCF2A3A26}",NA,1,0,0,1,0
"{D4F544F5-4529-4A64-9DE0-A512E3C3131D}",NA,0,1,0,2,1
"{ADA45A6C-137C-4490-8DD5-3351B4F39AD3}",NA,1,0,0,1,0
"{ED07438F-F191-48C2-81D1-D03F9E90CB7C}",NA,NA,NA,NA,NA,NA
"{B8BD77BA-F03F-48EB-B66F-352131616E5C}",NA,NA,NA,NA,NA,NA
"{7430C6FA-4E8D-4538-ABB6-0DAE5C632CE3}",NA,1,0,0,1,0
"{91DAE9B0-6BC3-4682-ABF8-F2A8DCDC588F}",1,NA,NA,NA,NA,NA
"{B6A7AA6B-FCBE-4F6F-84F7-CB765BAABA4A}",NA,1,0,0,1,0
"{314ECABC-161F-4D9C-B291-F4634A40BFE0}",2,0,0,1,1,0
"{7840E033-8256-4623-B11E-C0445F90C11B}",NA,1,0,0,1,0
"{D601181C-7515-4263-BBFB-766FA0975512}",NA,NA,NA,NA,NA,NA
"{90B6CC20-F5E3-4678-BFDC-D11B0A9EE7F4}",NA,0,0,0,1,0
"{A874FBA4-7C05-4E91-ADC6-5CE45CC935F5}",NA,0,0,0,1,0
"{052B3F39-224E-4806-B7E7-DE167A32F480}",NA,0,0,0,1,0
"{807EC1BD-6830-490E-91B5-2FFF9D7ED027}",NA,0,0,0,1,0
"{72F0CE7F-BCC2-4D30-B034-7310DB87167A}",NA,1,0,0,1,0
"{7BACDE24-5E8C-4B57-B227-7D733D031F13}",1,0,0,0,1,0
"{DFF2ED1D-F627-4F2E-8758-C34B12C38661}",NA,0,0,0,1,0
"{38CC92C6-BB8C-43D1-A3BC-6D7A13817D71}",NA,1,0,1,1,0
"{35DC2C78-E08A-4595-AC62-ABFCC26C3E29}",NA,NA,NA,NA,NA,NA
"{9E6C9593-290D-40AD-8F2B-4455D0FA46FA}",NA,0,1,0,1,0
"{FF295214-60BE-4419-A8AD-9E2E70B7F895}",NA,NA,NA,NA,NA,NA
"{5D5E2B37-9D37-4C0C-BD64-B67A70A9BFA7}",NA,NA,NA,NA,NA,NA
"{6E84DD8D-E496-4185-A1CD-FB91B35BE17F}",1,1,0,0,1,0
"{B3090659-5ADD-4854-9EAB-D4955BF03D8D}",2,NA,NA,NA,NA,NA
"{307F5DCB-0C13-43EC-A2A0-BA4ED035F9D7}",NA,0,0,0,7,0
"{F3867083-B8CA-40EA-9B1A-9D41349F43E4}",1,NA,NA,NA,NA,NA
"{63591337-B3C1-4530-9CED-B16D6B093436}",NA,0,0,0,1,0
"{6D1146D5-C27A-4C41-B9BD-EA3F2C2BD3EA}",NA,0,0,0,1,0
"{C080F314-D4E5-4415-88E0-34E9E890DFAE}",1,NA,NA,NA,NA,NA
"{BF154B6B-7356-4D12-A664-236E33C2AF10}",NA,1,0,1,1,0
"{C1694312-3741-4834-81A8-E14E8F73AF82}",NA,1,0,0,1,0
"{144EF4C6-9300-475B-84A3-1328427F2CCD}",NA,1,0,0,1,0
"{4C8918F9-6995-4198-A0E0-F337EF52A841}",NA,NA,NA,NA,NA,NA
"{33DBB702-CF63-4CF4-9759-4CCB49CE1B2B}",NA,NA,NA,NA,NA,NA
"{912500E6-5AD4-49FA-B505-9429681B372E}",NA,1,0,0,1,0
"{D4D5E655-3D6B-431A-8A12-D0B7A4BF3044}",NA,1,0,0,1,0
"{33F4AFB5-DF04-4CE8-984C-3D522CAF528B}",NA,1,0,0,1,0
"{C01AE086-E810-40F0-8BAA-3AA50E21EE1B}",NA,NA,NA,NA,NA,NA
"{BC94D94B-6795-4BCB-A4EC-2DE1DF183714}",NA,1,0,0,1,0
"{75A17F45-82A7-40E9-894D-549A20CF2FC9}",NA,0,0,0,1,0
"{46824FA5-373E-46F3-A2EA-8F8BBCD1E1DA}",NA,0,0,0,1,0
"{ABF2E9FE-FD8D-407A-8D9B-E7E749E9D8F1}",NA,0,0,0,1,0
"{447D6BA2-29E9-47BB-AA88-69452FF9E2B9}",NA,0,0,1,1,0
"{EE4ED31B-DE92-4130-BF14-8AB19AECA947}",NA,0,0,0,1,0
"{D6DD4D8F-29A2-4E8E-B728-C4AF4FFABB58}",NA,0,0,0,1,0
"{C186A639-C59D-4873-87FE-680A8AA4C39D}",NA,0,0,0,1,0
"{6D7450EB-9A37-4B07-922E-645DF09BD7CC}",NA,0,0,0,7,0
"{740E5B4A-C610-452D-9FA4-33266479E23F}",NA,1,0,1,1,0
"{4A5FCD47-0E88-44EC-A7DF-948090C1A014}",NA,1,0,0,1,0
"{4587D0FE-3F88-4996-95D8-0A6F0C28CEB0}",NA,1,0,0,1,0
"{09C6DCF1-4BEC-449C-918F-65EEA9DA14BC}",NA,NA,0,NA,7,0
"{5E698B1C-D371-4FDA-A023-239D562485C1}",NA,0,0,1,1,0
"{9E50EF45-99E2-4360-9F04-B4C9DBE1A178}",NA,1,0,0,1,0
"{C45647DF-7335-4B22-BF98-6013C33CE05C}",NA,1,0,0,1,0
"{6F56EEAC-352F-4A40-B8BD-D85E4110E589}",NA,1,0,0,1,0
"{350DBC9D-1843-4450-B490-65678F6B61CE}",NA,1,0,0,1,0
"{A02ABC36-9A5F-492B-B8FE-6F06D37C5E7A}",NA,1,0,0,1,0
"{F59084E7-87D8-40F4-91A0-88D49C943F0C}",NA,1,1,0,1,0
"{7AD93E1A-4C14-44D6-AC25-5A684F5AE8CD}",NA,NA,NA,NA,NA,NA
"{DCE6CAD5-789A-43F2-9B93-CEB7F2828660}",NA,NA,NA,NA,NA,NA
"{B62F6C8D-3C9C-476A-9C69-BE1478E7D0E2}",NA,1,0,0,1,0
"{7B94B42F-B3D7-4D7C-BDD8-970D2FEFDDB6}",NA,0,0,0,1,0
"{CDAE4412-E53A-4569-8278-E9C5075494EC}",NA,0,0,0,1,0
"{61CDC4BE-C2BC-41B8-AB1F-EA493CA09EE0}",1,NA,NA,NA,NA,NA
"{E1D1BD87-1D7A-4732-B808-960A36C2D57C}",1,1,0,0,1,0
"{CF2B9C16-1CD2-4E4B-AFF5-5B872AC900B4}",NA,0,0,0,1,0
"{9200B21E-9B35-4B70-A1BC-DC164BFCF48A}",1,1,0,0,1,0
"{1AB4F849-B442-4BC0-8F77-148668CC3524}",NA,1,1,0,1,0
"{638E57AC-68CF-4265-BF35-7741DF940AFC}",NA,0,0,0,1,0
"{DFCA8324-0F3E-4178-8B7C-BA9F0856FF64}",NA,NA,NA,NA,NA,NA
"{79566B4E-949E-437F-9813-A1943D132E74}",NA,1,1,1,1,0
"{4082A5AA-5A63-47A8-B915-5DEDD996B26B}",NA,1,1,0,1,0
"{9CEA0F6B-8202-4C3F-BCB0-8BD44E610BDB}",NA,NA,NA,NA,NA,NA
"{44603C82-B2B2-4ECC-8AD2-6822148A680A}",NA,0,1,0,1,0
"{884ACD44-B776-4E24-9FEE-3952373F0A0F}",NA,1,0,0,1,0
"{2C889430-9390-4CA5-8461-40E9FE432647}",1,0,0,0,1,0
"{CBDD4971-90CA-448C-AC2C-395EBBB52690}",NA,NA,NA,NA,NA,NA
"{4368861C-640A-4003-AFC6-B9225EBCD243}",NA,NA,NA,NA,NA,NA
"{4255E8B5-7DE0-482D-B903-5CB004DFFBCC}",NA,1,1,0,1,0
"{C2F55019-756D-40A1-A153-ACDD71364605}",NA,NA,NA,NA,NA,NA
"{834CA2A8-5788-4843-B4AA-B376EAA70C45}",NA,1,1,0,1,0
"{961B52A4-9FA1-4C34-8156-25C3148A8FCC}",NA,1,0,0,1,0
"{7A7E2960-74FF-490A-85F6-E4C3F197F426}",NA,1,0,0,2,1
"{F9A32725-2BD5-4B70-88E9-0FD8CEB1D13B}",NA,0,1,0,1,0
"{8A581A41-C61C-4957-AFB5-C8C11ABD8D35}",NA,0,0,0,1,0
"{9EBE245B-A7FA-466D-9625-DEE75D0CEF52}",NA,0,1,0,1,0
"{E8B5D042-83F5-4BC4-BF9D-596F7FCE9620}",NA,1,1,0,1,0
"{FF9D0E13-1FC2-4FF2-A10B-8978E1820A3D}",NA,NA,NA,NA,NA,NA
"{6719807F-AFF1-4C82-AD38-6C87F81B82D4}",NA,0,0,0,1,0
"{2BF9703B-67C5-432B-B729-704832B386AF}",NA,0,0,0,1,0
"{AA57117B-19EF-4E68-AB65-9DEC4A39D86C}",NA,1,0,0,7,0
"{BC5F17EB-EB7C-4486-94FD-C6D73A3CE09E}",NA,NA,NA,NA,NA,NA
"{FBBB44A3-9488-4FD5-958F-65060E553AB8}",NA,0,0,0,1,0
"{1FB552AC-FC1E-4EC3-B4B3-545B46C1BE56}",NA,NA,NA,NA,NA,NA
"{B07BC832-ACAC-4B2F-9DA2-B1684A1D21F4}",NA,NA,NA,NA,NA,NA
"{A98D5CEC-6872-4F45-8454-3E9A84493D20}",NA,NA,NA,NA,NA,NA
"{744E1BF3-01AF-4057-AA98-39641C14F52F}",NA,1,0,1,1,0
"{5818DCB7-EF97-4CEF-BAAE-374E22A26FDF}",NA,1,0,0,4,1
"{E3974172-5AFD-4EB6-8209-AA93D6472744}",NA,1,1,0,1,0
"{F391A8C6-09EC-4907-84C0-9F359F0647F5}",NA,0,0,0,1,0
"{0FA7C016-1121-4A06-9CB2-25A5FB1C0C31}",NA,1,0,0,1,0
"{EEE7912F-4EDC-4288-81DD-0C55E91679D7}",NA,0,1,0,1,0
"{0B4EB1FD-A004-424D-BC3B-25107032A2BF}",NA,0,0,0,1,0
"{264D75B4-97DA-4A6D-A185-D8BC2915DA83}",NA,0,0,0,1,0
"{F8134DFF-4AFC-4F61-B54B-ED72069664D5}",NA,0,0,0,1,0
"{6819C08E-6D08-4C40-A750-A2FF7D01DAA2}",NA,1,0,0,1,0
"{8ACED5E9-1457-465E-B17A-1EB310A1903C}",NA,1,0,0,1,0
"{EB722730-172E-4335-9473-A77014AD6FCC}",NA,NA,NA,NA,NA,NA
"{19F30F62-6D19-4838-94E7-3815BBECA718}",1,NA,NA,NA,NA,NA
"{476F76C0-6142-47EC-BFA3-41C6B32479CD}",NA,NA,NA,0,7,0
"{90199BD4-FC15-4522-BB1F-6E2F5EA70464}",NA,1,0,0,1,0
"{BD206DFA-1D5A-48CC-89C0-65B59A36C9EC}",NA,NA,NA,NA,NA,NA
"{4E92F0FA-7D4D-486D-B3D5-BD8A8E21C5E5}",NA,0,0,0,1,0
"{09EAE431-B25C-485E-8FD9-30AC7296B7D1}",1,0,0,0,1,0
"{6889E6A4-72F1-40BF-93B5-35F5B31010CA}",NA,0,0,0,1,0
"{AA4D97AB-CF81-452A-A6CA-354B9B3D0677}",NA,1,1,1,1,0
"{2AB4322D-75F1-4729-BD61-115BC00DB9FA}",NA,1,0,1,1,0
"{36C7EF9E-75AC-41C0-8795-2DF15805BB29}",NA,NA,NA,NA,NA,NA
"{767D6294-85ED-48D2-BCE3-C8C6CC0087C0}",NA,NA,0,NA,7,0
"{32F401CF-5182-4F01-999F-B5C223E935A0}",NA,NA,NA,NA,NA,NA
"{B4A52A28-82EE-4B14-8580-FC48E62FA107}",NA,NA,NA,NA,NA,NA
"{B6AEF6BC-8246-4D94-B2C4-9687BF2BC030}",1,1,0,0,1,0
"{B2B4096D-C44B-4BFB-A69D-937A46077262}",1,NA,NA,NA,NA,NA
"{A12F6FE2-E246-400C-93D5-C8B224E79BAB}",NA,0,0,1,1,0
"{05BC8A7C-F154-4076-BBA1-70257CCCA7B7}",NA,1,0,1,1,0
"{A6D681B3-3AA6-40A0-AA62-3EC7D40AF33F}",NA,1,0,1,1,0
"{BFE422B3-4160-4446-9CD0-A04335C717F1}",NA,1,0,0,1,0
"{8BFB5286-2D78-478A-B303-3E8C280096F4}",NA,0,0,1,1,0
"{EA9AA5B9-6384-40C1-819B-A3903DCFC850}",NA,NA,NA,NA,NA,NA
"{E7117239-F64E-4B32-9217-B6F0CB8A14AE}",NA,0,0,0,1,0
"{C3D78D79-4B43-492F-8984-5B76F2C74190}",NA,0,0,1,1,0
"{759783E6-FE67-4949-8A4E-CEBEDCF36DC7}",NA,0,1,0,1,0
"{D1F7295D-EDE2-4E79-BC7F-88BB49DCBE80}",NA,0,0,0,2,1
"{CA7A736D-B284-4497-9FF4-8FCEDE0F5C6D}",NA,0,0,0,1,0
"{6C4FE6E7-7A92-4936-9799-662E5423FD83}",NA,0,0,0,1,0
"{D0AC1E0E-7F7F-415D-9B67-4E5F44D13517}",NA,0,0,0,1,0
"{6B5DF17F-09E8-40B4-90F9-BF4F96C4FED6}",NA,1,0,1,1,0
"{DCE9CD16-43CC-4403-AB91-430D6B74EFC7}",NA,1,0,0,1,0
"{AB97EB07-778D-49C6-886F-9B7331820708}",NA,NA,NA,NA,NA,NA
"{C195C326-BB75-46D4-8688-807D42E7D29F}",NA,1,1,0,1,0
"{14ED4A3B-339C-4EC4-AC02-B34B5F88E31E}",NA,0,0,0,1,0
"{857C7233-12B1-4B2F-A893-845EF3FB8E19}",NA,1,1,0,1,0
"{330CE011-CE2B-4F6F-8572-35B90BB7939D}",NA,0,0,0,1,0
"{C455D187-72D9-4F2F-8DF8-BC1E4300F136}",NA,0,0,0,1,0
"{46622D4E-14DE-4DAC-933B-323124B47823}",NA,1,0,0,1,0
"{D6BFE918-034C-4EFC-A5C8-869A2C08F609}",NA,0,1,0,1,0
"{ED04B9F7-66E8-4411-91DC-8F289861B4D2}",NA,1,0,0,1,0
"{22F35CD6-708E-409F-8F20-96C5FDC7C32A}",NA,1,0,0,1,0
"{895C7809-EEB0-4E8F-A804-FDB343FC3533}",NA,1,1,1,1,0
"{2FCC998C-78E2-492B-98CC-1F8D260DED2E}",NA,1,0,0,1,0
"{347731FB-BB34-447C-BB04-0B5956490C95}",NA,1,0,0,1,0
"{1E4D2463-4BDB-424A-9EDA-18D1AA0F80E5}",NA,1,0,0,1,0
"{79EA6255-FE77-4D9B-A9CE-CB89E7655CD2}",NA,NA,NA,NA,NA,NA
"{68620F98-B1E3-4A11-B601-D82E5BDC5C39}",NA,NA,NA,NA,NA,NA
"{A013EDA8-419A-4879-BCB5-286421E1B187}",NA,0,0,0,1,0
"{E0E0959A-784B-4268-9A08-451FBBAD9AAE}",NA,NA,NA,NA,NA,NA
"{FC4D8A9D-A014-4CC1-B49F-D1B356A7ABF4}",NA,NA,NA,NA,NA,NA
"{4488F4AF-D91B-47D8-9FCE-477FAEBE6A1E}",1,0,0,0,1,0
"{8B2D4B42-C407-4B24-8672-B33D55CF6A68}",1,0,0,0,1,0
"{8F7F3D3A-AF03-4801-85EC-6C09D6EF787E}",NA,0,0,0,1,0
"{C9A8A37C-B178-4A4E-AB21-5AB3C3EC0112}",NA,1,1,0,1,0
"{224A2B8F-3262-488B-81B1-10EB750C0F5B}",NA,0,0,0,1,0
"{6000DA37-AED6-440C-9E08-2C6677B66F1E}",NA,NA,NA,NA,NA,NA
"{856F6035-0CCA-4356-8193-005C00409973}",1,1,0,0,1,0
"{BF5CA3A8-D591-4E68-87DC-D65C1C1A1993}",NA,1,0,0,1,0
"{E68F74D3-C243-4A05-84D1-6C36AD23C7E8}",NA,1,0,1,2,1
"{F5AC0EED-387E-45BA-AAE8-D910F8C4B3A6}",1,0,0,0,1,0
"{C430E041-6F66-4850-87AE-2020B09FBB3F}",NA,NA,NA,NA,NA,NA
"{697D4FF5-7D02-4504-8C81-2006F3CF2556}",NA,1,0,1,4,1
"{B8DA9377-7F9B-4ECC-BF11-3CD684DE5223}",NA,0,0,0,1,0
"{CD31AC1A-1E52-42B7-88FC-DE3AFDCF1475}",NA,NA,0,NA,1,0
"{69769DE7-C0C3-4101-BCE5-19935C028159}",NA,1,0,1,1,0
"{C27B71FE-F837-47C1-8E10-4FED795D6981}",NA,0,0,1,1,0
"{E6C279EE-53DF-4031-96F6-53B41145C924}",NA,0,1,0,1,0
"{EA96FCC1-E7EA-45A3-8377-4E1FA876B0D8}",1,NA,NA,NA,NA,NA
"{39B91B4C-AAF1-4DA6-8E61-5828545ED46D}",NA,NA,NA,NA,NA,NA
"{89CA497C-54D2-4FFD-9EB6-4C7293C38BC8}",NA,0,1,0,1,0
"{FC251A96-6731-4BCC-98F0-EA7FACEF6301}",1,0,0,0,1,0
"{53AF5DDF-7721-46E3-8F1E-635AEA4E1263}",2,0,0,0,1,0
"{D59EB945-10A8-4A91-9571-ABDCA0A31E23}",NA,1,0,0,1,0
"{284937C0-7E99-4221-AB27-2F29BD7380A6}",NA,0,0,0,1,0
"{C1DC99D2-69BA-4104-B706-469F9F15F1AD}",1,1,0,0,3,1
"{B7E5D3D6-E49E-4923-8586-432563511A33}",NA,1,1,0,1,0
"{FA4FA5AC-ACE4-4845-8DF8-EB0D6D2BA7A1}",NA,1,0,0,1,0
"{84D3A7B8-060C-4D75-B494-CBF523DE3D0C}",NA,1,0,0,1,0
"{9BDE319F-0C05-41E2-A688-C074D1F918A7}",NA,0,1,0,1,0
"{3EF973E8-E328-458D-B704-0FC7B7B7D46C}",1,0,0,1,1,0
"{9A3C6DEC-0EBB-418F-B1D4-AFFAF1E5FB5F}",NA,NA,NA,NA,NA,NA
"{83315805-8CFF-4FD0-9CCF-50AF0A2E62C2}",NA,1,1,0,1,0
"{EF86E6F9-8173-4E98-B7FF-13C43CC3ED52}",NA,1,0,0,1,0
"{E1D4F4A4-6CCF-4B05-8882-B5B3C8463C49}",NA,1,0,0,1,0
"{C9CA7E98-9EA4-49FC-8A36-EB98B8759D5F}",NA,0,0,0,1,0
"{53ED57A6-D2FC-4E58-9F32-AB9D333BCA27}",NA,0,0,0,1,0
"{B28A3CCD-183B-4E16-B51B-EB6F8F979773}",NA,1,0,0,1,0
"{43DA6A34-A78D-4B33-8624-7840A3B78EB9}",NA,0,1,0,1,0
"{4117C64C-68C7-434D-A821-9128C496A13A}",NA,0,0,0,1,0
"{A9E0BD3F-8063-473D-9666-B16B78CEDDE1}",NA,NA,NA,NA,NA,NA
"{F70D2FCF-CC6E-4293-A2DD-BA656B664AEC}",NA,0,0,0,1,0
"{436D676B-7A7B-469D-8623-96A8218FD570}",NA,1,0,0,1,0
"{D422B6B3-9267-4629-ABAE-9B8ADAF977CD}",NA,1,0,1,4,1
"{4DFD867F-DBD5-4E4B-87C6-219EC3B5E8B5}",NA,1,0,0,1,0
"{D291547B-2B3D-462F-A929-EF828C39621A}",1,0,0,0,1,0
"{8E5B809D-E61A-4AC3-8C05-93A1FD4120D8}",1,0,0,0,4,1
"{5EDAC23F-0E5A-4C91-A117-72985AFE924D}",NA,0,1,1,1,0
"{F370020E-9DEA-434E-853C-A317D5BD655F}",NA,NA,0,1,7,0
"{C13E99EC-0988-44C4-924B-A2128870BE1B}",1,1,0,1,1,0
"{8EB28947-09FB-46C5-99AB-DA5B868F10FE}",NA,NA,NA,NA,NA,NA
"{F07D0147-1CD6-4564-B41B-529D210B94C7}",NA,1,0,0,1,0
"{099F1F4A-AECA-48C9-822C-314468B5E644}",NA,0,0,0,1,0
"{DC69327C-AAA1-4EE0-ADA0-984CCAE48DF3}",NA,NA,NA,NA,NA,NA
"{836D4A54-0017-4C69-9E7B-02E5A11891DD}",NA,1,0,0,1,0
"{4FA44D0D-E791-475C-8DBB-3690279DECBD}",NA,0,0,0,7,0
"{CD5D33E4-0CB3-4CC9-B707-9588924DB645}",NA,1,0,0,1,0
"{AB741E77-6C53-4DEB-8A26-0352D315F4AB}",NA,NA,NA,NA,NA,NA
"{3E795041-EE41-4CBD-9027-87E63CD618B4}",NA,0,0,0,1,0
"{E8A386D6-3E1B-4144-BEDB-B53FB6746AC5}",NA,0,1,0,1,0
"{5AF68A53-6994-43EF-AEB6-E08D6DE1D56C}",NA,0,1,0,1,0
"{C64F4B3C-D0DE-4C1C-B277-39C77347183C}",NA,0,0,0,1,0
"{F795DC30-A2B9-41E6-9DA3-FF328DA370F2}",NA,0,0,0,1,0
"{1D1DF2C9-4425-4FF1-87AC-2F3F14F2BAF4}",NA,1,0,0,1,0
"{4EBD5ADB-7B30-49E5-9955-6F2C2530ACC5}",NA,NA,NA,NA,NA,NA
"{7FF84179-71BB-4E68-A2DD-41C038CEB9AD}",NA,NA,NA,NA,NA,NA
"{DA677DD9-2EBD-4033-A275-A4C3E3E4DCA5}",NA,1,0,0,1,0
"{76D88D32-C68D-4FFB-934A-E794945E7750}",NA,1,0,0,1,0
"{92F5F3DE-B8B0-4921-98A7-72AFCF157E12}",NA,NA,NA,NA,NA,NA
"{E09E5270-C234-4C74-BF5E-B37CB3329400}",NA,0,1,0,1,0
"{9AB3D518-1778-4157-9AE1-083B2616C670}",NA,0,0,0,1,0
"{50E82029-307F-44A1-BFD4-7C2E88381849}",NA,0,0,0,1,0
"{D82BFE12-B5AB-4FF6-94CE-C36FDCA6B9F7}",NA,0,0,0,1,0
"{0A193181-3504-4458-A4CE-F74EC2CCFFCD}",1,1,0,0,1,0
"{244B612C-DE38-4593-8A94-69288DE3BD07}",NA,0,1,0,7,0
"{2E670C82-B62B-44B3-8F7F-94827518BD30}",NA,1,0,0,1,0
"{836ABBDC-E182-410D-B794-F58BA82183D3}",NA,1,0,0,1,0
"{5FBEF71C-4816-45F9-AF25-C4DD93355466}",NA,1,0,0,1,0
"{BA21A5AF-1510-4C6D-8201-491FA88E4505}",NA,0,0,0,1,0
"{2B0115B8-FE89-475F-BCC7-8B8DE112B18F}",1,1,1,0,1,0
"{4B081B34-9153-4E11-8F51-A37AB0DFC68D}",NA,1,0,0,1,0
"{CD511BDA-DCCF-42A5-85A1-FE788FF7EB3B}",NA,0,0,0,1,0
"{BAEF5751-622A-4A8F-91FB-55F903BC7DED}",NA,1,0,0,1,0
"{F5D62DAC-439D-428E-8FC4-0480CF58F9B3}",NA,1,1,0,1,0
"{77084BAE-5349-464F-8BC1-BA073A37AF8C}",NA,1,0,0,1,0
"{5120FA96-250F-4C0B-A194-3F3E566A5957}",NA,1,0,1,1,0
"{2DF0F8C6-43F4-4E46-AC93-97CC5D6C658E}",NA,0,0,0,1,0
"{E52E8AF5-6C39-4BE3-8A67-C2B3602B492D}",NA,0,0,0,1,0
"{07ABA7E3-1E6A-4184-B27C-97264C274671}",NA,NA,NA,NA,NA,NA
"{DAF48556-0B1E-4D20-92C3-9D0FCCBC62BB}",NA,1,0,0,1,0
"{4CD18161-E472-4450-A0D6-6CC946B67687}",NA,1,0,0,1,0
"{9D622745-547E-4E46-9AB8-CA77DED2E950}",NA,1,0,0,1,0
"{50F83594-1F65-4923-AE71-8461264FC334}",NA,0,0,0,1,0
"{AB7127C4-6870-491A-A0EB-FAFA532CFB6A}",NA,1,0,0,1,0
"{E5A28B68-B4C7-40EC-8D1B-027DF2CC7329}",NA,1,0,1,1,0
"{925B9C70-3DCA-443B-8EC5-6A69E1CCA35F}",NA,0,0,0,1,0
"{4981635F-0477-4EF8-BC16-33C44329F72D}",1,0,0,0,1,0
"{B7CE30C8-B70F-4A48-A670-C53D5791ADEF}",1,0,0,0,1,0
"{9A9C67E5-63F1-4400-9E82-1DC9042DA6F1}",NA,NA,NA,NA,NA,NA
"{0A96EBA4-369D-4B76-9BEA-E6631A31AB50}",NA,NA,NA,NA,NA,NA
"{C48E5FDF-2058-4B9C-8691-D9258E480FEB}",1,NA,NA,NA,NA,NA
"{B051BDD6-CBE8-4D2B-A396-16C5FA30D945}",NA,0,0,0,1,0
"{9BD96FBD-8E13-4513-A30A-85D9257D0906}",NA,0,0,1,7,0
"{E3249251-F738-4F93-9499-6776AAB530A6}",NA,1,0,0,1,0
"{45FA1B31-EDA8-4A69-B96D-3DB3461769D3}",NA,1,0,0,7,0
"{8398A9FA-895E-4177-B291-8B6E581FE84A}",NA,1,0,0,1,0
"{C3183336-0747-49C6-A741-34AC41C859DA}",1,0,0,0,1,0
"{7D4AC6C8-C749-4A75-8F49-5D2D4125F7E2}",NA,0,1,0,2,1
"{F075C124-ACE0-420F-8026-0D993850E161}",NA,1,0,0,2,1
"{B6707985-9B75-4E30-AD95-C22BB693A87F}",NA,1,0,1,1,0
"{54310874-7DE1-4347-9196-00C9D8551946}",1,1,0,0,1,0
"{7E2494A7-AD8A-48DE-B497-C7590769E36B}",NA,0,0,0,1,0
"{DD06ECCA-A786-400D-AEA3-1B51CA9F5391}",NA,0,0,0,1,0
"{A7F00C35-93E2-44CA-AEF3-03BFB6CD6459}",NA,1,1,0,1,0
"{158FCFAF-5FF7-4388-B0A3-81280A3EB705}",NA,1,0,0,1,0
"{38B76AC1-7A2D-496C-933A-9A1C67278973}",NA,1,0,0,1,0
"{15AD558B-3208-4292-80B2-F279E06A9C27}",NA,NA,NA,NA,NA,NA
"{42D63C8B-90F4-4859-9946-8EEDDCF26317}",NA,0,0,0,7,0
"{46F59B36-D58F-4941-AB83-44C8E98A2991}",1,0,0,0,7,0
"{CE6F40C3-4569-4753-8AD5-C4A13C3BCA26}",NA,1,0,0,1,0
"{B523AF84-C377-42E3-91A8-03E8D403F7A0}",NA,0,0,0,1,0
"{1EAB47C0-F8E0-4F80-A41F-39915C4D914C}",NA,0,1,1,1,0
"{ECD25B3F-F107-41C9-8178-A90220092BD3}",NA,0,1,1,1,0
"{DBDFEE00-595B-4062-A0CC-43B47063D7DE}",NA,NA,NA,NA,NA,NA
"{68FB03C7-7E13-4C1B-BE8F-0ED6B34619CB}",NA,0,1,1,1,0
"{99C6D123-1581-40B0-9CD6-62A4FD31FAA1}",NA,0,0,1,1,0
"{1E86C218-C9F6-4F8A-AA59-B4D8D04E9FC9}",NA,1,0,0,1,0
"{8E423EAA-BE47-49EE-8FF9-03A6B3E93BFD}",NA,1,0,0,1,0
"{61FFF620-FC4F-4959-80D0-6F2A08A83468}",NA,1,0,0,1,0
"{7D03406B-86AC-44D5-8A5C-FE1FE2800752}",NA,1,1,0,1,0
"{2B1B78C5-892F-4C67-BFF6-34150F9B38F9}",NA,1,0,0,1,0
"{DD636308-F3A9-46A9-8713-66C8D1CCE78B}",NA,0,0,1,1,0
"{15AE5A18-756A-460B-BCAE-58AF73041DE1}",NA,NA,NA,NA,NA,NA
"{F4386CB4-7C28-4906-BBBE-565A8E61F62E}",NA,NA,NA,NA,NA,NA
"{66D96D3E-59CB-4604-BC36-1DFBA4AB88D0}",NA,1,0,0,1,0
"{07D84ACC-F834-407F-8EDD-9609AD4C0D9D}",NA,0,0,0,1,0
"{6062F802-F6AE-48D3-8306-244E986C83C2}",NA,NA,NA,NA,NA,NA
"{79487D3D-5593-4075-9911-BB6DAB2C04DE}",NA,1,0,0,1,0
"{25EF6D25-7B1F-4AD1-955E-1BCEDCFF1FB5}",NA,1,1,0,1,0
"{8D52D54C-C7E6-4BA9-8D1E-EF2341B6CB3F}",NA,1,0,0,1,0
"{69578095-AE99-4C95-A082-1E5B69459E38}",NA,0,1,0,1,0
"{9470E812-063F-4BB3-A81A-6E8DBBDC273F}",1,1,0,0,1,0
"{FA656A6D-955A-4A32-949E-9674D3FCCF88}",NA,0,1,0,2,1
"{26DAD0B3-9531-4982-A1D8-CA8E647B0234}",NA,NA,NA,NA,NA,NA
"{C1D463C4-1BE4-4CE9-AA85-B5B4ED269720}",NA,1,0,0,1,0
"{78B1BF88-40BC-46A8-A733-A1A9CF2EC968}",NA,1,0,0,1,0
"{2034A8C8-EAC8-47E1-AC1E-9E3240481C38}",NA,NA,NA,NA,NA,NA
"{A7077AE5-953F-4BF2-A521-A92B111B65FF}",NA,NA,NA,NA,NA,NA
"{DDF5F616-9E24-40A3-9F1D-BE9B8199F278}",NA,0,0,1,1,0
"{DDD9EB82-6761-4793-B7DF-1FD07C0E91E0}",NA,0,0,0,1,0
"{BBC03A65-6478-48E5-89E2-3400DC15042D}",NA,0,1,0,1,0
"{F6B4EA57-85FD-45A0-BDEE-30CE5D3D92FE}",NA,1,0,0,1,0
"{D5976BD9-4F0A-4AE0-A7BD-39A09586298A}",NA,1,0,1,1,0
"{AF9DDBA4-828D-4F8E-8D3B-64C8D41B5D95}",NA,NA,NA,NA,NA,NA
"{3D4E1945-31D9-4748-950A-37A1FCCC3EBC}",NA,NA,NA,NA,NA,NA
"{97EAB99A-7A4A-4E02-939A-1A95D36B6BC2}",NA,0,0,0,1,0
"{E6FC78DC-4CB6-4C45-AAB3-5A1C29856D74}",NA,NA,NA,NA,NA,NA
"{2ED89335-F028-45C7-AD1F-892ADABE6986}",NA,0,0,0,1,0
"{41290B24-BF15-4F3B-B54C-3132EB7D7934}",NA,0,0,0,1,0
"{B347D543-516C-4229-B962-E8DF866D3FA5}",NA,0,1,0,4,1
"{F217253D-0586-4E56-9FE4-252303D1B355}",1,0,0,0,1,0
"{75363421-6B93-4961-A57C-A0BC47162C45}",NA,0,0,1,2,1
"{E5061EA8-71F0-4F73-8728-E799F238E9F7}",1,1,0,0,3,1
"{75BA3A63-DF1F-4076-ADB8-C34B03ADF18E}",NA,1,0,0,1,0
"{B9EC3B54-E2B8-46BE-9F78-45AA1B21080D}",NA,1,0,0,1,0
"{41C9E3BA-F550-47DE-9208-FDE0C96D84F1}",NA,0,1,0,1,0
"{55AFFB48-3D34-4689-9371-217A6B9C4F25}",NA,1,0,0,1,0
"{2BFEE097-6507-44C6-B754-4F339D2DC2BF}",NA,NA,NA,NA,NA,NA
"{592717C6-DD03-48D0-9983-351CA74BCA8E}",NA,1,0,0,1,0
"{8679AA88-9905-4B6F-8C1D-A07776C2D7BB}",NA,1,0,0,1,0
"{43AACBA9-D013-40B9-B1C8-67D24C36A2CD}",NA,1,0,0,1,0
"{475DBE68-8D2E-4E9C-A675-BE498FE22749}",NA,1,0,0,1,0
"{2E5F3185-008C-41F0-A2BB-4BE1D7B1AAC2}",NA,1,1,0,1,0
"{442C7708-AC76-4488-A100-CCA084F34E4F}",2,1,0,0,1,0
"{B166FE17-C17A-4A6D-AA6A-CE57101B9531}",NA,0,0,0,1,0
"{108DB9CA-B99A-48ED-8F46-643AF131F01A}",NA,1,0,0,1,0
"{29CAC8E7-82A0-4712-A164-21B09BDCBFF4}",NA,0,0,0,1,0
"{D54FD8A5-0A1D-405F-BEC3-870239F749D7}",NA,1,0,0,1,0
"{71629D7D-5E78-4A11-AD9A-946AC999341B}",NA,1,0,1,1,0
"{0D9544B4-0C6F-4436-B152-D74547AFC58B}",NA,1,1,0,1,0
"{57D7FA56-DD7C-4B98-BF92-B481BB9EE600}",NA,NA,0,NA,7,0
"{409947BE-6755-40FE-8276-F003B5F76B22}",NA,0,0,0,1,0
"{6E480513-B3AA-44E3-9E11-B9A5F56B5F95}",NA,1,0,0,1,0
"{971EDBFE-C4C8-4C1E-AF03-DCCDE7FCBF7B}",NA,0,1,0,1,0
"{C8C7C524-3334-4A7F-8CAC-4F0D143020B2}",NA,0,0,0,1,0
"{476A782D-0363-4210-8354-956ABEC8406A}",NA,1,0,0,1,0
"{E56809BE-8E56-4B27-ACCD-C3978073DB80}",NA,0,0,0,1,0
"{1D6F3F20-45B3-474B-BA8D-636859AD1C6E}",NA,1,0,0,1,0
"{76ECAA04-DEA7-4013-9807-0CF10791E3DD}",NA,0,0,0,1,0
"{21F3604C-1B0C-4CD7-8DD8-2AB00E70D751}",NA,0,0,0,4,1
"{7AE7A601-3F83-4B6A-9D52-C76C6ACE279C}",NA,1,1,0,1,0
"{B72369C9-6E20-4C49-A2BC-7AB9680B7A3D}",NA,0,0,1,1,0
"{BC9F4878-53D7-42AA-905F-118AE70DE795}",NA,0,0,0,1,0
"{584066AE-C627-4D83-B1FC-2ADCAB3CA272}",NA,0,0,0,1,0
"{6C3BCA2E-9D0B-436A-A3D9-21E4FD9D9326}",NA,1,0,0,1,0
"{16BC679C-F395-4038-9F95-4DF18C4473EB}",NA,0,0,0,1,0
"{007FD32F-910B-4A05-ADBC-E4F34361790E}",1,NA,NA,NA,NA,NA
"{76A82837-F565-4B9C-8768-FC5618466943}",NA,0,0,0,1,0
"{A4A69DB5-75AA-453D-95B5-C144BF192756}",NA,1,0,0,1,0
"{BECA28BF-A75B-4BF1-AB5A-6062FF249472}",NA,0,0,0,1,0
"{04FD6BAA-4828-4EF4-BCE0-2250A5733B60}",NA,1,0,0,1,0
"{42ED61B5-0F1B-4467-822D-C73736B78094}",NA,0,1,0,1,0
"{775F9DC8-A56C-4C5B-95BD-58852F1A2877}",NA,0,0,0,1,0
"{74219DE5-AEC8-47EA-AA38-F69C0610F648}",NA,1,0,1,1,0
"{B2E56A32-4DE0-4CE7-ABA8-96423D1A6643}",NA,0,0,0,1,0
"{0AA0CAF0-CE7C-4098-94B0-9435462E4B03}",NA,0,0,0,1,0
"{8608D2D2-9204-4F53-8DA8-42D54638E23F}",NA,0,0,0,1,0
"{153441AE-691C-4688-A04E-708F1F4E0DD2}",NA,0,0,0,1,0
"{326D194A-B802-4071-BBEB-4BE5BD46D94F}",NA,0,0,0,1,0
"{1455B9D4-4661-4327-9E35-6E6105ECFF53}",NA,1,0,1,1,0
"{AA4B06D2-E037-4880-A69C-FFCECA1CDBDD}",NA,NA,NA,NA,NA,NA
"{7359527B-041A-4050-9FAB-CAD1BF174177}",NA,1,0,0,1,0
"{EBB123DE-07B1-4F84-A837-FFC53B4C912E}",NA,NA,NA,NA,NA,NA
"{BA8F10E0-1F98-48E9-9D39-D2C38C9351F1}",NA,1,0,0,1,0
"{D662835C-5C76-4564-A6E2-A1C52BB62F0D}",NA,0,0,0,1,0
"{F952189D-7D3E-4454-9612-60CEA0C37D54}",NA,NA,NA,NA,NA,NA
"{246BC6D4-21DE-4F9D-80AB-0B2781B5F357}",NA,0,0,0,1,0
"{DBDD73CA-203B-4C88-96E5-9093E6E5BE80}",NA,NA,NA,NA,NA,NA
"{E8EBC6F2-CDDF-4CA4-8D91-8768E5EA300D}",NA,0,0,0,1,0
"{8D61CBAE-709A-4415-87C7-280931E42597}",NA,NA,0,NA,7,0
"{88DE2C39-4C57-4045-8D67-93C84639508F}",NA,NA,NA,NA,NA,NA
"{B795933E-F346-46EA-A374-B7C21849F852}",NA,1,0,1,1,0
"{9D94881F-BD98-42B2-A604-57B53414D826}",NA,1,0,0,2,1
"{6426BCC0-6E24-409F-9E59-1B2DE4C74C27}",NA,1,0,0,1,0
"{ADAA4EB6-542C-40E1-80B7-447F4DB3D274}",NA,0,0,0,1,0
"{A1A63A92-0CE8-4843-A97B-0079F504F9AD}",NA,1,0,0,1,0
"{8EBDA435-BA5A-473D-ADCD-4DCBFC8E03FD}",2,1,0,0,1,0
"{A7DD2598-402E-4842-9B9A-8B1CA3FB3FCB}",NA,1,0,1,1,0
"{77C04BB6-DFEA-4E4F-B226-88620955FC62}",1,NA,0,1,7,0
"{2C65F3CD-5E4C-4132-AB9C-79623DE1550A}",NA,0,0,1,1,0
"{05C2068A-FAA5-48D5-91ED-D0415D655FE2}",NA,NA,NA,NA,NA,NA
"{D41E04D8-B816-42B3-B01E-9553C7297048}",NA,NA,NA,NA,NA,NA
"{1C1055E6-644B-4BFB-8827-A43511556A9F}",1,NA,NA,NA,NA,NA
"{0931C97E-14DA-436F-BDEC-3E1C1CDF72D7}",NA,1,0,0,1,0
"{4BEE886C-A172-47CB-88B6-B0BACFE0E45B}",NA,0,0,1,1,0
"{B498B1F1-C22A-4F8C-BFAC-E4888FCF68D2}",NA,0,0,0,1,0
"{73514B11-EFC9-4CB7-8B2C-537557197FC6}",NA,0,1,0,1,0
"{300B26AC-2E72-40C0-8CBC-8B3001F89633}",NA,0,0,0,1,0
"{F81C8E45-4837-4618-90A7-B315E7FA2093}",NA,1,0,0,1,0
"{ABE7855F-3725-48F2-8E7E-FF964C1E4186}",NA,0,0,1,1,0
"{C6950783-40D9-4C49-9A8C-73C19870F4B0}",NA,1,0,0,1,0
"{CA4703CC-EE3B-4CB1-BD24-98EC8798EDB4}",NA,1,1,0,1,0
"{21550214-A0A5-467E-AD6E-239E09799368}",NA,0,0,0,1,0
"{3A28C718-3CCD-437E-B76C-EA1F707F7DD5}",NA,NA,NA,NA,NA,NA
"{73AC1152-5EAB-4152-A6EA-007FAB989FC6}",NA,NA,NA,NA,NA,NA
"{6F15DDF5-1850-45AA-81A3-FE7F708A0486}",NA,0,0,0,7,0
"{6CFE1537-DC9C-4F0A-8DFF-44CE8892A75B}",NA,1,0,0,1,0
"{0FDC7511-6622-49F5-94BD-08EAFBB84806}",NA,1,0,0,1,0
"{4A3BEE2D-27E6-4460-9D4A-FF2E7C67F131}",NA,1,0,0,1,0
"{C7FB157D-8D33-4C15-B702-4D60540F4861}",NA,NA,NA,NA,NA,NA
"{2CBBB144-57EE-403B-84F2-2667E4864CF7}",NA,NA,NA,NA,NA,NA
"{0B5BC345-7FAA-49A1-96C9-B9965E6BC03B}",NA,0,0,0,1,0
"{A5C24805-65B8-455C-B681-676A638B837C}",NA,0,0,0,1,0
"{4C067C0A-D4B5-4D6A-B39A-25B0E2A7DD24}",NA,1,0,0,1,0
"{2200C658-2693-4683-86F4-0EAEE4CA9AA4}",NA,1,0,0,1,0
"{2A4EB117-0AEB-46FF-BACD-8C6755B6BE1E}",NA,0,0,0,1,0
"{4498F47C-22AC-463E-AFF8-7FED70A4F182}",NA,1,0,0,1,0
"{DFD0302A-812E-4DD7-A137-C845FFA00171}",NA,1,0,0,1,0
"{C3E6F015-A19B-468E-A360-97A68A7600F1}",NA,1,0,0,1,0
"{1CC24961-6FA9-4670-8F0D-D6408E4103B4}",NA,1,0,0,1,0
"{E1BC005B-AD7E-4314-B270-2B3312FE5045}",NA,1,0,0,1,0
"{C38F0B3B-9589-4C87-83E1-FD743FF9D62E}",NA,1,0,0,1,0
"{10B86016-8DDE-431B-A29F-C70E5C1E4C5B}",NA,1,1,0,1,0
"{5EE3B571-4B77-433B-B7F9-9339BBD7F766}",1,1,0,0,4,1
"{5BDC46B1-63EE-494A-8CB6-349E70A4EA2D}",NA,1,1,0,1,0
"{C07AB4C2-EA8C-41C9-B5BE-763CE751D27D}",NA,NA,NA,NA,NA,NA
"{7D4D9673-DE06-4B55-83A5-FE7E79A4199C}",NA,0,0,0,1,0
"{598E7D75-6821-402C-991B-1CAB071E9D36}",NA,0,0,1,1,0
"{00B1ECEE-CCD4-4843-94F9-5C0E9B505FEE}",NA,1,1,0,1,0
"{2CD4D601-8712-492B-B849-FC9B642AB384}",NA,NA,NA,NA,NA,NA
"{0E367C41-411E-42D9-A0C2-9DE7FE980B54}",NA,NA,NA,NA,NA,NA
"{CEEB2217-0CC4-4F0A-901B-1329E9C47580}",NA,1,0,0,1,0
"{95364C12-FFF4-43C5-B0F0-AEB554EF0DB5}",NA,1,0,0,1,0
"{0570291E-723E-485C-865B-A34429DFF1E0}",NA,1,0,1,1,0
"{C63A2620-B543-455C-AE34-CD2ED9178799}",NA,0,0,0,1,0
"{6CBBAA3E-EFD5-4069-96A1-D5223221F932}",NA,1,0,0,1,0
"{C7D0D199-FA8F-423A-8450-B3E58497352F}",NA,1,0,0,1,0
"{33BA3DB0-3DC4-4E3A-9D4B-B954E92E4F82}",NA,1,0,0,1,0
"{663FAD5F-D46E-4010-A4DF-3643FF513BD1}",NA,0,0,0,1,0
"{056A5FF6-3E49-439E-B397-E3C66E5539C3}",NA,1,0,0,1,0
"{D77C85BC-ACFD-4F39-92EB-AF35E071E299}",NA,0,0,0,1,0
"{8F7B205D-718F-4684-9BA7-4A899D1D55BB}",NA,0,0,0,1,0
"{30F2398E-A4EE-4ED4-9BFE-653858D00092}",NA,0,0,0,1,0
"{62B835C7-78E2-4E86-9F9F-5C3AB114C08A}",NA,0,0,0,1,0
"{54888A17-4D48-407C-9A49-64BFE13B29E3}",NA,NA,NA,NA,NA,NA
"{0A535697-0846-4F56-AAA5-85C5B9B13F00}",NA,1,0,0,1,0
"{B9430066-B9D1-42A1-9DF8-01FAB7BF4161}",1,1,0,1,1,0
"{0174E602-FC3B-4D55-818C-F624EA3B6515}",NA,NA,NA,NA,NA,NA
"{9A0FCBE6-F7BE-4031-819F-6105DB3B65BD}",NA,0,0,0,1,0
"{2AC405CD-2883-4B24-B838-8568AB83FD6F}",NA,1,0,0,1,0
"{12A3834B-95DF-4045-BF88-3FB6D878BB80}",1,0,0,1,1,0
"{892D299F-98EB-446E-A92E-428B7CE6C2D6}",NA,1,0,1,1,0
"{F6C87654-BE71-4079-A522-EE7AF0F33295}",NA,1,1,0,1,0
"{FC0B24C0-D82B-44B5-A604-3F9FBBEBC069}",NA,0,1,0,1,0
"{A8CE2C84-76DD-4E3E-A0A9-77F4B11AE6AE}",NA,NA,NA,NA,NA,NA
"{AFFDA488-BD81-4073-88F3-FE6F18062135}",NA,1,0,0,1,0
"{46C48AB3-D837-4A7F-B23F-E7DEDAC556E7}",NA,0,0,0,1,0
"{761D0596-BE9F-4A0A-A345-7C5009434B1E}",NA,1,0,0,1,0
"{D4ABF05B-8FA3-4AD2-9451-B1B94365C840}",NA,1,0,0,1,0
"{35163018-7616-440C-967C-845BA7ECA0BB}",NA,NA,NA,NA,NA,NA
"{FFA58072-56EA-44EA-9570-8B8198939281}",NA,NA,NA,NA,NA,NA
"{56AEF95B-82FF-4F16-AD98-DD6CD0108C7F}",NA,1,1,0,1,0
"{2A974A94-A1BB-4759-8708-9050B7F1AE05}",NA,1,0,0,1,0
"{118A1D33-4A99-4AF4-A7AC-200446A8834A}",NA,0,0,0,1,0
"{FB6829F6-5DD1-41FB-9B1C-82C6580EA684}",NA,NA,NA,NA,NA,NA
"{37967E52-8ADC-48E4-B69F-01219A1A4FF9}",NA,NA,NA,NA,NA,NA
"{BB6946D6-FF1E-4D08-855D-2157896A580D}",NA,0,0,0,1,0
"{3C68C8B0-3D80-4F10-AF75-8B6D6ED8E7C0}",NA,1,0,0,1,0
"{58AEBD08-4D5B-4844-AACD-19E1C49947EB}",NA,NA,NA,NA,NA,NA
"{6A31D035-85DB-44E8-A9AE-78DAD4A6B9E1}",1,1,0,0,1,0
"{3ADF7C47-E676-4B7D-BAC1-B1618F36F7E6}",NA,1,0,0,1,0
"{880129EB-643D-49A6-8372-F7EC659B4F73}",NA,1,0,0,1,0
"{01C54787-4328-4376-8818-5E89B96307B8}",NA,0,0,0,4,1
"{2E8BAB97-4D55-4EC4-B83A-A0E18D817A85}",NA,0,0,0,1,0
"{4059A2A0-D8F2-4342-9C57-4999FEE0E507}",NA,1,0,0,1,0
"{93EDD114-579C-4B7B-8047-700533027E4E}",1,0,0,0,1,0
"{4CA072D0-CAA3-40C6-B3D0-8F902142FA32}",NA,NA,NA,NA,NA,NA
"{CC2549C2-C738-4B42-934F-3F7C295A3111}",NA,0,1,1,2,1
"{6D5B0F42-ED73-4A03-ABFB-9A406C0229B3}",NA,0,0,0,1,0
"{5E248567-76E0-4E0A-99BE-3945126D52E5}",NA,0,0,0,1,0
"{472FA849-00B1-4A4F-BAFC-A140368A8DA0}",NA,1,0,0,4,1
"{8342FC08-CB63-41D5-96D0-14E043A8407F}",NA,1,0,0,1,0
"{55BC7849-6AB5-4174-B445-A80142074557}",NA,1,0,0,1,0
"{FAAC1BF3-2080-4400-B552-E4D403E31FBB}",NA,NA,NA,NA,NA,NA
"{139CC824-E3D7-46B4-ADB2-FFCD6D413A6D}",NA,1,0,1,1,0
"{54C7E1B5-5389-4048-82A1-787609AB7CCC}",NA,1,1,0,1,0
"{707A2462-E6DC-4A8A-803A-856602DF0CE7}",NA,1,0,1,1,0
"{7C576EE9-99B5-4547-B579-02F392741E90}",NA,0,0,0,1,0
"{6046B88F-3BA4-4965-8DEB-E91876164F19}",NA,1,0,0,1,0
"{1CFD57CA-AA46-4ABA-8BFB-C81027621541}",NA,1,0,0,1,0
"{66AC578E-7D25-431A-A01A-51A0EF278229}",1,0,0,0,1,0
"{2926E2AE-B82C-469F-AC4E-A46A6D43622C}",NA,0,0,0,1,0
"{18FCB0BD-3F37-4361-BAE9-D29C3BAC491C}",NA,0,0,0,1,0
"{D48CF29D-41C0-4054-A8E1-AAFDA0137918}",NA,1,0,0,2,1
"{5199CFB1-F5AC-4BE8-B402-9BB1121FD72C}",NA,1,1,0,1,0
"{9AB0D8DC-EAE5-4380-9D7C-382938D62B64}",NA,NA,NA,NA,NA,NA
"{FE04A567-D60A-4B89-8F66-9931010466D1}",1,0,0,0,1,0
"{DD351F7D-EF2E-42CA-9268-092B78F05F97}",NA,0,0,1,1,0
"{5BF49DA4-90B8-4CFC-9E79-7D7729B0BE13}",NA,NA,NA,NA,NA,NA
"{2E308342-6788-4C94-9A69-3A5E076B6BFD}",NA,1,0,0,1,0
"{E2CBCED4-5020-4107-8C69-CAE8891D9586}",NA,0,0,0,1,0
"{4D797C6A-E242-4046-9D4F-C94CCE1E1256}",NA,NA,NA,NA,NA,NA
"{79A823C9-EDB4-4475-970D-BBBCA405A603}",NA,0,0,0,1,0
"{01462410-8FE5-428D-A2A7-7AB73450C6FD}",NA,1,0,0,2,1
"{C6589752-B0D2-4263-991A-D5FE6B42BC3C}",NA,0,0,0,1,0
"{34FC7FD5-8BF9-4165-A40E-E7FC003E09F5}",NA,1,0,0,1,0
"{CE3F565F-841F-403E-873B-EA2C08B59FDE}",NA,NA,NA,NA,NA,NA
"{E82A90CA-E48D-47F9-9BDB-27966AB05F94}",NA,0,0,0,1,0
"{4CC51683-3BA7-42C1-B95A-0F36557E84EE}",NA,NA,NA,NA,NA,NA
"{71485F5B-6CDA-472C-86EF-C7FA7D3F8589}",1,0,1,0,1,0
"{FD4B560B-B98B-4D12-9855-FD5553938DA4}",NA,1,0,0,1,0
"{823724E3-32C0-4D42-A964-2620C8D25DE3}",NA,1,0,0,1,0
"{F5E4F223-1302-444B-90E1-ED981FF2E86B}",1,NA,NA,NA,NA,NA
"{2DE4A2C4-A98A-4652-8C89-B9D279C84AD0}",NA,0,0,0,1,0
"{D015CBB7-51DF-4515-A744-010E8BB017AF}",NA,1,0,0,1,0
"{7625A32C-EABD-44C0-B5CF-716E0C7F26CD}",NA,0,0,0,1,0
"{C55F0244-ADF8-4F6E-93EA-1B181359F345}",NA,0,0,0,1,0
"{4C960062-2BFE-48CE-82D2-0E2EF74C11B5}",NA,0,0,0,1,0
"{BF263D4E-B46F-4908-9A95-2B04128768FB}",NA,1,1,0,1,0
"{36FC9519-5E51-49DA-906B-F9667EBF154A}",NA,0,1,0,1,0
"{8DDD2242-724C-4B41-8FBE-CAC55D19506B}",1,1,0,0,4,1
"{B2AA5CF5-60B5-40EC-84A7-CB8C8168F6EF}",1,NA,NA,NA,NA,NA
"{850CFE3C-D837-4CED-B8AA-EA1954131CFD}",NA,0,0,0,1,0
"{2B83094E-B8AD-403C-BDC6-1F82ECB21C1F}",NA,1,0,0,1,0
"{95D5AD84-E638-48CC-B7A9-970132FBB8DA}",NA,0,0,0,1,0
"{52121878-EB1D-4744-9B9D-81ACE4887ADA}",NA,0,0,0,1,0
"{A3822765-76BE-41D8-AC4E-6BDB58E55F5D}",NA,0,0,0,1,0
"{B45DEC71-234D-4968-9D61-F2246D66C1BA}",NA,NA,NA,NA,NA,NA
"{E8FC7C75-1A00-4BC4-AEAF-D9E288D67D92}",NA,0,1,0,1,0
"{410C7D2D-69E3-496D-8B6B-6E613AE5C9FF}",NA,0,1,0,2,1
"{77A5C88B-71DB-43D3-B55F-3AE6FC1D3860}",NA,0,0,0,1,0
"{5D8D962C-D085-45DB-BE15-6A08A7976CC1}",NA,NA,NA,NA,NA,NA
"{40F74954-8279-4142-946E-FCCBF88E8F49}",NA,0,1,0,1,0
"{EDFBCA4C-D594-4134-9602-00EBB74CF38F}",NA,NA,NA,NA,NA,NA
"{83AD8543-9B2D-48E6-B56D-25CAFC3B431C}",NA,NA,NA,NA,NA,NA
"{F7342BC4-04D3-4A8E-95CE-F843E57D440E}",NA,0,0,0,1,0
"{50BF1129-32BD-4D38-B32A-DF248D0F665C}",NA,1,0,0,1,0
"{A225BAF7-8CFC-4225-916F-5EE305D93CD0}",NA,NA,NA,NA,NA,NA
"{D6CD5F50-2D2D-4802-8C0F-901970F207CA}",1,NA,NA,NA,NA,NA
"{57060D60-F46E-4415-9286-7E7DE059A938}",NA,1,0,0,1,0
"{308DF544-7B7C-4462-9B69-B3A734840658}",NA,1,1,0,1,0
"{EF634FB2-05DB-412F-BB03-9B1C89CFDA03}",NA,NA,NA,NA,NA,NA
"{026B1EB4-A652-4F86-9F73-97D041F40907}",NA,NA,NA,NA,NA,NA
"{7F6743BD-E347-445D-950A-769B72940919}",NA,0,1,0,1,0
"{5B18DE20-8959-419A-A3D8-1FBE6345D115}",NA,0,0,0,1,0
"{D04A1535-BA92-41D8-B576-7331D11B2C40}",NA,0,0,0,1,0
"{AF5F8AD3-6B67-4B3C-979D-BCF1EB8BC4DE}",NA,0,0,0,1,0
"{2D902231-60BD-44A0-91BF-2AC99317A4BA}",NA,0,0,0,1,0
"{02A16DE7-1312-44F5-B9C7-CA170AE6438A}",NA,1,0,0,1,0
"{A30CABDF-CB90-4DAD-ACED-C449F7CE4C35}",NA,1,0,0,1,0
"{6785E0EE-47B5-44F9-9944-75FFF77F5B47}",NA,0,0,0,1,0
"{A47C12C7-E099-4FC3-9710-5634346318A2}",NA,1,0,0,1,0
"{B275B54F-595F-40A4-8CE5-150458AF5E3D}",NA,1,0,0,1,0
"{33C7A9FE-9344-40F5-A062-A6DB3FED203E}",NA,1,0,0,1,0
"{498652C5-4894-443F-A314-BA0430C9143B}",NA,0,1,0,1,0
"{40A56F90-EB86-4B91-86F1-518A1E7B7172}",NA,0,0,0,1,0
"{7CF18419-8FAF-4C87-B661-B8863EFDE00F}",NA,1,0,0,1,0
"{98B146F9-DA60-4E1A-BA79-B5B6D50CF8EF}",NA,1,0,0,1,0
"{60C2AB43-467B-4F8D-AF84-ADFD2B25518A}",1,0,0,0,3,1
"{199F67DB-6FDF-48C5-B2E1-24C1A2836E17}",1,1,0,0,3,1
"{CA1906DE-A7AF-41B2-B1DE-C9E9CCDBEE4F}",NA,1,0,0,1,0
"{D09BA1A7-3BA1-40E1-B358-B95909016B31}",NA,NA,NA,NA,NA,NA
"{1BC88779-057C-42C9-BB06-48092CE127D3}",NA,1,0,0,1,0
"{732A67AD-A9C6-4290-A981-9A8D01808174}",NA,0,0,0,1,0
"{9A76C1E7-7BB0-4251-AF61-14EAD866FEAE}",NA,0,0,0,1,0
"{C994C63A-A835-4470-8471-3F1BB19CFCED}",NA,0,0,1,1,0
"{356B19A9-B4A3-4E11-ADFD-0F2ABE29C083}",NA,0,0,1,1,0
"{3970B2C6-750F-4F66-BF5A-46AFA26872E4}",NA,NA,NA,NA,NA,NA
"{0C820970-A5EE-41A1-BC2D-5917C9F9A04C}",NA,0,0,0,1,0
"{7B6A443C-1EBA-4D5F-9381-6232F4C1C101}",NA,1,0,1,1,0
"{AE7EDD4D-062B-4979-B7E9-047F65BEE2BA}",NA,0,0,0,1,0
"{3931F011-6435-4B93-85FD-A419FE4ABC98}",NA,0,0,0,1,0
"{D42D2FFB-10D5-4688-A048-E080C9DECCCE}",NA,0,0,0,1,0
"{FEC1735C-E3FC-4FC7-8485-417AD6EBC357}",NA,0,0,0,1,0
"{243B4935-DD94-4943-BA2A-1A18FA350FF6}",NA,0,0,0,1,0
"{1017D550-E137-46C5-A549-1D08427FC1E9}",NA,1,0,0,1,0
"{2787912A-20E5-49AB-9701-EE474D2433D7}",NA,0,0,0,1,0
"{19C7913B-EC12-42CA-A67F-F4B122C42B01}",NA,0,0,0,1,0
"{B9EA1E8E-60EF-4CC9-AC27-49216E5DFC30}",NA,0,0,0,1,0
"{68003184-44FE-4C0D-B5A0-ABE039FDAFA7}",NA,NA,NA,NA,NA,NA
"{B0BE89D0-66A8-481F-BB5F-91E018B6CDBC}",NA,0,0,0,1,0
"{4E825ACB-FC27-43CB-9140-FF1F47DC477C}",NA,0,0,0,1,0
"{8E16DA28-5E8B-40B4-9055-9F855FE385F8}",NA,NA,NA,NA,NA,NA
"{52364E83-BDE0-43D8-9A34-CFF204869B50}",NA,1,0,0,1,0
"{F4DE11D1-E3C8-43F5-BE84-C55219B6D6F7}",1,1,0,0,1,0
"{A2EC4515-7822-4F48-AB07-7F401EC62B3C}",NA,1,0,0,1,0
"{B5CBE39E-87A5-4184-8B8F-7D6B0FA65D23}",NA,1,0,0,1,0
"{98CB450F-6617-4A64-8318-9C1ECC3B15FB}",NA,0,0,0,1,0
"{8CC833AF-DFE1-4AA7-AACD-A0C6D0FEC56A}",NA,NA,NA,NA,NA,NA
"{0D46E91A-F147-430B-9150-34E834C70707}",NA,0,0,0,1,0
"{41FABCAC-172D-4138-9F48-919C47B0765E}",NA,1,1,0,2,1
"{9D2FE65C-FB4B-4F4A-ABB3-5D3D7DC645DA}",NA,NA,NA,NA,NA,NA
"{1206F782-A289-46F3-9B93-E632944CE189}",NA,1,0,0,1,0
"{B0B6FD71-82B8-4770-B432-BC865DE22AD6}",NA,0,0,0,1,0
"{A68963DC-F732-4F94-B684-9AF6A1B3F9A3}",NA,0,0,0,1,0
"{3F502D11-EA74-4F8B-93C8-D7160296AE95}",NA,0,0,0,1,0
"{F778C183-FF72-4468-91FB-4866C21475FF}",NA,1,0,1,1,0
"{39941167-5959-4E9E-8485-1C02FA7A2A13}",NA,0,0,0,1,0
"{990953D6-8822-48DB-A0B2-CF2EB87F2C34}",NA,NA,NA,NA,NA,NA
"{5FF134CF-910C-438E-96D1-0E4F41DEE96A}",NA,1,0,0,1,0
"{A9299ADA-8C96-4064-99F4-6BE97799E490}",NA,NA,NA,NA,NA,NA
"{AD4C5064-A465-4D08-8342-BAAC645F4F1E}",NA,1,0,0,1,0
"{F5D69A0F-AF80-431A-BDA2-25B42C98B754}",2,0,0,0,1,0
"{5EB3A131-F23F-4E79-89EF-E6BB7B96AA34}",NA,0,0,0,1,0
"{32866A70-76DE-485C-9185-A5EFEEFA2A00}",1,1,0,0,1,0
"{67B44559-8CA2-4DA1-B419-093692088E79}",NA,0,0,0,2,1
"{33A1156B-3BA5-4FEC-9066-28AFBFF09C02}",NA,0,0,0,1,0
"{A52788A1-4773-411B-A860-971D875C92F7}",NA,NA,NA,NA,NA,NA
"{D7F53381-0B52-49D6-9F2E-8CFF84B816BC}",NA,0,0,0,1,0
"{7E4295BC-7D05-46C8-9B63-D1E209E81BD9}",NA,1,0,0,1,0
"{24235DC1-854A-4DE1-BFDE-55FFF2344B36}",NA,1,0,0,1,0
"{17202D6D-0154-423B-9623-386B6390A173}",NA,0,0,0,1,0
"{243CCB1D-D8EB-4CE5-91FF-B4B79C4D40C0}",NA,1,0,1,1,0
"{06D80388-45BA-43E8-B45E-75AB93065639}",NA,NA,NA,NA,NA,NA
"{B24FB765-873A-4FA9-823A-249E20B6DF24}",NA,NA,NA,NA,NA,NA
"{41BB1E1A-458A-4A06-A526-B8E75D9FB0BD}",NA,0,1,0,1,0
"{D5E65D82-B116-42E8-903F-FC35B52D3632}",1,0,0,0,4,1
"{121F6B28-BAAE-41A5-B812-CCD33ABE045E}",NA,0,0,0,1,0
"{B5D4C356-EE34-4948-BA0F-9445AC01F603}",NA,1,0,0,1,0
"{882B1CE5-56A9-4FF0-9F09-50CD12473DE1}",NA,0,0,0,1,0
"{CFD28D07-DA1A-45CF-A586-E0769699765C}",NA,0,0,0,1,0
"{4B0E5B77-96E9-4848-B438-9ED2130759A9}",NA,NA,NA,NA,NA,NA
"{118E02CF-9FCD-4FFB-ABAC-1A6C8551C9D0}",NA,NA,NA,NA,NA,NA
"{4D251E96-F1E6-4060-B7C1-A71E580BAFD5}",NA,0,0,0,2,1
"{AF016670-ADD0-4BF6-91C0-428396A65836}",NA,0,1,0,1,0
"{5C74CC93-9A94-4A17-9943-09A30B3D12D9}",NA,1,0,0,4,1
"{43CE6D92-05D5-49E8-92FD-06282A01FE08}",NA,NA,NA,NA,NA,NA
"{73B9F2B9-DDF5-4BD0-981D-7107C4639164}",NA,NA,NA,NA,NA,NA
"{F6322FBC-CAA8-4965-BB67-C5506590B3B8}",NA,1,0,0,1,0
"{FA9ED8EF-AF24-4068-89AB-DCB8601D204C}",NA,1,0,0,1,0
"{27C725CB-96D3-4C7E-9D4E-971BB46D8319}",NA,1,0,0,4,1
"{8EB21B81-DF7D-47DE-B908-C854B7BF68F0}",1,0,0,1,3,1
"{9FE3CDC3-4CB5-46FC-99AF-98DC153DFD9A}",NA,1,0,1,1,0
"{69B2CC8F-06A9-405E-AEDC-2E4FC581B12F}",NA,0,0,0,1,0
"{77494D50-5C44-4BC4-9000-E8CF5AED5856}",NA,0,0,1,1,0
"{916C4CB4-21DC-4C6A-870B-E00F6FCC16E6}",NA,0,0,0,1,0
"{AFA00264-192E-433E-8C4C-F23FC1608470}",NA,0,0,0,1,0
"{8E4B939A-4EC8-460C-BE74-FE835799268D}",NA,NA,NA,NA,NA,NA
"{D876575D-B983-4415-B113-F8C8D12C8247}",NA,0,0,0,1,0
"{752D4544-D5A4-400E-88EB-8F29FE35A117}",NA,NA,NA,NA,NA,NA
"{2EF717CA-6A6C-4538-8396-24E7A4634FF8}",NA,0,0,0,1,0
"{A4558A28-90CF-4592-8243-575C3B5BB5E2}",NA,0,0,0,1,0
"{D2F1CE23-7F6B-4A22-A21E-2AA2E27EC545}",NA,0,0,0,1,0
"{CE97A5EA-5CDC-4B42-8569-C11C64DEC619}",NA,NA,NA,NA,NA,NA
"{668B1537-8AE9-4D5A-A54D-26C164EE783C}",NA,0,0,0,1,0
"{7BBB9584-1A0A-4011-8487-002195AD99A4}",1,0,0,1,1,0
"{D5841748-A650-42B2-8DA9-9BDDF0B66C24}",NA,1,0,1,1,0
"{BD34A218-D8E3-4D3F-8A69-F6F96CAAB30F}",NA,1,1,1,2,1
"{6FCE5B67-55D9-4764-AE1B-4E5E499AFA11}",NA,1,0,0,1,0
"{514B9BD8-A37C-482B-AB0C-CC4038CEB0FA}",NA,NA,NA,NA,NA,NA
"{1B3CBC8C-62D4-40FC-B84B-11FB72E7E9D1}",1,1,1,0,4,1
"{A81F9A6F-5007-40B4-9362-0F86882CF18B}",NA,1,0,0,4,1
"{A19F3815-A7F7-4A71-A4A0-03B45030D869}",2,1,0,1,1,0
"{7F8ACC19-F002-4644-9D96-7933F24F83C1}",NA,0,1,0,1,0
"{64963B59-B608-47E4-839B-068B9AE5E216}",NA,1,0,0,1,0
"{3319B9E6-AC5F-421C-95B7-C4C74B256841}",NA,1,0,0,1,0
"{7C4657F2-1277-4D5C-89B1-2A617B0B5726}",NA,0,0,0,1,0
"{1195A080-1EE4-4468-9FED-339C8B600185}",NA,0,0,0,1,0
"{69640EC1-82A5-4492-BD35-2DC06E1B6268}",NA,0,0,0,1,0
"{B85FFAAA-40B7-4944-A24B-F189A94A6B38}",NA,1,0,0,1,0
"{980A83C3-BDD1-4B61-8B13-63F8BBD3CC02}",NA,0,0,0,1,0
"{97F9EA1A-9FC7-4DE1-A4BF-89913EDC56BF}",NA,0,1,0,2,1
"{6439EF9B-B9CE-412C-981E-D65310BF3F96}",NA,0,0,0,1,0
"{0903D5FC-2A0C-4767-A419-40FC11CCC1DA}",NA,0,0,0,1,0
"{912A746B-2B7C-4DAD-AAE9-9AA46862FAED}",NA,0,0,0,1,0
"{7C44BAA3-FA97-49C5-BD06-08E59B344068}",NA,NA,NA,NA,NA,NA
"{3BF45B8C-FBED-4840-8AD3-FC1673D9B34F}",NA,1,0,0,1,0
"{51553593-0A4E-4AED-B46E-45F12E7BB803}",NA,0,0,0,1,0
"{4D741AE3-3506-4E4D-B274-CDC76BB900B9}",NA,NA,NA,NA,NA,NA
"{60FAD85D-4263-4324-9566-C44731AC35C3}",1,NA,NA,NA,NA,NA
"{5BBFC315-F215-4D61-A934-E212336FFD95}",NA,0,1,0,1,0
"{185CA881-2BAF-4832-8525-EE0D1729A0CF}",NA,0,0,0,1,0
"{3DEBC722-319B-4CC1-A719-2B5AF88CE66E}",NA,NA,NA,NA,NA,NA
"{766364D5-3170-44C0-9477-1B6822AAFE6A}",1,0,0,0,1,0
"{640D97EC-B1AF-445E-83A6-DCEEC2331A81}",NA,1,0,0,2,1
"{B07DE58C-C065-4DDE-A402-A8B9942D29D2}",NA,1,0,0,1,0
"{6BB68C81-F241-4A6B-93F6-D6B4380956AE}",NA,NA,NA,NA,NA,NA
"{42C13A91-4208-4756-9B25-00BADC14136B}",NA,0,0,0,2,1
"{BFD67536-36CC-456A-A6E3-E556B11C190E}",NA,NA,NA,NA,NA,NA
"{C2BE803E-8941-497F-ABDC-5C3AD3013F63}",NA,NA,NA,NA,NA,NA
"{18D3CC92-13B7-48EE-B113-6A33F83CB4CF}",NA,NA,NA,NA,NA,NA
"{191B9841-8336-4E8B-96E0-716C57FED86D}",NA,1,1,0,1,0
"{4AF2CD5B-5700-445D-8AB8-95886272886F}",NA,NA,NA,NA,NA,NA
"{C1F0F542-03C2-4098-BFFB-7B776AAF7ECE}",NA,NA,0,NA,7,0
"{1F4A4946-8CAA-4ACD-B16D-B91FCD1797E5}",NA,0,0,0,1,0
"{9FB0A6ED-3409-4861-817F-ED8BCD89F907}",NA,NA,NA,NA,NA,NA
"{67D0F3A6-A9C5-4099-8EDF-3A63D4504484}",1,1,0,0,1,0
"{59333E91-AD79-4CAD-BE5C-008AF229402C}",NA,0,1,0,1,0
"{8AB7635A-1DBE-4B2D-A15D-BC3919BA865F}",NA,1,0,0,1,0
"{FD400787-D4E1-4B84-8C9F-70A6C7547867}",NA,0,1,1,1,0
"{BDB58161-D7F1-4223-8AFD-56490AE1B595}",NA,0,0,0,1,0
"{F99D6F74-DE6E-4C86-8334-870971E8ABC1}",NA,NA,NA,NA,NA,NA
"{490FB593-C586-4208-A2C0-8915FF1FF198}",1,1,0,0,3,1
"{4650AA89-9018-4075-B4F7-65E650C279F1}",NA,1,0,0,1,0
"{46FDBE4D-AEA7-4FAC-9718-167FFF463FDD}",NA,1,0,0,1,0
"{6945F1FC-B307-438F-B4E6-919CD146BF6B}",NA,1,0,0,1,0
"{8AEAF450-315D-4F3B-9F33-9B4102E65F65}",NA,0,0,0,1,0
"{3456E17C-34F7-44C3-951D-25738F609802}",NA,1,1,0,1,0
"{65A865A9-D11B-4E27-A007-1F910FBB73BD}",NA,0,0,0,1,0
"{748CAC9C-45D2-47DF-8C78-217B4E84CEF0}",NA,1,1,0,1,0
"{A8625EBC-3DA6-4B1D-8FDF-9E3FDAC72E0F}",NA,0,0,0,1,0
"{12B65D79-D3EF-4282-9A97-1CFAFE89A036}",NA,1,0,0,1,0
"{3814B2AE-1995-435E-8B77-01A13562FB36}",NA,NA,NA,NA,NA,NA
"{67073971-0809-419D-833A-96AF73198FEB}",NA,NA,NA,NA,NA,NA
"{9CE2CB28-82A8-4049-897A-6F27BFDEE6D2}",NA,0,0,0,1,0
"{EB34B08A-4944-4569-804F-48E9DE5F163D}",NA,0,0,0,2,1
"{F84008A3-44D9-4DA2-8520-D488CD5B7F74}",NA,NA,NA,NA,NA,NA
"{3F4017CB-B7E1-4B32-B9D7-EA89C049A687}",NA,1,0,0,1,0
"{04EDE50B-0306-4382-9367-E8D5D19C3CC5}",NA,0,0,0,2,1
"{1908DBA0-977D-4D2D-AB7B-E963750DC802}",NA,0,0,0,1,0
"{0EFFD5EB-3393-4937-A019-D3A6BD198113}",NA,NA,NA,NA,NA,NA
"{01DE2EB7-8F6F-422D-B266-991B8E53628D}",NA,0,0,1,1,0
"{939E73DB-DD11-4D6B-8E7B-047B62766073}",NA,0,0,0,1,0
"{DBE8E982-8968-4212-A2F6-664DC607F81C}",NA,NA,NA,NA,NA,NA
"{5A4DC7CC-BDC8-45D1-B4E7-813DD7B03A15}",NA,1,0,0,1,0
"{5B96DA9A-BAC1-4167-B19F-3DCDF7C1FCA6}",NA,NA,NA,NA,NA,NA
"{0A328E2D-13AD-4BBD-986C-B2D0B8D15872}",NA,0,0,0,1,0
"{9109B960-2E9A-4281-9D01-63D2B6DB5D71}",NA,1,0,0,1,0
"{D5A6250D-F12F-4EFF-B583-3A58CBE53AE9}",NA,NA,NA,NA,NA,NA
"{3B92D06B-3237-472D-BF0A-3EA2B06EDB3A}",NA,NA,NA,NA,NA,NA
"{70610D0E-A539-4002-9AF1-5E7F2B8AD5C3}",1,0,0,0,1,0
"{F6F1FB51-10FF-478E-92A7-1D1815C07C82}",NA,0,0,0,1,0
"{61388890-1517-41C3-88A1-6F89D83F8C44}",NA,0,0,0,1,0
"{3E310B47-797D-4707-950D-9ED7DE7B76CE}",NA,0,0,0,1,0
"{25F267B6-E911-4BEE-A0D1-22E2D7FEC47F}",NA,0,0,0,7,0
"{11D6B686-A489-45AC-82D5-9B9FD18A7CF1}",NA,0,1,0,1,0
"{8A05FAA6-89BE-4BCA-988C-64CFDCF664C7}",NA,NA,NA,NA,NA,NA
"{E8A07D2D-297E-4E32-87A9-A5B8493C01AF}",NA,0,0,0,1,0
"{1576F5F0-DBDE-4A82-83DF-E14B0EFAF6E2}",NA,0,0,0,1,0
"{B7FF6231-B011-4048-8FB7-3BE8F39545F0}",1,NA,NA,NA,NA,NA
"{17B2F5CB-523E-4099-AB2D-21C5DC008ED7}",1,0,0,0,1,0
"{E91C2D56-29DC-4B0C-8607-48E1F9F3CACD}",1,0,0,0,1,0
"{3A690EB9-779F-4096-B9D3-CC0F7B7D1E05}",NA,0,0,0,1,0
"{67B0C981-8C38-450B-818A-35DA97B9B4A7}",NA,0,1,0,1,0
"{F33584DC-44DB-40C8-A056-536CBA8C5234}",1,NA,NA,NA,NA,NA
"{B96EE747-D69B-42F4-AFAE-152F12ADBC83}",NA,1,0,0,1,0
"{D39AFE8E-9FCF-4674-B69E-42646A21E89C}",NA,NA,NA,NA,NA,NA
"{56BD24DA-C601-4E6D-9F8A-EBEB3176E108}",NA,0,1,0,1,0
"{3802B502-F888-4252-898D-9FD85A4CB69A}",NA,NA,NA,NA,NA,NA
"{81FF033F-7EA3-45CA-B825-A968163CD366}",NA,1,0,0,1,0
"{AABD9E7D-7CE7-4654-8B82-545A9544D351}",NA,1,0,0,2,1
"{3A32B48D-24C2-4D39-8B99-6C3044278C45}",NA,0,0,0,1,0
"{EDD77471-B49D-4CB2-89C2-CF7D4228FD62}",NA,NA,NA,NA,NA,NA
"{607C8B5E-DDAB-4C64-8187-C7B3D336A0DC}",NA,1,0,0,1,0
"{408264FC-BBDA-4A04-B97E-C361E59B81BB}",NA,0,0,0,1,0
"{E59DD297-6C74-4154-854F-C7F33BCD1487}",NA,0,0,0,1,0
"{ADB61DD4-E1BA-44BE-9680-AD2CCE5D3C65}",1,NA,NA,NA,NA,NA
"{7DC066BC-2950-4096-A742-06E9B9C5CA25}",NA,1,0,0,2,1
"{2831F46E-74C2-47C4-BFC9-6D4906C27331}",NA,1,0,0,1,0
"{9F14BF0C-BCC6-4B28-81DC-3AB84AC41AEA}",NA,0,0,0,1,0
"{C7CD0001-7DB7-4FDD-A254-CEA716F1E3B4}",NA,1,0,1,1,0
"{CCE2C8A2-3646-42BF-8356-C498318D7C30}",NA,0,0,0,1,0
"{96FD356B-EA9F-447E-98F9-F41B070AF0CB}",NA,0,0,0,1,0
"{49F71376-486C-4498-9813-76BBD9C370C6}",NA,0,0,0,1,0
"{442E438C-C82F-4EA9-8B66-5F5F62028F75}",NA,0,0,1,1,0
"{FD7EEEC1-8582-4FDE-92EB-9BDE01F1D50E}",NA,1,0,0,1,0
"{82171F7F-BB57-4F8A-8467-24CB874D118B}",1,NA,NA,NA,NA,NA
"{CAEEBC5E-F42C-4E6C-A749-4A2BFEEC2DA9}",NA,NA,NA,NA,NA,NA
"{6DC94698-17D4-4799-9B10-7E52AD8DEE87}",NA,1,0,1,1,0
"{17BEF4B2-6F0B-463A-BC68-CFEEE54FECE4}",1,1,1,1,1,0
"{67548F97-59D0-4E9F-86AA-11868BD64728}",NA,0,1,0,1,0
"{FD077CEB-706F-481E-B6BE-168B7FD4AD27}",1,0,0,0,1,0
"{498C7F9C-4E6E-40E1-B30B-F1661E7C4B12}",NA,1,0,0,1,0
"{7196B9D7-290B-4FB4-93FC-63739C732F46}",NA,NA,NA,NA,NA,NA
"{A3AE800F-ADA8-43C2-9927-BB202B454880}",NA,0,0,1,1,0
"{2F7FD78E-9681-43E8-ADF1-129DC1D104C8}",NA,0,0,0,1,0
"{EF0DA439-28FB-45CE-BD51-9C72CFDB470A}",NA,0,0,1,1,0
"{C9C280CC-97F9-4168-B808-6728012181BA}",NA,NA,NA,NA,NA,NA
"{9E226836-EBF4-4676-9AE4-B8B03DE13231}",1,NA,NA,NA,NA,NA
"{D53C3A9B-5F24-46B0-8A37-50107A386886}",1,NA,NA,NA,NA,NA
"{CB39FB1E-EE1E-4B05-A197-99BA2821B4BC}",NA,NA,NA,NA,NA,NA
"{A8EB55B0-A595-4420-8956-B1BECC007FC1}",NA,0,0,0,1,0
"{2A98B873-28FA-4254-A74D-D27B0FE3D096}",NA,0,0,1,1,0
"{23163323-EC21-4361-A0B9-5CA048ED59DF}",NA,0,0,0,1,0
"{BA0E91DD-D6DD-4B04-B503-CC8EF896AE5A}",1,0,0,0,1,0
"{C224C950-B95F-46BE-92D5-6E7D4FFBA4E3}",NA,NA,NA,NA,NA,NA
"{E7190940-9D48-49EF-869A-96892F452E63}",NA,0,0,0,1,0
"{17891B0D-9854-4FCE-A493-8807DD9962EE}",NA,NA,NA,NA,NA,NA
"{7E674BCC-31FB-418A-A9D7-11DEFFB3A1D5}",NA,0,0,1,1,0
"{5A147CC4-2072-41E9-BE8E-4D6DFB042C11}",1,NA,NA,NA,NA,NA
"{DC577FEB-6573-4305-86C3-99D6A5212B1B}",NA,NA,NA,NA,NA,NA
"{EFEA4227-2A6E-46D7-8BE0-DA3C94DC0034}",NA,0,0,0,1,0
"{5B9FFE3F-3034-446A-8922-B2F4CE1CD8E3}",1,0,0,0,1,0
"{539150D8-2735-4335-9FA4-6D4AE7E25465}",1,0,0,0,1,0
"{290E12F0-1AC8-49A2-A15C-AFC3402CAAA8}",NA,NA,NA,NA,NA,NA
"{65955BF5-2618-4BDF-97AE-D627996624AC}",NA,0,0,0,1,0
"{5A126E5F-A4BE-49E4-A583-00A05D1552BB}",NA,NA,NA,NA,NA,NA
"{F926214F-3563-47D6-AADF-B81C254C38EE}",NA,0,0,0,1,0
"{08875E69-F685-438D-9AB0-C221BF8717D4}",NA,0,0,1,1,0
"{3768E6A6-1F86-48B4-848C-81D18DCAA719}",NA,1,1,0,1,0
"{C4C5FB4A-63BE-4352-B1EC-537629762917}",NA,NA,NA,NA,NA,NA
"{477CA007-4B63-4D29-8261-7F95BF13DE1C}",1,0,1,0,7,0
"{43588E2C-6B29-4FF9-8683-65E123C69F4E}",NA,NA,NA,NA,NA,NA
"{933C31B0-998B-4D41-B724-8586D164DED7}",NA,0,1,0,1,0
"{4A6E97DA-AB32-472A-8A21-E2FBF53B67C6}",NA,0,1,0,1,0
"{E67A4EDB-2B73-44E9-AB89-5B7FBAE5D537}",NA,0,0,1,1,0
"{7D1D2505-6330-42D5-861D-9207AA8492AB}",NA,NA,NA,NA,NA,NA
"{7BDFFE30-009C-4162-8D49-9C19CEF3E9B3}",NA,0,0,0,1,0
"{1F733A94-DA3E-4FA4-9F4F-459BEC328516}",NA,NA,NA,NA,7,0
"{660DE2D2-FBF7-4DC3-8E4F-4BDB54C38F3A}",1,NA,0,NA,7,0
"{8152939F-7D3C-4E01-AD62-D60ABA77967E}",1,1,0,0,4,1
"{75CA1505-7F85-4261-BF35-524C1D74DD81}",1,NA,0,NA,7,0
"{1ED489DC-A0B9-46DF-9E6C-D34DA9EE9EFD}",NA,NA,0,NA,7,0
"{ED1B70C6-C046-400E-86E0-21E575AA1C97}",NA,NA,1,NA,7,0
"{BA2AB859-59CF-4349-AABF-62E1AA4C6D63}",NA,0,0,0,1,0
"{D85075C3-2C7F-4543-9D7E-F5D4D5DD5CB8}",NA,0,0,1,1,0
"{049C74AD-5702-48EC-8C2E-78FDD5CF8C66}",NA,0,0,0,1,0
"{6D033879-B0E6-446D-94EB-6186AC1C8FA4}",NA,1,0,0,1,0
"{D4D15B10-CA32-406D-88A6-E2C5028CE57E}",NA,NA,0,NA,7,0
"{9A2B6B3C-1D0D-4011-8D5C-436D887FA0DC}",NA,1,0,0,1,0
"{12D24B96-ED7F-43F3-BCDC-BA1DE824AB28}",NA,1,0,0,1,0
"{FC1C942F-7048-47AB-AA5A-3389279A0722}",NA,1,0,0,7,0
"{0F3461EE-7CD6-4873-988A-B9690977420A}",NA,0,1,0,1,0
"{1D3780DB-4F41-4F10-ACA1-25495D668DDB}",NA,0,0,0,1,0
"{10633AB3-CBE8-4875-B038-3476A747BC44}",NA,0,0,0,1,0
"{694F48D2-1B19-4FD9-AD9C-1EE8C3092D76}",NA,0,0,0,1,0
"{EB1E1D11-57FF-4E9C-9965-C2045FD1662C}",NA,0,0,0,1,0
"{8245FBB0-71D2-4BD3-9CDB-39662132EB7D}",NA,NA,NA,NA,NA,NA
"{F470D9DD-73E4-4034-837A-2E32F8A8D9E1}",NA,NA,NA,NA,NA,NA
"{8C9ABA13-68C0-48F8-9471-5C940B862EDC}",NA,0,0,0,1,0
"{648932D4-78B3-4EDD-A0C4-E8810033F7BA}",NA,1,0,0,1,0
"{6F9D6972-D995-4C4F-BB36-5E88750927A0}",NA,0,0,0,1,0
"{EE82FAF8-2FEA-4711-A708-E4B885A76067}",NA,0,1,0,1,0
"{945DF06C-D5A2-4ACB-890B-9FF3FF4AAEB5}",1,0,1,1,1,0
"{C1C60BA1-61F2-40C4-8FAF-41A86B338B3A}",NA,0,0,0,1,0
"{3108E897-5368-4B4A-9501-F67CC1A1850B}",NA,0,0,0,2,1
"{A1DD3517-B10B-4BEB-B321-DBD024C1D6E6}",NA,0,0,0,1,0
"{9291B565-3068-4FB9-ABE2-26DA9BDB3482}",NA,0,0,0,1,0
"{F3F669F0-405C-4F56-8542-D3D6EDB34A1D}",NA,NA,NA,NA,NA,NA
"{F3A6BE6A-B51B-499F-9145-F653FA7801C4}",NA,NA,NA,NA,NA,NA
"{93CAF5B1-AC5E-4F5C-93C7-64B1AF68D40C}",1,0,0,0,1,0
"{88FE0CBD-CFDF-4322-B45A-DDB7A31E4E2F}",NA,0,1,0,1,0
"{A4703B14-D606-4E37-AA1F-B7A940D688C2}",NA,NA,NA,NA,NA,NA
"{8CD776D5-D165-4BE5-BD39-4A9867610498}",NA,1,0,0,1,0
"{13BA6499-B31C-486D-AFDC-6A62DEF46F13}",NA,1,0,0,1,0
"{D88F579E-BF68-4377-9C78-AAFA53BE5967}",NA,NA,NA,NA,NA,NA
"{DE2F31D9-5956-427E-9F82-64E8E32C4E16}",NA,NA,NA,NA,NA,NA
"{5B996833-1E73-488D-B10F-3A3D996380FD}",NA,NA,NA,NA,NA,NA
"{F5060AAA-AAC7-4B73-9302-6F1995A1050C}",NA,1,1,0,1,0
"{6E4C0E54-6E46-4312-BAB0-CA8804BD677B}",NA,NA,NA,NA,NA,NA
"{AB396501-9D80-4054-9845-DFE2F617911E}",NA,1,0,1,1,0
"{36EF2572-A8EB-4B5B-A38D-F41ECB6972AC}",NA,NA,NA,NA,NA,NA
"{F68B97D5-92FD-48C0-9985-84E308741BDD}",NA,0,0,0,1,0
"{0BDD3BC1-80F5-49A0-BB82-A8E2821BB6D6}",NA,NA,NA,NA,NA,NA
"{6C5919B6-70FA-4827-B572-8BBF5DE32884}",NA,0,0,0,2,1
"{53D4A9BB-76DF-40D4-B86E-8C002647F40B}",NA,0,0,0,1,0
"{60A36A52-CE0F-42D1-B11F-7664E9D2BB26}",NA,1,0,0,1,0
"{59F55878-103B-4888-A83A-6DFF267A50D9}",NA,NA,NA,NA,NA,NA
"{3E92A615-4F06-47CB-B34C-DC9EA6539FC3}",1,1,0,0,7,0
"{81252CC0-34CD-4DC2-A4AA-7EC18CD66207}",NA,NA,NA,NA,NA,NA
"{CFF68633-A4FD-4C80-A712-06B0271B9996}",NA,NA,NA,NA,NA,NA
"{9DC26BC9-8DDA-47E2-A9B1-0FEE97F12745}",NA,1,1,0,1,0
"{97A0C295-94FA-4802-923C-9BB8ECE2D153}",NA,0,1,0,1,0
"{126C2FC6-A353-48D2-AE31-F8898C93B306}",NA,NA,NA,NA,NA,NA
"{243312BA-F609-43A7-AAFD-3DE3855BF722}",NA,NA,NA,NA,NA,NA
"{BF52BB46-422F-4437-833E-7AE36790FBEA}",NA,NA,NA,NA,NA,NA
"{19640FFB-94DA-4359-99BC-343F9DDBFC3A}",NA,1,0,0,2,1
"{3CA3A6EF-847C-4CDE-8EE1-993273704103}",1,1,0,0,1,0
"{E03A1AC6-0DC1-4FB1-9ACA-81F667DE7758}",NA,1,0,0,7,0
"{87FA9EBC-0DAA-4904-8ABA-C753FAF05127}",NA,NA,NA,NA,NA,NA
"{F1FF7C9D-7507-4AB9-BA30-DFB015726A36}",NA,NA,NA,NA,NA,NA
"{5F831199-4A2C-415B-BE03-416C8AECA704}",NA,1,0,0,1,0
"{06032F6C-A481-4F04-8B05-E5E8D52B385D}",NA,NA,NA,NA,NA,NA
"{BD3B6E68-F6B0-4862-8BDE-DF8B7F080288}",NA,1,0,0,1,0
"{8C4D6056-EBC0-492C-9ADB-3928D9890DBD}",NA,NA,NA,NA,NA,NA
"{78480F55-A684-4D77-9B6B-70E743768B31}",NA,NA,NA,NA,NA,NA
"{D6B6A359-F683-47F8-AE71-74C7545C2FFD}",NA,NA,NA,NA,NA,NA
"{421BC340-1F95-4717-B714-72D451C614EF}",1,1,0,0,1,0
"{C4FA3296-1DCA-4514-A186-5E0A278F91FA}",NA,1,0,0,1,0
"{F19FE8DA-9902-46E2-9CE4-A88BA373FE23}",NA,0,0,0,1,0
"{B2E11BEF-1E04-4ACE-9FBF-6D4B06CDBFF9}",NA,NA,NA,NA,NA,NA
"{F42BF7CD-EAD0-4ED9-B044-BB04BB64D863}",NA,1,0,0,1,0
"{9A01D60C-3B6F-4BFF-9803-EB14EE84415F}",NA,NA,NA,NA,NA,NA
"{570B4AAB-38CC-42C8-9587-89025C8BD0BC}",1,1,0,1,4,1
"{09E95E68-2540-432C-8B1A-95401E10F3DB}",NA,1,0,0,1,0
"{C0B3478A-CE23-4650-BD94-B932B73E1571}",NA,1,0,0,4,1
"{238392B1-2401-48AE-A7F9-964F5D1BD207}",NA,NA,NA,NA,NA,NA
"{6684249D-4D94-4D1A-A931-AD038465DE24}",NA,NA,NA,NA,NA,NA
"{BB1B7973-7656-46A0-AC28-5F9672EA4C58}",1,0,1,0,1,0
"{02456203-D499-43B9-B254-FAA0C33AB8EE}",NA,NA,NA,NA,NA,NA
"{2F97F807-F4A3-45D9-8EAD-25D46C7B9754}",NA,0,1,0,1,0
"{A174B26B-592C-4CC2-9270-F638775B7057}",NA,NA,NA,NA,NA,NA
"{6C3BF609-C634-4210-8AC2-BF397F2E7B19}",NA,0,0,0,1,0
"{B4D3B88D-76B2-44C8-92CD-676881A5997D}",NA,NA,NA,NA,NA,NA
"{B8E40085-B011-42A9-88A2-FF174EB3B117}",NA,0,0,0,2,1
"{04CC4F01-DD19-4B90-BE33-54FD55F33EFA}",NA,1,0,0,1,0
"{3EDB4C7B-CAC5-4129-9482-BBC5A895928D}",1,1,0,0,1,0
"{E514B4DF-275D-403C-88C6-149A4D33BB33}",NA,1,0,0,1,0
"{772F49A4-B0B8-4D7D-AD85-A2305E1C706C}",1,NA,NA,NA,NA,NA
"{CBDAA222-02A5-4962-A13D-460347C80FF2}",NA,1,0,0,1,0
"{B082F394-2CCD-471B-8DCA-E00494E49F1E}",NA,1,0,1,1,0
"{4E385D2A-AD4B-4CB3-8975-96F02AE57FE3}",NA,NA,NA,NA,NA,NA
"{5A759C3E-FD3C-41AF-A175-6068ED1AE1A2}",NA,0,0,0,1,0
"{88D777E1-D00E-44A4-B8CD-C45F46E1C828}",NA,0,0,0,1,0
"{51682F53-3BAB-4A99-ABB7-6E8BE4DF9190}",NA,NA,NA,NA,NA,NA
"{BAC7CA35-1AD9-4FA5-A49B-B335B8267189}",NA,1,0,0,1,0
"{EC5A536F-21E3-45B4-BEFE-D664A205A728}",1,NA,NA,NA,NA,NA
"{BCB99DBC-F132-4FBF-8112-C0E0CC0B1E05}",NA,1,0,1,1,0
"{2A1AEDA3-095E-46F2-8C3F-1B1D36976CBE}",NA,0,0,0,1,0
"{807183BD-07D0-4DA1-B8E9-76F573A522CA}",NA,NA,NA,NA,NA,NA
"{0C4B26C8-86FB-41CA-857C-C21FDC584586}",NA,0,0,0,2,1
"{E65AB50A-9CB1-4308-A80F-5E793995E244}",NA,0,0,0,1,0
"{9634A2DA-06A3-4DA9-B6EE-04F2E1E2AD41}",NA,1,0,0,2,1
"{AD278228-3337-4281-B21F-4F7B9086FB20}",NA,1,0,0,1,0
"{8810FC2D-A6D9-4DB6-95A8-C87562E6D3F6}",NA,1,0,1,2,1
"{A26D3A30-36A3-4205-A94D-9FB20705698B}",NA,NA,0,0,7,0
"{16055ECA-02C4-4E8B-86AC-C2794E3782F8}",NA,NA,NA,NA,NA,NA
"{92F150D6-250D-472F-BD70-9B27A35EBD2E}",NA,NA,0,NA,7,0
"{6F033453-974B-406E-AFC9-C22B8F511354}",NA,NA,NA,NA,NA,NA
"{2AF8C22D-8CB8-4132-ABFB-A23177D96798}",NA,NA,NA,NA,NA,NA
"{385B88B1-6AB6-4F72-805B-BA080C0B0764}",NA,NA,NA,NA,NA,NA
"{1D2D38D2-7862-4E1E-AD48-959BD7B274B4}",1,NA,NA,NA,NA,NA
"{A527E2B6-CD0D-42BF-B04D-98903273C4BE}",NA,NA,NA,NA,NA,NA
"{239D96BE-D587-4EE1-9D16-D98ADB75B9BE}",NA,1,0,0,1,0
"{5BB7C0DF-051C-42EE-8498-AF4876DAD3AF}",NA,NA,NA,NA,NA,NA
"{3719F6E2-DD8A-43CE-941D-2D77CA5EEFC6}",NA,NA,NA,NA,NA,NA
"{4DC4D709-24EF-4A93-A196-F26F643A3C68}",NA,NA,NA,NA,NA,NA
"{326D0CB0-3530-48A5-9A92-BF345083989F}",NA,0,0,0,1,0
"{F80FF109-AB25-4ADF-BBAA-17C2E78ED3D0}",NA,1,0,1,1,0
"{2A546999-98F2-467D-BA93-7A8C3F9E2ABD}",NA,NA,NA,NA,NA,NA
"{BCED8690-C8F1-4240-97BD-B849F66D0491}",NA,NA,NA,NA,NA,NA
"{742E59DC-1407-4C7B-9668-5D61477B8C39}",NA,0,0,0,1,0
"{A00C55C6-E323-4B93-9F16-078A934C4AE2}",NA,0,0,1,1,0
"{F5319455-EBC4-4113-82CA-91FC80174F43}",NA,NA,NA,NA,NA,NA
"{AA73C8F3-0B11-4375-8975-1A09BCB10896}",NA,1,0,0,1,0
"{B0F96AFD-F683-4D03-8795-4D884E9259DE}",1,0,0,0,1,0
"{1B07F5EC-A44F-47BB-B93A-DEE4D0235D7E}",NA,0,0,0,1,0
"{281260C7-08C6-4F3E-B5DF-711034CE1C87}",NA,0,0,0,1,0
"{819DECC0-C4EF-457C-B226-8D8ACFF26A50}",NA,1,1,0,1,0
"{B346DABA-9128-4E29-AD97-8192325D3366}",NA,0,0,0,1,0
"{36310C3D-2BCB-4CA7-A3C9-73BCB05DE801}",NA,NA,NA,NA,NA,NA
"{E6C9C8A8-A6FE-4FC4-9885-D76D478C3F54}",NA,0,1,0,1,0
"{F29CA0AB-81F1-46A7-80F0-E828123A2D38}",NA,NA,NA,NA,NA,NA
"{64573B07-C358-433F-A050-FAF6E818A855}",NA,NA,NA,NA,NA,NA
"{A9F71D5B-247A-43F0-81EB-9B1DF69BA394}",NA,1,0,0,7,0
"{36DEA8CB-DD7F-4AEF-AAB2-B7D295AFD766}",1,1,0,1,1,0
"{1631E92C-C63E-4EC1-8770-BC5073CFA9C8}",NA,1,0,0,1,0
"{732A156A-7D14-4C5C-BA30-737D8D712956}",NA,0,0,0,1,0
"{B4530225-4BE5-44D1-91B1-B5930A524CE3}",NA,1,0,0,1,0
"{DAEB40AF-7E7B-4559-861F-98BADF3B4A78}",NA,0,0,0,1,0
"{41CA6E91-0491-4E98-8DEB-37C8EDCED4E5}",2,1,0,0,1,0
"{E4677560-6E75-4AA0-90F5-ECA7020912C0}",NA,0,0,0,1,0
"{43204912-7EB7-4EF0-BBB2-321F8115CFF8}",NA,0,0,0,1,0
"{DADF72B1-77EF-4DC4-99C4-5315FB04D979}",1,0,0,0,1,0
"{913E425F-1566-4AA9-8284-754961DA5EA5}",NA,0,1,0,1,0
"{C4BDDB01-AA6E-45BE-ABEE-9277D125AE1F}",1,0,0,0,3,1
"{95DB48D3-3011-498E-BEDB-47E6B1F8F991}",NA,0,1,0,1,0
"{E2BAEF0D-B869-4645-B733-3A2FAA4C2FB7}",NA,0,0,0,1,0
"{1D4B2CB6-274C-47B4-B225-06EE554AFF8F}",NA,0,0,0,1,0
"{2D2C8B2E-45D5-41F9-820F-F21DEDD245A7}",NA,0,0,0,1,0
"{9CEDFD4C-49B4-4DCF-B5CC-885865CCB8D8}",NA,1,1,0,1,0
"{DE53641A-F853-4E69-ABE1-39BB624AEC7C}",NA,NA,NA,NA,NA,NA
"{CAAACB22-FFA8-46C4-A32F-4D27711C178D}",NA,0,0,0,1,0
"{CEF1DECD-B511-497A-9C86-CFA6A9968748}",NA,1,0,0,1,0
"{D5E6B172-230A-406A-AC3A-0B80350A6684}",NA,0,0,0,1,0
"{4412C340-AE8D-4907-AC98-8D3A04456C05}",1,NA,NA,NA,NA,NA
"{B903F553-4BBF-4DB3-9797-6609377504EC}",NA,0,0,0,1,0
"{CC358375-084B-40AD-A5F6-184EB27E9B12}",1,1,0,0,1,0
"{A7DE5459-5539-4F3F-A4F9-802BA0198628}",NA,0,0,0,1,0
"{32D30868-BB62-4BB3-9BC2-5F7DA5DF0A5E}",NA,1,1,0,1,0
"{1FF3DE4C-6C8D-40EF-B9CB-382C6EB236D0}",NA,0,0,0,1,0
"{94D9448B-1ED3-47DE-8474-673DCA7F8552}",NA,0,0,0,1,0
"{364D74E7-EBB5-4EEC-8D0C-1A1943387C6F}",NA,1,0,0,1,0
"{CADDA747-6D92-40E4-A9E7-D73207BAFD73}",NA,0,0,0,1,0
"{CD6DB11F-E734-4A9B-83CD-3E198323AFF8}",NA,0,0,0,1,0
"{520F7A49-89F7-4F9C-81B9-D29E9ADE2282}",NA,0,0,0,1,0
"{497DD3DB-6C6E-4976-AA06-FCE71651F48A}",NA,1,0,0,1,0
"{1CD6C598-0F05-4C82-8ADA-763B06152D3E}",NA,1,0,1,1,0
"{40DCC8E2-FA3A-4590-A912-2C9EA22B5211}",NA,1,0,1,1,0
"{129FEA22-CC49-4971-B404-6CB3213EC358}",NA,1,0,0,1,0
"{CCDF10F6-EE60-45D4-9DCE-DB1A63F29C6A}",NA,1,0,0,1,0
"{3F11FE93-B5DC-42D5-80E4-5B7F68CFAF76}",NA,1,1,0,1,0
"{595E3DD2-8A72-46C3-91D8-2042F4763B39}",NA,0,0,0,1,0
"{2763D10A-8296-41F7-9337-DD2D8A100D09}",NA,1,0,0,1,0
"{CE030DC0-A6D4-4C5E-86DE-404F1841F3D2}",NA,0,0,1,1,0
"{A8B3CA9A-CDE2-4148-9176-0C0A9E2D4F59}",1,1,0,0,1,0
"{0EB12F57-1B69-4918-B910-26B4AB1A3EFA}",NA,NA,NA,NA,NA,NA
"{B69A5AA5-CCB5-4953-9B2F-28A504FBCB78}",NA,0,1,0,1,0
"{FA43E317-D9B7-4FBF-BB50-2FD98C1D5017}",NA,NA,NA,NA,NA,NA
"{DF3709AD-0AE3-4D2C-9EF4-41460F9903B5}",NA,0,0,0,1,0
"{59D69F40-5159-43A3-A196-26C671005C13}",NA,NA,NA,NA,NA,NA
"{A5CBD38E-BA38-48B1-BAB8-31F74EEC5B65}",NA,0,0,0,1,0
"{D5DB9521-4951-4248-B3B6-1A729755EEB4}",NA,0,0,0,1,0
"{9A7F485E-E98C-4A42-B47E-DA3FC47D91FF}",NA,NA,NA,NA,NA,NA
"{2625C951-945B-4A4D-9E26-27046B838E05}",NA,NA,NA,NA,NA,NA
"{FA36D499-37A8-473A-9280-BC1BA6E51893}",NA,NA,NA,NA,NA,NA
"{FE88AA77-98BD-4B9A-BFA0-5D6FA63DD08E}",NA,NA,NA,NA,NA,NA
"{88692331-E94A-4257-BE87-99CBB8757635}",NA,NA,NA,NA,NA,NA
"{888BDBCB-9FA1-497E-86DD-89DCBBA694CD}",NA,NA,NA,NA,NA,NA
"{DD5EF1FE-A183-47CA-8215-57EB1452CA90}",1,0,0,0,1,0
"{CABC86C0-C174-4058-9950-D0D6715D9569}",NA,NA,NA,NA,NA,NA
"{175B158F-18AE-4F39-96CA-A17988E1E518}",NA,NA,NA,NA,NA,NA
"{7F1542E3-4717-4E89-A630-4266B1073345}",NA,1,1,0,1,0
"{A2983489-5880-49B4-9779-A90AC9DA05E7}",NA,0,1,0,1,0
"{0B823137-4838-4E16-A091-0771BCFB1987}",NA,1,0,0,2,1
"{94CD82B2-8D16-4B36-8BAC-E430CCE2C3A6}",NA,1,0,0,1,0
"{AF54FABE-8967-4600-9AC3-EDE146219753}",NA,1,0,0,1,0
"{A36E9903-C4F7-45DC-9CEC-2373266DE079}",1,1,0,1,1,0
"{0CD4C48F-F60F-4E23-98B6-F7C1087510E7}",1,0,0,0,1,0
"{C1427BF9-B00D-4A7F-AC6D-958B77B9D251}",NA,1,0,1,1,0
"{E2E4B0B2-B50F-4325-9EC4-0EC2542110F8}",NA,0,1,0,1,0
"{BDAD742E-8E2C-4F05-A94C-D5133467BAB2}",NA,1,0,0,1,0
"{3BCBB1C7-6268-4FDF-AB78-C5E7062F9079}",NA,1,0,1,1,0
"{FEF77D28-1B9A-444A-8624-E4684B3C84F2}",NA,1,1,0,1,0
"{B8606D31-D230-4C31-B4AA-5515214A4AC0}",NA,1,0,0,1,0
"{017F3CAE-19AC-4EE2-8685-380EBE7791A2}",NA,1,0,0,1,0
"{30DBEFA4-3814-4C32-A2BA-86D735E93E83}",NA,0,1,0,1,0
"{4D0B575F-E430-4FEE-AE47-0E5AEB4F13AE}",NA,1,0,0,1,0
"{55913068-426E-403A-B89A-2AB58BB226FC}",NA,1,0,0,1,0
"{F1909E16-5BD0-4097-ACBE-AF65BC77899F}",NA,1,0,1,1,0
"{6A61515E-455A-42BF-8C05-2E564F89BC52}",NA,1,0,1,1,0
"{16BC83BA-4819-4083-B4AF-3931E1B907CF}",NA,1,0,0,1,0
"{AF917223-C0BB-49DB-86A1-68D57DBA9CEE}",NA,1,0,1,1,0
"{9E0148AE-0B9D-4D46-9A4C-71D49565E0CE}",NA,0,1,0,1,0
"{E5112518-73D8-4B2E-A212-6CFE1CE9F9E5}",NA,1,1,0,2,1
"{03F0FFB6-FD0C-496C-BD28-A23DF995E12E}",NA,1,0,1,2,1
"{4998AD89-8010-4952-972D-812470D2D3A4}",NA,1,0,1,1,0
"{6F68A8F5-F9AB-4D5F-8F7F-40246FA6EFC1}",NA,0,0,0,1,0
"{23BF1924-1355-4E82-BA0A-AC4CEC9FE12E}",NA,1,0,0,1,0
"{219D7BE8-6DA1-43DD-AAE1-280A6F2B0C1A}",NA,NA,NA,NA,NA,NA
"{0647886D-E891-45D2-B652-85D57AF2D5BD}",NA,NA,NA,NA,NA,NA
"{18CEDAD3-7FCD-46DB-9AC0-7DAB8694494F}",1,0,0,0,1,0
"{6D528C15-C132-411B-8406-FDC125712B32}",1,0,0,0,1,0
"{63EFDCFA-D46C-4119-A0E3-086136970BD2}",NA,0,0,0,2,1
"{900D6360-51DE-47D1-B62F-5F7818306E6E}",NA,0,1,1,1,0
"{907C9AB9-C0E1-49AA-B4B6-8E8068C63225}",NA,0,0,1,1,0
"{CE54C5D6-5A03-49B3-9738-A357DC2D631C}",NA,0,0,0,1,0
"{0E8D10A4-A444-4CD3-82E6-C6DCF15DF615}",NA,0,1,0,1,0
"{EAFA0955-E785-4C95-91C6-13E82EA1BC09}",NA,0,0,0,7,0
"{AE4E8130-65C1-4047-AE36-931E8B996ACC}",NA,NA,NA,NA,NA,NA
"{ACE3A82F-C2A6-438D-A731-0A453CFFB449}",NA,NA,NA,NA,NA,NA
"{541B7B57-0A95-483B-9689-AF47E0262840}",NA,1,0,0,1,0
"{9ADE19EB-97FB-47CD-9342-174E08009BAC}",NA,NA,NA,NA,NA,NA
"{7D2634C1-8529-4D10-BEE7-65E04486E700}",NA,NA,NA,NA,NA,NA
"{17E6F13B-229D-434D-AC6B-5FC1A389FB6C}",NA,1,0,0,1,0
"{CFCED116-890B-44B9-947C-73669470A622}",NA,0,0,1,1,0
"{6538FB8B-A939-4ADA-B30D-499259A3E205}",NA,0,1,0,1,0
"{73C8D795-2FDF-4152-99B4-936D8313B07E}",NA,NA,1,NA,7,0
"{61C933C1-E5CD-4091-8B2A-793B9E384011}",NA,NA,0,0,7,0
"{B38ACDCE-2ECF-4952-A827-92CE8F2559CF}",NA,1,0,0,1,0
"{0D1F46E6-5B6F-4F0C-A8C4-4D5384E23BA8}",NA,NA,0,NA,7,0
"{C09F2D14-4AF4-4F8C-8FD8-2F7CA5582814}",NA,NA,NA,NA,NA,NA
"{304BE1B1-BBDC-421B-8258-C927B222E67F}",NA,1,0,0,1,0
"{CEE49D3B-FB2F-4A96-B028-90DB91FCF66A}",NA,1,0,0,1,0
"{CCF02772-84CD-46EC-9FEC-ADA50E77CB40}",NA,NA,NA,NA,NA,NA
"{4570A58A-CEDA-4418-8F5B-0FA5E7AEED0A}",NA,1,0,0,1,0
"{028E1E28-35DD-4CEC-AF3A-BA4BBD8B8312}",NA,NA,NA,NA,NA,NA
"{817E6A94-6A96-4697-9F13-3DB6182053E2}",2,NA,0,0,3,1
"{9BF0D236-3F58-4292-8DC3-F7F41F56AB8E}",NA,1,0,0,1,0
"{9F35C667-FD3A-447F-A726-AD71F6561BAC}",NA,0,0,0,1,0
"{0D386A77-3F0D-4995-8663-F88A9074354E}",NA,1,0,0,2,1
"{79B5DEA1-1ECF-4E37-AE15-F5DAA7DFEDA3}",1,1,0,0,1,0
"{E7C8130C-6815-4CEA-B40E-B61FD6D0A0C7}",NA,NA,NA,NA,NA,NA
"{E6E03639-D157-4A6E-8925-02F4532AC816}",NA,1,0,0,1,0
"{CE89C10A-EFF8-4751-9325-4D9550DABFCA}",NA,NA,NA,NA,NA,NA
"{07D48D8F-80AD-4506-9859-CF4E2D44FCE9}",NA,0,0,0,1,0
"{DCAB7F48-C5A8-457A-8670-03DA6B21EB17}",NA,1,0,0,1,0
"{1C8DF44C-EA73-484D-85D9-7C42E232D672}",NA,0,1,0,1,0
"{7A3B5569-12E0-4A1A-80F7-175B4681EA34}",NA,NA,NA,NA,NA,NA
"{AA540F54-057F-479C-9BF9-A0DB21E65B99}",NA,NA,NA,NA,NA,NA
"{E3C546C6-4AA3-4CC8-A98F-E5AEBFEC6E9A}",NA,0,0,1,1,0
"{E0EAA6E2-7EFE-4EDB-8890-D7EF9542406F}",NA,NA,NA,NA,NA,NA
"{A18DCDC4-CF95-4C7B-8CC1-D5F4CCE063E2}",NA,0,0,1,1,0
"{EF5CF887-CCD2-4E7A-96EC-A38EDD7F269A}",NA,NA,NA,NA,NA,NA
"{4A639C51-9EA5-4605-AA1E-FB43F4D990A9}",NA,1,1,0,1,0
"{2EB6F2D6-B395-4CDF-81A8-6A1156CA9220}",NA,0,0,0,1,0
"{82D3779E-77F5-48CF-B2EA-B649612621A3}",2,0,0,1,1,0
"{C786CF5C-69F3-487D-8B62-9FEBF144F68F}",NA,1,0,1,1,0
"{444F5D0B-44EF-4181-9094-CC4BC1749B10}",NA,0,0,0,1,0
"{51A9C328-5F8F-4CAC-BC87-DB7F3761F6E1}",NA,0,0,0,1,0
"{35592A78-60B0-4B66-B95E-939E192BCD0B}",NA,1,0,1,1,0
"{9A4B38D6-08BF-462A-9D43-44699DDA74F2}",NA,1,0,0,1,0
"{F0345CBD-AC24-42F9-86D9-034EC66E0B62}",NA,1,0,0,1,0
"{8A525BF0-2683-4939-A764-FB9A6BD706A5}",1,0,0,0,1,0
"{BA300F60-E0D9-4C53-89BA-B5988997F31C}",NA,1,0,0,2,1
"{8F5B085C-26CA-4BEC-83DA-B92BB82E6CBF}",NA,1,0,0,1,0
"{79817BF4-A83D-4CC2-AA0C-6491A70976BE}",NA,0,0,0,1,0
"{60EA23FA-A02D-4639-8E26-29F588F1204B}",NA,0,0,0,1,0
"{515C9F2E-988C-4F45-90F7-6122675F0AA5}",NA,1,0,0,1,0
"{2A2C955A-BFCF-4838-BC0C-F711AA34940C}",NA,0,0,0,1,0
"{955C32AB-8E5D-40C0-9D32-1E9314541680}",NA,0,1,0,1,0
"{1F7F195E-EBC8-4B52-B042-5F06BD9233E4}",NA,1,0,0,1,0
"{1E8C70E7-9474-4E39-B286-A41D9AB7F751}",2,0,0,0,1,0
"{67D84D68-E274-4427-A44F-95D5CF6AF77E}",NA,0,0,0,1,0
"{B151942B-F4CB-402D-9461-573193DFC352}",NA,1,0,1,1,0
"{CAE2E781-E51B-4BDA-A1C9-F44887A29BE6}",NA,0,0,0,1,0
"{75BE9461-F987-43D5-ADF0-3D08E972853E}",NA,1,0,0,1,0
"{E8702620-DA57-4308-BC7F-44760783584C}",NA,1,0,0,1,0
"{ED70DAA9-D07D-4C98-B9CB-5AEB195518D0}",NA,0,0,0,1,0
"{008C5E32-5D3A-46DC-9ABF-1887240EA77F}",NA,0,0,1,1,0
"{4B1EEB14-9BE3-4038-8903-8D28059A80C2}",NA,0,0,0,1,0
"{219113D7-8A18-4235-8124-8FB61FBA2F04}",1,1,0,1,1,0
"{161A94A6-19BD-4234-8865-23EB30DEC954}",NA,NA,NA,NA,NA,NA
"{CAAA31CD-FBE6-4708-A77C-3FF9B1FA1FA3}",NA,NA,NA,NA,NA,NA
"{AD1E7668-F02F-4B99-88B3-A9084F1B4203}",NA,1,0,0,1,0
"{BD3762DC-8546-47CB-8C5E-2C6D1CACD402}",NA,0,0,1,1,0
"{E38CF027-823A-4A92-9BA5-A716E462F6F9}",NA,1,0,0,1,0
"{D9AB61BA-0F7B-40D7-99A2-D3071F553DFE}",NA,1,0,0,1,0
"{4048542C-C2D8-4C59-9AA3-67F1B61B34CA}",NA,NA,NA,NA,NA,NA
"{7AC51033-E2E0-429F-8D93-64409F73E8A6}",NA,1,0,0,1,0
"{6E1653A0-ADDF-4F7D-B3AA-058AB0EB6B73}",NA,0,0,0,1,0
"{7834C5EC-FCD4-48D4-854D-CAA485DE99F3}",NA,NA,NA,NA,NA,NA
"{3F750B0D-D9A0-4BE8-8F23-1A198A2A7101}",NA,0,0,0,1,0
"{A11B73CF-FE14-4682-AC27-255D43212B9E}",NA,0,0,0,1,0
"{1ED6DFE3-63CE-4425-A22D-0FEA14BDECA7}",NA,1,0,0,1,0
"{85C6E58A-EC4D-4670-AF9C-06A2FD01EE08}",1,1,0,0,1,0
"{E941CBB7-65D8-4EEF-BE44-F97CC1002FEB}",NA,0,1,0,1,0
"{9AA955AC-CAA1-48E1-A358-E8E48F2621DA}",NA,0,0,0,1,0
"{2F8877E8-A64C-47AB-A05A-CB7BC0364484}",NA,NA,NA,NA,NA,NA
"{97AEBFE2-45F0-430E-B3F1-074B88EBEC32}",NA,NA,NA,NA,NA,NA
"{745313E6-C721-4B04-ACE6-94B6D4FC2BC3}",1,0,0,1,1,0
"{7CCA1368-83D9-4883-A45B-57FB611F6B7E}",NA,0,0,0,1,0
"{C4F7E317-C554-4A53-AEA7-84A15ECA3631}",1,0,1,1,1,0
"{8E8F4661-C901-492C-BDE0-BD80326A5F9C}",NA,1,1,0,1,0
"{4EA96B38-E3BE-4A8C-AEF5-8333BD42D42B}",NA,0,0,0,1,0
"{61EFACCF-9335-4CED-B956-2A5209820A82}",NA,NA,NA,NA,NA,NA
"{38C42604-3188-4327-AF91-907782AB39ED}",NA,1,0,0,1,0
"{D1F4651B-F471-4014-A335-6D54EA5C1E58}",NA,1,0,0,1,0
"{FE6F48EA-6315-418E-9CCC-E6A8DB124657}",NA,1,0,0,1,0
"{D36176D7-0F8A-4BF3-8495-814A5935DDF8}",NA,0,1,1,1,0
"{F19E1B52-DB18-4024-9E36-168C37EFBD31}",NA,0,1,0,1,0
"{7D90A72E-3D76-401B-A915-E9D80DC8B642}",NA,0,0,0,1,0
"{0334B3F5-9385-4DAF-AB08-260E4FF795DE}",NA,1,0,0,1,0
"{869DEBC4-2930-478E-8335-5B5342E9ABB5}",NA,1,0,0,1,0
"{868442DE-D1D9-4106-8181-B216B0E76B23}",NA,0,0,0,1,0
"{8B651AAD-6578-40F1-A6E8-C2583F533265}",1,0,0,0,3,1
"{93E5DF39-3D18-4806-9079-05F7F07894A8}",NA,0,0,0,1,0
"{051E9423-DD0B-4A16-AA5D-544BEC2BC6D4}",NA,1,0,0,1,0
"{2A549BAC-511D-4A12-BF96-603EC8DEBA82}",NA,NA,NA,NA,NA,NA
"{5D96ADE8-AD15-49B3-BC5F-289323326A5F}",NA,NA,NA,NA,NA,NA
"{7EC75F01-2919-4A7B-9192-4AA356FB03E8}",NA,1,0,0,1,0
"{144B5039-9EA2-48E0-A4B4-E4DCD3968A96}",NA,0,1,0,1,0
"{9A43190F-5684-46F5-8672-B15EB038AD32}",NA,NA,NA,NA,NA,NA
"{1E8AFC1C-CCF1-4425-A42A-077CCB7A18D5}",NA,0,0,0,1,0
"{2FF93BDB-AB94-4E2A-82DD-996BF0DCD64E}",NA,1,0,0,4,1
"{56E1AE67-93B3-4A9A-9FD0-7492B8096C55}",NA,1,0,0,1,0
"{B442BF45-C6CB-48E9-92E5-C729DBC68905}",NA,0,0,0,1,0
"{E9C1B494-1B77-439D-8CD4-B1E71C1C8DE5}",NA,1,0,0,1,0
"{B7162CA5-7D98-406E-86D4-5F5B3D736622}",NA,NA,NA,NA,NA,NA
"{508911D2-CFED-416E-A297-08EC0CE34D04}",NA,1,0,1,1,0
"{862EB258-B9F7-45F3-9F7A-A19C5C91502E}",NA,0,0,0,1,0
"{4939FE00-094D-439F-B30E-CB92B532217C}",NA,1,1,0,1,0
"{3B1D106B-1F51-43A7-B4FA-51FE2BD5018F}",NA,NA,NA,NA,NA,NA
"{BC93B927-B369-4261-8237-E1CBE88F7528}",NA,0,0,0,1,0
"{B24A1013-9071-48B9-87BF-BBBD72193F4D}",NA,0,1,0,1,0
"{3F9CB51D-22B5-4679-9610-074A5D04DF33}",NA,NA,NA,NA,NA,NA
"{8807DFB0-E662-43F7-9DFF-D859ABA207CE}",NA,NA,NA,NA,NA,NA
"{AC818135-0A63-48C5-8F19-61D2B9419650}",NA,0,0,0,1,0
"{42941661-6CF9-4F0C-9F71-FA79D28A14BB}",NA,0,0,0,1,0
"{6E53C9FB-8DAB-4BB6-A7AD-06417E65F665}",NA,NA,NA,NA,NA,NA
"{3A2F487E-DCF6-4E9B-8FE5-3A412BD7B4DD}",NA,0,0,0,1,0
"{AA46D8BE-5BF5-4489-8971-66757B2C75E3}",NA,0,0,0,1,0
"{81673ED0-1310-4CB6-AB60-A1B5360D59BF}",NA,0,0,0,1,0
"{0D56D738-48E0-4293-BC1B-38539A7D18CC}",1,0,1,0,1,0
"{5B3CDEFC-E447-4E73-B98E-076A992E2906}",NA,0,0,0,1,0
"{1CFADC4D-B711-426D-AFEE-731B94F63A4C}",NA,0,0,1,1,0
"{10C1AA4D-E2AE-42A6-8D28-AAB45F36A490}",NA,0,0,0,1,0
"{C7183C98-8E9B-4B34-A849-E46267349ED9}",NA,NA,NA,NA,NA,NA
"{5D7E78BA-44F2-4BEE-93D8-6B5992780F5D}",NA,0,0,0,1,0
"{8BFD023A-2200-4C8C-8901-64F8392BB6F3}",NA,NA,NA,NA,NA,NA
"{E9F28630-EA0A-4767-A5A3-F081DB094956}",NA,NA,NA,NA,NA,NA
"{D68FC9A1-9182-4094-8E57-2CA032558EF0}",NA,NA,NA,NA,NA,NA
"{299B19C1-68E8-4193-AA77-4A5A69349B9D}",NA,0,0,0,1,0
"{67391EEC-EE9F-4FFD-ACC0-D5F2F6C8E53A}",NA,NA,NA,NA,NA,NA
"{45BFB1E9-8B86-49B5-B878-78DC857E360B}",NA,1,0,0,1,0
"{8F26BE22-2B1C-402C-94D1-1926666CDD2F}",NA,1,1,0,1,0
"{94731F06-45C4-45E9-A394-7C8C029D6F71}",NA,1,0,1,1,0
"{DF04A727-8BCE-4348-8C68-D7D5A3A3735B}",NA,1,0,1,1,0
"{627586CE-E014-4E01-A454-144C21500808}",NA,1,0,1,1,0
"{3E9A60C1-3EB3-4142-ABFA-914448C7DDFC}",1,0,1,1,4,1
"{CC96FCB8-8528-4B91-8BDE-23C737C6EE3A}",NA,1,0,1,1,0
"{46A62E3E-F55B-493B-9418-F383189E0E3F}",1,0,0,1,1,0
"{5E7F3AE6-A82B-41D2-AB7A-028CE90EE8F5}",NA,NA,NA,NA,NA,NA
"{470C187C-A257-491E-AB73-75DF3205A550}",NA,1,0,1,1,0
"{AE081EED-4562-449E-B9DB-EB754172DBBB}",NA,0,0,1,1,0
"{8C20ACC8-2B23-4F88-B589-F5389E57173A}",1,0,0,0,1,0
"{1BB77A60-6D7C-4349-BDFF-2C9D3928832C}",NA,1,0,0,1,0
"{B6876512-B9BC-46CD-BD5C-B2DF4D2E4390}",NA,1,0,0,1,0
"{5B14D3C3-5696-42E6-9ADF-1F99D783DDCC}",NA,1,0,0,1,0
"{F0763F6B-7733-40B3-B996-2D294191496F}",NA,0,0,0,1,0
"{1EF24BF3-EF4D-4712-99C9-661AF4B3650A}",1,1,0,0,3,1
"{E7A0A686-9D8A-41F0-A783-A4940DB9BFAD}",1,1,0,0,3,1
"{B9D05272-7302-4327-998D-3179E7F2629C}",NA,0,0,0,1,0
"{2310073E-1C06-42D8-BB21-DABE056FC738}",NA,0,0,0,1,0
"{62906F39-4571-421E-934B-9D288651DCBA}",NA,0,0,0,1,0
"{2D6A6880-85CE-4FF0-AC40-B1B5ABE03084}",NA,0,1,0,1,0
"{A164D45A-1B57-43A2-86BB-ED5301B0CD28}",1,0,0,0,1,0
"{9E7D8761-45B4-4ED1-8DAD-2D39727F480B}",NA,0,1,0,1,0
"{44D885D8-CD17-43F5-BC2D-7EE648E6DDB9}",NA,0,0,0,1,0
"{DEE3B367-AA68-4AD5-81CB-4FAA6FB157CD}",NA,0,0,0,1,0
"{C245B171-3CBB-41EB-B99B-351C6D973703}",NA,0,0,0,1,0
"{3C391CEA-50C1-4089-BDAD-623D78B43EE3}",1,0,0,0,1,0
"{6DA07B7B-EFDA-4959-8194-9DEF55F517ED}",NA,0,0,0,1,0
"{A4174B8A-7B5F-47A0-9E51-FF7795E8A326}",NA,0,0,0,1,0
"{CD83DE87-8916-434D-9733-10C4B1D0CD81}",NA,0,0,0,1,0
"{D119A12B-CBDA-44DB-AFD6-FB78C4BA7459}",NA,0,0,0,1,0
"{CDDBDBD6-AE94-412B-93EC-955EE870EFFF}",NA,NA,NA,NA,NA,NA
"{DDAA361D-C361-4D04-9390-23815EC189C2}",NA,NA,NA,NA,NA,NA
"{DE83114A-028A-4581-9EC4-5C7CD6EE0ED9}",NA,0,0,0,1,0
"{BA81B39C-60F6-4AA0-9052-CD3817133E08}",NA,1,0,0,1,0
"{834C6AA4-46E2-4877-963F-9F7930B097A0}",NA,NA,NA,NA,NA,NA
"{B75ED8CE-DEE1-4752-B451-94E0286D0E9F}",NA,NA,NA,NA,NA,NA
"{7B19914D-BC97-4D12-91A8-7F5E3FF2AC0E}",NA,0,0,1,1,0
"{7980AFA9-27B3-4251-BCC2-B7C479E15926}",NA,1,0,0,1,0
"{D04DB7E3-B062-46BC-971C-D48D51D2E5C3}",NA,1,0,0,1,0
"{E023DC06-42D3-49EB-A683-F93AB3FC7578}",NA,NA,NA,NA,NA,NA
"{DE5B41FC-E6AA-4B58-BCFE-76C75F26183B}",NA,0,1,0,1,0
"{4D9F0350-2B25-4F5A-B18C-295675142EBA}",NA,1,0,0,1,0
"{03D8843D-9F78-4A64-9A29-439EC467CE76}",NA,NA,NA,NA,NA,NA
"{8EDAE411-C978-47B2-8B9D-38DA00FEA81F}",NA,1,0,1,1,0
"{3C164DFE-CBAF-45FE-BE2B-BF5DA7911F14}",NA,0,0,0,1,0
"{F84E9203-E3A4-4D0D-95E7-E74A8E228ADC}",NA,1,0,1,1,0
"{08EB464C-6F55-45E8-8E2E-F9A0680A565D}",NA,0,0,0,1,0
"{B7D6A645-6B9E-4A54-B2FA-E5A2B255B2AD}",NA,0,0,0,1,0
"{DF674CF5-A127-46F2-854A-D6952E33034A}",NA,0,0,0,1,0
"{3D6E16DD-2ACE-482F-AAAF-89DCFDE64582}",NA,0,0,0,1,0
"{EE9C7A12-D254-420F-AB44-F273BE3C140F}",NA,1,0,0,1,0
"{1AD03533-6E28-4864-B578-9625AD101BD0}",NA,0,0,0,1,0
"{3361FBEF-91F6-442A-B726-967BFD45F213}",NA,0,0,0,1,0
"{C54698C7-1226-46B4-905F-82A76A31A30C}",NA,NA,NA,NA,NA,NA
"{5B58888A-C5DC-4609-AB71-16F087EFE3DC}",NA,0,0,0,1,0
"{F981B541-6418-4A51-9B8B-3A220CD547FC}",NA,0,1,0,1,0
"{7984D81C-DDCC-4C65-B565-1328F5669946}",NA,0,0,0,1,0
"{A7BC658E-C956-4F75-AF6D-0AADAD3B7D8F}",NA,1,0,0,1,0
"{F908B856-A074-442D-B715-7F8473199B45}",1,1,0,0,4,1
"{5054DB7A-39ED-4A83-8508-AC86DAA4E80A}",1,NA,NA,NA,NA,NA
"{AD8F2C48-1DFC-4DE2-BCF6-396FE564B2CE}",NA,1,0,1,1,0
"{1D78D798-37D2-44B0-A211-1F3497031315}",NA,1,1,1,1,0
"{DEACE857-2CEE-4C5C-B29D-587179AF354D}",NA,0,0,0,1,0
"{87842E4E-8453-4F58-B511-4AA012F36544}",NA,1,0,0,1,0
"{4AD1E567-19BE-48C6-B4F3-D8DEA1534397}",NA,NA,NA,NA,NA,NA
"{8A1978E9-9A36-4A18-91AA-49DE3A141364}",NA,0,0,0,1,0
"{37BCA922-6D15-45B5-9A1E-3CB25BE08699}",NA,1,0,1,1,0
"{DEA8D43D-65BD-4E23-BCC4-401083A0DEC5}",NA,NA,NA,NA,NA,NA
"{2838D8AE-7798-4D50-9575-5774F177E577}",NA,1,1,0,1,0
"{E586BFF7-9C04-49AB-818F-78CF224AB716}",1,1,0,0,1,0
"{A9449B74-B5C7-4951-8267-7951BF98DC6E}",NA,NA,NA,NA,NA,NA
"{C3D017A4-E644-4A53-A954-B22BDC88E370}",NA,1,0,0,7,0
"{1C6CCACA-7FF6-4D33-9071-88D0A44F1710}",NA,0,0,0,1,0
"{EE733C46-8DF3-485C-9F2C-FFDF153B6535}",NA,0,0,0,1,0
"{84C60A3D-6BF3-4CD1-9C2E-737D5F47C791}",NA,1,0,0,1,0
"{2354B13C-1CD3-41EF-A8B9-5C14336535F0}",NA,1,0,0,1,0
"{7952B4F6-2D00-435F-B781-04C0A93B622F}",NA,0,0,0,1,0
"{E4C684F6-6B04-49E0-9722-BF5955FCF5AA}",NA,1,0,0,1,0
"{99ADD384-E807-40E4-ABB9-FEAEAA22D395}",1,1,0,0,1,0
"{B38C15FB-530B-4AC6-8D54-61AD7658A4F3}",NA,0,0,0,1,0
"{DEBBE7D6-4EE3-4EC6-A09A-DBF7F8FE0589}",NA,1,0,0,1,0
"{8955ED1C-C5A0-490F-99EB-ECA773428192}",NA,0,1,0,1,0
"{14E76D86-1370-4328-A6CD-E6DBC622AADA}",NA,NA,NA,NA,NA,NA
"{893E2441-8D93-4665-9628-D23ADBF43346}",NA,1,0,1,1,0
"{5DC223F4-C16E-4947-B66D-59D0DE004FD9}",NA,NA,NA,NA,NA,NA
"{8B2B23B6-835E-415C-9003-DBB76337DACB}",NA,0,1,1,1,0
"{A6AC4468-979E-4686-82E5-FED188B8CE08}",NA,0,1,1,1,0
"{D50B47D4-7C61-40E6-B1F5-B9974BAC10EF}",NA,1,0,0,1,0
"{508FA05E-746D-4AE6-8039-81F2EC85A675}",NA,0,0,0,1,0
"{CC4C2C6A-7C5A-48C7-87ED-11D699DE1362}",NA,1,0,0,1,0
"{93A05EC4-BA34-42BA-9E9A-EDA230B72C88}",NA,0,0,0,1,0
"{EE6EE4D5-9964-46C3-921B-6F268128C88A}",NA,0,0,0,1,0
"{3E1479E0-1103-4F3F-B67B-40E02001454A}",NA,NA,NA,NA,NA,NA
"{38BCEB16-42EA-4D36-A525-6D0C974CE292}",NA,1,1,0,1,0
"{348DA973-5193-48FF-8A49-92047AF41E6D}",NA,NA,NA,NA,NA,NA
"{A149D7CC-46F5-42DF-85D0-2265A97B6151}",2,1,0,1,1,0
"{B439C6BC-CD2D-4C9F-93D8-FF255D78CDF8}",NA,0,0,0,1,0
"{B424B980-A588-49B8-830F-9C2F7202F77A}",NA,1,0,0,1,0
"{72F46CC3-8501-4FA4-834C-DA8AC97D225B}",NA,1,0,1,1,0
"{B9CA5289-05F0-47A7-9923-51ABA6790B82}",NA,0,0,0,1,0
"{097E929B-08DE-4601-A8BB-CD1EE83EFFFF}",NA,1,0,0,1,0
"{2F68334F-24AE-4F0F-B30E-802B895E05F2}",NA,1,0,0,1,0
"{6159EDCF-40F7-462A-AF69-6B3AA3CD947E}",2,1,0,0,3,1
"{0E1BDB4F-7445-43EE-92EE-AE9581902920}",NA,1,0,0,1,0
"{3FAD0AAF-E85B-4369-BAFB-542F3C41FFA9}",NA,NA,NA,NA,NA,NA
"{ED220E3E-105C-44B3-A175-0FDE70F1C37F}",NA,1,0,1,1,0
"{49B81037-0A48-4C7B-B6DD-31A9C03E291F}",NA,1,0,0,1,0
"{F3C6E9DF-B325-4227-9DC1-FAA95AADBC85}",NA,1,0,0,1,0
"{AA5657A9-391F-4807-A900-F0F626480239}",NA,1,0,0,1,0
"{58FB86F3-3853-4668-BD6B-FA08B7C7A24C}",NA,1,0,0,1,0
"{D2B8F56D-E636-460A-833D-D85D01809A6E}",1,0,0,0,1,0
"{C13F6CD0-A16B-4EFE-9900-9D30ACBA9C5F}",NA,1,0,0,1,0
"{935876DD-6276-4176-9C01-23B4AFC5B400}",NA,0,0,1,1,0
"{3E313784-C994-43BD-BCF6-54E041357D57}",NA,1,0,1,1,0
"{46095F9E-17A1-4DD0-AC2F-09D89FA5522B}",NA,0,0,0,1,0
"{F182B45A-9C8B-4D01-BEBB-E306515D331E}",NA,1,0,0,1,0
"{AD1D8683-056E-4BDC-8D40-BBB6DA7E4C82}",NA,1,0,0,1,0
"{3266085F-42E6-4336-AD3A-66426F1AADE7}",NA,1,1,0,1,0
"{3B05EBDA-732C-4F4C-BD22-E86DFA54B5F8}",NA,0,0,0,1,0
"{7ADBDA58-F23F-4259-B6BC-C2F570307858}",NA,1,0,0,1,0
"{BC7EF675-6027-42F2-AD6E-9FCB982BEA14}",NA,0,0,0,1,0
"{9600849D-67D8-4189-8934-0D4A7EAD3EDB}",NA,1,0,0,1,0
"{9C9AC39D-74F5-4B78-A1E6-3D527D4F3222}",NA,0,1,0,1,0
"{9D75F95B-DF5A-4527-8625-019444581EBD}",NA,0,1,0,1,0
"{E50516CB-4B70-4FF1-BE16-934AF2488E6A}",NA,0,0,1,1,0
"{ACC36D27-A24C-43CC-9939-1D695C8F6192}",NA,0,0,0,1,0
"{F1DEB185-22D5-42F0-BEB5-CBCE5D9A10E4}",NA,NA,NA,NA,NA,NA
"{D22812C5-0E75-4759-B4BE-9D108CC9CB9B}",NA,0,0,0,1,0
"{E21ADD47-8485-4E1F-BED5-ECA9FC5540C2}",NA,0,0,0,1,0
"{0CA3C35A-1DB0-4481-91D1-3F42F51B59DA}",NA,0,0,0,1,0
"{58EACB64-3828-4197-8498-D07998AB568A}",1,1,0,1,1,0
"{9279EBFA-37AB-4D73-9F8A-4EE56D6C5658}",NA,0,0,0,1,0
"{12F066B2-EB20-4FA5-BFC2-2E22CEE6477C}",NA,0,0,0,1,0
"{2CA21CAB-3383-46E6-B924-751227923421}",NA,0,1,0,1,0
"{FBA5089C-04AA-4BA4-9631-AC235DEABEB0}",1,1,0,0,1,0
"{B218852F-07B3-4E3A-837D-8D613E6C5500}",NA,NA,NA,NA,NA,NA
"{8D65ED3F-66E6-43E6-A6C9-861AD4269680}",NA,1,0,0,1,0
"{D9993FA9-630F-4F4A-B797-FB4CABABA188}",NA,0,0,0,1,0
"{DD3E27ED-7978-4218-8D88-5DD8A89C760F}",NA,0,0,0,1,0
"{79514058-0E48-4BCA-9EB3-D5C0034322DF}",NA,1,0,0,1,0
"{56B1BAD0-F60C-4FCA-8971-F4A5CB520573}",NA,0,0,0,1,0
"{B388E867-7FB1-469E-8475-E35645BEFE40}",NA,1,0,1,1,0
"{BB39DC53-DFBC-41F5-8A09-838C33385103}",NA,NA,NA,NA,NA,NA
"{1C13EF83-71BC-4592-924D-7784EB8ED1B3}",NA,1,0,0,1,0
"{F348198D-0CB5-4889-A79E-00188AC3DB81}",NA,NA,NA,NA,NA,NA
"{D22190A1-4E75-4DBA-8C27-159641B85842}",NA,0,0,0,1,0
"{2E4B0A5D-8449-4D99-B8D7-C256A174C351}",NA,0,0,0,1,0
"{2D2D1E7B-3F30-46A1-9822-88D54879E35D}",NA,0,0,0,1,0
"{7753E1B5-F2ED-4B88-AD5A-4F0CA4F4E26A}",NA,1,0,1,1,0
"{59620584-F362-44CC-9F25-21C7082F26C7}",NA,1,0,1,1,0
"{95D3731B-B3AC-44E7-BFBC-351F4B420FAF}",1,1,0,0,1,0
"{79F16FB7-1AF9-4E4C-8A1C-FEB5BF207939}",NA,0,1,0,1,0
"{D19DC8F7-F685-4AFD-804D-713CBC616BEB}",1,1,0,0,1,0
"{B26DF847-62F4-48CF-BBA1-84A41319D191}",NA,1,0,0,1,0
"{7B2D6912-98C3-4383-8FC5-2FDE98D1173E}",NA,0,1,0,6,1
"{D39EABD1-D049-4418-B4D3-A04585BE0CC1}",NA,NA,NA,NA,NA,NA
"{24C91BB6-6624-47AA-902C-178DC9E56EE5}",NA,0,1,0,1,0
"{367AC185-7F50-42BD-A8C8-4DC28AFE6601}",NA,NA,NA,NA,NA,NA
"{4DE83175-AB84-4A04-ACE0-73856E4CF304}",1,NA,NA,NA,NA,NA
"{514CAC3F-9406-49D1-93F3-995E91D57793}",NA,NA,NA,NA,NA,NA
"{386FA125-5521-4A58-B0C7-74FC6196F15E}",NA,1,0,0,1,0
"{FFC7A652-ED7C-41A4-82A8-7261B9A5D1D3}",NA,0,0,0,7,0
"{4CF18F53-12E4-4571-A4F5-AF1C0A6663DA}",NA,1,0,0,1,0
"{D6C07A60-AAC6-4B7F-9684-75D18EA022B7}",NA,1,1,0,1,0
"{76307E85-67C4-4AF6-9999-08B062D38B39}",NA,0,0,0,1,0
"{BA914BE9-25C8-4C3C-99A7-672ABAA04A37}",NA,0,0,0,1,0
"{3ED396E9-AA3C-4BEF-85AB-719B400439C3}",NA,0,0,0,1,0
"{E7357725-07DF-433F-BF6E-4A5B486CA02A}",NA,1,0,0,1,0
"{E7360F6A-EE8A-43FE-8D5A-7B5953F44168}",NA,1,0,0,1,0
"{C96D3B77-6D2D-438B-B5F8-F605E5E66C9C}",NA,0,0,0,1,0
"{B6E014D9-9176-4803-A278-FA15103053D6}",NA,0,0,0,1,0
"{B1B7865C-0175-47C0-A640-3CF7E6595BEA}",NA,1,0,0,1,0
"{DD56C588-3AFA-49BB-97BB-D0C5A494A4DC}",NA,1,0,1,1,0
"{ACDD2115-0B6D-4BC3-A071-C854A11BDBEE}",NA,0,0,1,1,0
"{39EE3AE6-E0C3-4895-9452-C7EE015E1DFB}",NA,0,0,0,1,0
"{270FA1C9-9AC7-4117-844A-7C9342E0475D}",NA,NA,NA,NA,NA,NA
"{B9A44430-985A-4BAB-8A7F-E25103763F0E}",NA,1,0,1,2,1
"{D353A2E7-31C6-459E-BE06-0616624B4C6E}",NA,0,0,1,1,0
"{9B965E9C-166F-4CAF-8331-534A14498923}",NA,1,0,1,2,1
"{A1759910-D989-4BA1-A812-9B3422E2072C}",NA,NA,NA,NA,NA,NA
"{D4F43FAC-D034-4DA9-B4F8-0681C432AAE0}",1,NA,NA,NA,NA,NA
"{41B36306-2A0F-4DB2-952C-681614DB606A}",NA,0,0,1,1,0
"{03BEFE9C-E59F-4DD6-873F-69EEF78C7E95}",1,NA,NA,NA,NA,NA
"{9E881FA8-AFB5-4FCE-A652-4E7C89771ADD}",NA,0,0,0,1,0
"{EB58B4F5-CC62-4E03-BA61-36085536C971}",NA,1,0,0,1,0
"{B668EB1F-F66A-4648-BBF4-CE551F2E05AA}",NA,1,1,0,1,0
"{CEA4369F-EC2F-4FB3-B2F2-4ADB3D2100BB}",1,NA,NA,NA,NA,NA
"{0D502DAA-2ABA-46D6-B8B9-E203546A4B09}",NA,0,1,0,1,0
"{7BC920AD-CDC8-419A-A50B-8D49E05A175D}",NA,0,0,0,1,0
"{43F2CB93-5BD6-4199-8BB2-04C2CB518E9A}",NA,1,1,0,1,0
"{53EF0E9D-3DAC-4263-981A-7CD500232542}",NA,1,0,0,1,0
"{8C3D163E-2A10-4287-90DA-82D8280F1B0E}",NA,1,0,0,1,0
"{40542E0B-E7E7-4806-ABF5-8C4B92F1CD63}",NA,NA,NA,NA,NA,NA
"{9A844537-EC8D-4958-9407-26032C5B124B}",NA,1,0,0,1,0
"{095B1B20-B15F-4C68-8F93-1A7EECA4563A}",NA,0,0,0,1,0
"{5508AFAE-0ED1-4EF1-AC79-4E5C531F441B}",NA,0,0,0,1,0
"{3155A198-0522-4EA8-B283-AD2666E38E18}",NA,1,1,0,1,0
"{06775086-131C-407B-A353-C3AE6F274D06}",NA,NA,NA,NA,NA,NA
"{C1DA522C-F73E-4495-902E-315C6A9B39C4}",NA,0,0,1,1,0
"{4872FEAE-AC89-4695-BC07-FDE222126858}",NA,0,0,0,1,0
"{46E33E5F-EAE4-4573-84F1-EB0355122483}",NA,0,0,1,1,0
"{530FAE59-44D8-4BFF-ACFD-7D58F8071023}",NA,1,0,0,4,1
"{53CDA980-5C1C-4717-A86F-3F75B3DE0944}",NA,0,0,1,1,0
"{38AA46EB-F26D-4BC7-B217-1EEDF464E8AC}",NA,1,0,0,2,1
"{D167A981-5A97-4EB8-923B-DF6A16938DE3}",NA,0,0,0,1,0
"{C02E0F81-BB16-4EFF-8C96-BDB6F25BA2B8}",NA,1,0,0,1,0
"{F10E231D-FA9B-473C-9C81-FDBAB7C87B26}",NA,0,0,0,4,1
"{625A2CA5-EECE-4E66-A970-0274139E5CCE}",NA,0,0,0,1,0
"{5484E123-7BD7-4841-8F7B-A943A810C357}",NA,0,0,0,1,0
"{52ECB543-2091-4659-9B33-5E603CD9A6B6}",NA,1,0,0,1,0
"{AC53496C-C319-4CDB-BA53-34EB0AA715B3}",NA,0,0,0,1,0
"{7D6AE35A-858B-4339-B414-A25535CB46DA}",1,0,0,0,7,0
"{549E6E57-BFB5-48FB-8D5F-313FA687C866}",1,0,0,0,3,1
"{26B96BDA-6EA9-4D6C-A980-D8B989C70D99}",NA,NA,NA,NA,NA,NA
"{0E2F7D23-1698-4F04-8F63-9F59ADFF6783}",NA,1,1,0,1,0
"{39E3BCB3-32C4-435A-9E8E-07A6848A7550}",NA,0,0,1,1,0
"{B16382C3-863A-4BA0-A75A-002AC71DD6CD}",1,0,0,0,3,1
"{81A86EDC-51B1-449F-983C-4E290E526770}",1,0,0,0,1,0
"{8B6F299C-B0ED-4910-B91A-B03281C6D43F}",NA,0,0,1,1,0
"{FCBAF8C7-21D4-4BCB-BBA6-E713260149B5}",NA,0,1,0,1,0
"{15353485-95DA-4BF4-A17F-28C76416EF48}",NA,0,1,0,1,0
"{223AF24D-F8ED-41FA-A2C0-2BB7B7BAC667}",NA,1,0,0,1,0
"{F88BA3C1-BDCB-4198-BBAF-FEF65D631975}",NA,NA,NA,NA,NA,NA
"{7ADE0615-A7A6-48B2-A12B-67668CBFEB2C}",1,0,1,0,1,0
"{AF6E0F15-36D8-4D2A-B11B-1D699FFB4447}",NA,0,0,0,1,0
"{0E6062CE-1679-4E0B-9548-EF37A0E4F22E}",NA,0,0,0,1,0
"{DCCCB99E-63C3-434C-A1EC-4A964CE851BD}",NA,1,0,0,1,0
"{1CD4BF92-C0A7-49AB-B091-D9C78BEDCCC5}",NA,0,0,0,1,0
"{B8CBA791-D2C2-4472-94C7-0885FC1731AD}",NA,NA,NA,NA,NA,NA
"{4BD3004E-9845-4353-8613-29DD49F6E86D}",NA,1,0,0,1,0
"{65E389DF-4D00-4C45-B3A9-3C03EAB3107B}",NA,0,1,0,1,0
"{B5D6F857-22C5-4266-94DA-D2E51930427E}",NA,0,0,0,1,0
"{F79F844D-6138-4120-9A1B-DDA6A7402FF3}",NA,0,0,0,1,0
"{164FD435-AFAB-43EF-99B3-A8C4AD00929C}",1,1,0,0,1,0
"{F0771D61-D4C3-4F27-8E38-5235947A14DF}",NA,0,0,0,1,0
"{094B7179-D714-47C1-AA64-053A86B78EF1}",NA,0,0,0,1,0
"{03123DBA-7C1A-4378-B71B-7409DA16C9B6}",NA,1,0,0,4,1
"{872BD518-E7CF-42F8-8AD1-FB2DE0770CA9}",NA,0,0,0,1,0
"{963216A1-C0EE-4B05-9D19-22052A5566E7}",NA,1,0,0,1,0
"{EF1DE9EB-AAF7-40D7-88E3-1FEC49F07AEA}",NA,0,0,0,1,0
"{763D5569-E22F-4B8F-918B-4B8AAED22F19}",NA,0,0,0,1,0
"{A0727620-3719-4D9E-B4FE-30B98251918C}",NA,0,1,0,1,0
"{C6EBE91A-9C9C-4E82-96EE-6EAEA1198C47}",NA,NA,NA,NA,NA,NA
"{7ADECBD8-4CE7-47CA-BAD7-AA5BB30C6338}",NA,0,0,0,1,0
"{720E0A6B-A42C-4F08-81C0-51A58C08EFC0}",NA,NA,NA,NA,NA,NA
"{207FD70A-C8E3-4875-90A6-E6933842D73C}",NA,0,0,0,1,0
"{F8CCB45A-96A9-45D3-9A8E-C276F419D4B9}",NA,1,0,0,1,0
"{631390A1-BCE8-4B1A-A008-3F049F450795}",1,0,0,0,1,0
"{0B9A08D4-8147-425E-AE1A-38FC20AB82E3}",NA,0,0,0,1,0
"{3D3BCDEF-8D08-4409-853A-F8EB7219F0AF}",NA,NA,0,0,7,0
"{AB5ADE98-A18B-4A5F-9F13-ABCD95A02C52}",NA,0,0,0,1,0
"{31DE9D24-26EE-432A-B5EB-5224E9DA60EA}",NA,NA,NA,NA,NA,NA
"{82DA2DF4-C642-4677-89C8-62A599C974B6}",NA,0,0,0,1,0
"{4AE5393C-3943-475E-AC3B-0BA26ADAA518}",NA,1,0,0,1,0
"{10F050AB-FD85-4956-A938-7A496B276553}",NA,1,0,0,1,0
"{7C91576B-CF26-4DD5-95B4-F2B908776789}",NA,0,1,0,1,0
"{7E39E2D8-D814-42DB-90B3-BFCDAEC8B59F}",NA,NA,NA,NA,NA,NA
"{230D5678-09E8-49C9-B471-5F523BC78FFE}",1,0,0,0,3,1
"{066B7112-298C-469B-909D-7A953FDF4235}",1,NA,NA,NA,NA,NA
"{80181A51-8619-41A8-B2C2-A18F48082DE9}",NA,1,0,1,1,0
"{DDECB497-550E-4252-A9F3-4C6CF7F68C83}",NA,1,0,0,1,0
"{5A33B710-6BEA-4C0E-A3C4-757E061A1385}",1,1,0,0,1,0
"{E2B5BAA4-4E78-43AA-BCFB-263AB6F20A72}",NA,1,0,0,1,0
"{974E38E5-E89E-4C41-B788-DAB2F0F848CE}",NA,1,0,0,4,1
"{D72820F3-7809-4A21-91E8-F3999CC4ECEE}",1,NA,NA,NA,NA,NA
"{1D31A239-6593-4BF5-97B9-6D5FB217D7DA}",NA,1,0,0,1,0
"{57275312-08F8-4679-8708-E69A516A6FF2}",NA,0,0,0,1,0
"{72609ED1-9AC6-4737-98AA-EC61558FA320}",1,NA,NA,NA,NA,NA
"{7EF58707-D9DB-4D4D-9820-C1505D884C54}",NA,0,0,0,1,0
"{584D9B76-A153-4466-A380-902F315D4BD0}",1,1,0,0,1,0
"{C64EC85A-D701-48DC-92C1-4531DA839513}",NA,0,1,0,1,0
"{321B8761-5F6F-4D02-880D-4C8EFB4B0CFD}",NA,0,0,0,1,0
"{751AF788-AD44-4DFB-AE78-D35EDB6A6F2C}",NA,1,0,0,1,0
"{B411E054-9C83-42AE-8FAE-5B774BF79A34}",NA,1,0,0,1,0
"{C3351C4B-EDAF-4A99-B5EB-A0E6C7078BD3}",NA,1,1,1,1,0
"{4298BE9E-BAA4-4467-863A-34D370D2D1C3}",NA,1,0,0,1,0
"{2567A56F-D4A8-4FA0-9B86-A4953C4ABD18}",1,0,0,1,1,0
"{DDA5E15E-5B5E-4709-8637-959AD5BC8CD2}",NA,0,1,0,1,0
"{8484D527-2800-48AA-922C-9CFA1DA66352}",NA,1,0,0,1,0
"{2878C777-AEED-4DE3-8B7C-0A3B9934D84B}",NA,0,0,0,1,0
"{5E8CE285-7967-4048-ABF4-FCBC8D802F86}",NA,0,0,1,2,1
"{D2A54CC2-6F6E-40E7-8251-6FF482ED24EB}",NA,0,1,0,2,1
"{9B71D256-BEBA-45B3-A7B6-DC728310DAA1}",NA,1,0,0,1,0
"{56585464-78EB-4487-B4A1-762151086C61}",NA,1,0,0,1,0
"{2B6C50A4-109F-45AF-A67F-9BA20E94C0EA}",NA,0,0,0,1,0
"{1EF889E3-A389-4515-9B3A-3698BA8AE20D}",NA,0,0,0,1,0
"{455921EB-8342-4AD0-A331-A29EBFA586E5}",NA,1,0,0,1,0
"{D57802F8-A653-4C3E-BB2A-8A232CCE9F3E}",NA,0,1,0,1,0
"{6AD8615B-0F7C-4637-A3C0-F2B342EF1231}",NA,0,0,0,4,1
"{1511F579-935E-4417-B47D-37A8024FCBA6}",NA,NA,NA,NA,NA,NA
"{7E5646F4-E196-462C-BB61-F9EA085E337A}",NA,NA,NA,NA,NA,NA
"{70620A7F-7BE0-4B22-9DBE-7D7B876C986B}",NA,1,0,0,1,0
"{2DE5D358-9883-4EDA-9152-A103D128F77A}",NA,0,0,0,1,0
"{C5B16199-92C4-47A0-8093-A63FE4057B51}",NA,NA,NA,NA,NA,NA
"{BBD723E0-901C-46B5-822A-9EC85382F918}",NA,0,1,0,1,0
"{54461751-488C-498C-AAEA-FB489E3FB24A}",NA,1,0,0,1,0
"{58BFAD45-F631-41DD-815E-B7CBE56B2035}",NA,1,1,0,1,0
"{19AF34B0-FB83-4885-A460-C5378BE592E3}",NA,1,0,0,1,0
"{C30B2031-A919-4046-ADC9-3064407D7126}",NA,1,0,0,1,0
"{F6558470-BD43-48DA-BC73-E3D51ECE391A}",NA,0,0,0,1,0
"{F3A1F68D-1A6B-4650-AAB9-81753F325EB6}",NA,1,0,1,1,0
"{A43D01F8-3CAA-4EFD-9635-665CF94B54E4}",1,1,0,1,1,0
"{153DB36B-E691-48EE-AF13-0BB816929EFE}",NA,1,0,0,1,0
"{A2D9C9DA-771B-40AA-A8A1-A1AA03F43544}",1,1,0,0,1,0
"{6F25EA0A-4266-46A4-BF48-34CA87FD3261}",NA,0,0,0,1,0
"{E97E532E-D74D-466C-BA33-6AF37B80AEF4}",NA,NA,NA,NA,NA,NA
"{A1F07A04-BD9A-47EB-A7E0-74AD8B4E9477}",NA,1,0,1,1,0
"{F260F325-1F05-44C2-9C82-ECAD77639182}",NA,NA,NA,NA,NA,NA
"{C14B492F-D605-43C8-A3B5-C5E95BBFECB4}",NA,0,0,0,1,0
"{678E84B1-7985-43B8-8018-811B0B11004A}",NA,1,0,0,1,0
"{B37C75EA-D9CA-463B-9FB6-33A45DAC1049}",NA,0,1,0,2,1
"{6F7A0189-F698-4101-9102-347A114CEA76}",1,NA,NA,NA,NA,NA
"{11DC76B2-33E8-4538-8297-F89353D17175}",NA,0,0,0,1,0
"{D54C94CB-0583-45A2-A507-B37838484541}",NA,1,0,0,1,0
"{216009AD-E14F-418B-85EC-1AB019B8EC1E}",NA,1,0,0,1,0
"{5CC88CC4-1D59-47E8-AD95-67E2635A62A4}",NA,NA,NA,NA,NA,NA
"{ECB3B337-45AE-4943-879C-2B8641B84AF2}",NA,0,0,0,1,0
"{5EDC398F-7A29-49FB-8B62-4C1A67422402}",NA,0,0,1,1,0
"{AC5568E1-EC47-44B1-980C-62982F1FDB8D}",NA,NA,NA,NA,NA,NA
"{C4AD9014-20A0-4D14-AF22-ADC97771042D}",NA,NA,NA,NA,NA,NA
"{7D04FBA2-A67B-40A2-8622-9C63C1AA0C2B}",NA,NA,NA,NA,NA,NA
"{9888BE51-A454-4E3B-A43C-6BDB7BFF7F41}",NA,NA,NA,NA,NA,NA
"{8CC0A789-833B-483D-AA75-E7FC3F7A2895}",NA,0,0,0,1,0
"{48904502-B5EF-40E5-AFBF-C334D672E19C}",NA,0,0,0,1,0
"{94F1080B-15A8-45E9-A50A-69986F8FEAF2}",NA,1,0,0,7,0
"{937CD6E4-1C50-42EE-815F-CD7CB2C2770B}",NA,NA,NA,NA,NA,NA
"{0F4FFD7D-1DA8-41CB-B377-089B788C27A3}",NA,0,0,0,2,1
"{4CB5F992-8DB3-4A9B-B059-40923E3B8B7C}",NA,1,0,0,1,0
"{740449BB-A730-4D7D-BA25-3D1F771DFF63}",NA,NA,NA,NA,NA,NA
"{3CC1B4AE-2F54-4D5E-A6F9-423477037BCB}",1,NA,NA,NA,NA,NA
"{6C043A5F-E776-43DC-8128-47D2215888BF}",NA,0,0,0,1,0
"{748D2EC2-8235-465C-A9E5-A6606BCF7956}",NA,0,0,0,1,0
"{457094BF-6DB3-4CC0-84E0-FF33D51B7235}",NA,NA,NA,NA,NA,NA
"{626095AC-6BA3-4572-86F0-44283893E379}",NA,NA,NA,NA,NA,NA
"{8CEB8FEE-117A-44DB-87D5-26BDE01B7EDB}",NA,0,0,0,1,0
"{AA953520-9F41-4284-A5CE-01C0F5AE0523}",NA,1,0,0,1,0
"{89F2AF61-13F2-43B3-B962-DA8C80A899EC}",NA,NA,NA,NA,NA,NA
"{C57F1302-5D31-418D-AB8A-C7842378EBFD}",NA,1,0,0,1,0
"{B5F33127-B4E6-4C5D-BB08-A63ADF3D26E4}",NA,NA,NA,NA,NA,NA
"{ACBBEF02-7969-4C3F-B5C4-BD9EB0184789}",NA,1,0,1,1,0
"{3027487B-316F-466F-9C98-E99334D9A33F}",NA,NA,NA,NA,NA,NA
"{84E0D3B2-C3DB-4760-9674-5B6620ED7B2A}",1,1,0,0,3,1
"{268A6DAE-E99F-4454-9C84-A8A74ECCC9B3}",NA,0,0,0,1,0
"{BA74F763-2758-4DE5-9815-70171C5497E0}",NA,0,1,0,1,0
"{3FE99B10-2E43-4E5C-9E96-40B0868607C5}",NA,0,0,0,1,0
"{68954DFE-609F-4245-869A-A69F227C6176}",NA,0,0,0,1,0
"{7E0FB46B-1322-481B-A891-5EDFF702F968}",NA,0,1,0,1,0
"{AB15D8DC-C801-4364-84E9-B3D93487F91C}",NA,1,0,0,1,0
"{98E8267B-AFDC-4866-A36C-43FD09098F7B}",NA,0,0,0,2,1
"{1A54EA45-1990-413D-84B4-4342C1CDC9FC}",NA,0,0,0,1,0
"{031DA2C9-D58A-4A48-BCEC-4F5CE6007FB8}",NA,NA,NA,NA,NA,NA
"{CD231C1C-D7EB-4300-BDFE-AC6F3D27B9E8}",NA,0,0,0,1,0
"{FDE170AE-D905-4238-84B9-E85AFF419DD5}",NA,NA,NA,NA,NA,NA
"{D72EC7F5-37C3-4DB1-9A38-94B67EEB353C}",NA,1,0,0,1,0
"{9BABDD20-05A9-44FD-9255-90C0B3D91926}",NA,1,0,0,1,0
"{4ABBBFB5-D411-4226-BA5C-75749070B9DE}",NA,0,1,0,1,0
"{1968599E-899D-47D3-AD0D-FE61F371244F}",NA,NA,NA,NA,NA,NA
"{C8A0487F-24C8-4213-B471-38FB875D25FF}",NA,1,1,0,1,0
"{DA00421C-D41A-4FE2-8028-855FE428C6C4}",NA,NA,NA,NA,NA,NA
"{99B141A8-64AC-4B1B-859D-6246F436C823}",2,0,0,0,1,0
"{27DD48DD-B98E-4DB7-B1CD-3BAEDE9757E4}",NA,NA,NA,NA,NA,NA
"{1D94B050-7CAB-4BEB-8923-E9FEC21D87E1}",NA,0,0,0,1,0
"{6FD6497E-1BFE-43A6-957A-55BEFBCE09C5}",NA,1,0,1,1,0
"{7A0020A1-75B6-4612-BB05-243562F44679}",NA,NA,NA,NA,NA,NA
"{D9F3E0B8-FD0C-43D6-A3DB-728AE5FA6543}",NA,1,0,0,1,0
"{CC2189C6-0FC1-436D-927B-445067E3C40C}",NA,NA,NA,NA,NA,NA
"{DF470F29-FAAD-490E-8438-D0084A8514CE}",NA,0,0,0,1,0
"{4030407F-EB71-4238-B9F1-A3D7E895840F}",NA,1,0,0,1,0
"{6A3723A2-ABEF-46EF-9D0C-4D55DD7A96F4}",1,0,0,0,1,0
"{6680901E-A263-4DAA-B4A2-D04323B49316}",NA,NA,NA,NA,NA,NA
"{60C37180-6146-4277-B7A4-6C951B21DF70}",NA,0,0,0,1,0
"{D6320915-DF30-4688-B53B-D677CE0337ED}",NA,1,0,1,1,0
"{727AA41D-AE14-4577-9B4C-EE09AC8A0BC7}",NA,1,0,1,1,0
"{3ACF5988-4AE5-4734-9F77-9883583F26C9}",NA,NA,0,0,7,0
"{4F745663-C462-4EC8-9FD5-A049F264B6F4}",NA,0,0,0,1,0
"{92842AC5-7322-43A7-87FE-5C6AA6BF883B}",NA,0,0,0,1,0
"{752F6606-FADC-47D7-9F3A-644CA82DFD67}",NA,0,0,0,1,0
"{2B7C3E36-24A3-48B9-8D68-77B98BE6FB58}",NA,0,0,0,1,0
"{C65CDCFE-EAD9-4213-B8E8-7777F8413B3A}",NA,0,0,0,1,0
"{4DA5D71C-6A5B-4FAC-BF3A-E58B67A0E5C2}",NA,0,0,0,1,0
"{76232288-E012-4ED5-A469-F8703ECB2394}",1,1,0,0,1,0
"{EBD16820-9851-4661-8277-8DC5CE973C68}",NA,1,0,0,1,0
"{67E913A3-5F7E-4C94-AA02-C0FF14218170}",NA,NA,NA,NA,NA,NA
"{CFE3C0CD-92B6-4560-B260-BE3A58B9E335}",NA,0,0,0,1,0
"{8A3DA201-5E61-43AD-B4BD-437B3E82B074}",NA,0,0,0,1,0
"{B15DA654-2FF1-4C3C-872A-287BB1146D6B}",NA,0,1,1,2,1
"{500F203E-2C46-49D5-A895-9CE9BED2454B}",NA,0,1,1,1,0
"{CE2502ED-6678-4C33-B697-EFC1DD1A7BAC}",NA,1,0,1,1,0
"{5140B92F-C3B1-4C8F-B90C-3F15265311C5}",NA,0,0,0,1,0
"{B8533112-66E8-4B22-9A39-04079E12B6C7}",NA,0,1,0,1,0
"{51656621-93AD-4D52-B2E4-95A659AA762C}",NA,0,0,0,1,0
"{2AC3D77F-A635-4954-A2E6-07859C4D5746}",NA,0,0,0,1,0
"{1ADCB6F3-6B09-4F31-99A8-3E9E70B5E29E}",NA,1,0,0,1,0
"{CECEB498-3904-4E52-8FE9-6BC99D9E1A8A}",NA,1,1,0,1,0
"{CE188AD1-87CB-4CF4-B204-198509D981CE}",NA,NA,NA,NA,NA,NA
"{64472D22-3B99-4AEB-BB04-56F3A91CD5B7}",NA,1,0,0,1,0
"{9464C716-F28D-4F76-8C15-EBB12899D950}",NA,NA,NA,NA,NA,NA
"{BF324E18-C64A-48F2-A560-02FC30F76104}",NA,NA,NA,NA,NA,NA
"{70E33D1A-EA5D-4BD3-81E3-FBE643C55350}",NA,NA,NA,NA,NA,NA
"{73BCFD85-C5CE-4654-8B2C-1FA5F1BC866F}",1,NA,NA,NA,NA,NA
"{6E2D0833-4999-4260-91B3-C023BDC29809}",NA,NA,NA,NA,NA,NA
"{27C811F8-AFF2-4405-B8C5-B9B06DCE6660}",NA,1,0,0,1,0
"{0C8B1B59-38C1-44FE-B9E2-D522558EACBC}",NA,NA,NA,NA,NA,NA
"{924A9B9F-19C4-4F0D-9B2E-E2D2ECE9FAA9}",NA,1,0,0,1,0
"{EC3E37D0-CD5C-4E6F-B359-5B52A9C00036}",NA,1,0,0,1,0
"{BE007079-82A4-46BC-886A-F85074235FF2}",NA,0,0,0,1,0
"{A9F2510F-9739-4EAA-95C3-96EEEF3330D9}",NA,NA,NA,NA,NA,NA
"{94649F34-5E40-4E1F-9D7E-0AC3A42B9345}",NA,NA,NA,NA,NA,NA
"{83AA0DBE-8CA8-49B1-A3E2-119A4ABBD1BC}",NA,NA,NA,NA,NA,NA
"{5BB47250-2090-44E6-BAC9-FD93BD5E5DF4}",NA,NA,NA,NA,NA,NA
"{82A06D6E-9490-4262-97EE-FD13C1826724}",NA,0,0,0,1,0
"{7C8FA57F-B13D-498E-A560-47B247AC3B40}",NA,NA,NA,NA,NA,NA
"{E6B2D950-B83D-4AC6-8F98-3D45F7329357}",1,NA,NA,NA,NA,NA
"{DAB80EC8-F341-4525-9FF0-EA7003BAF599}",NA,1,0,0,1,0
"{956D14A4-8796-4B63-9176-9CE187CDFE01}",NA,0,0,0,1,0
"{D31EB9DB-2D9E-47C9-9B27-971C51FADB27}",NA,NA,NA,NA,NA,NA
"{A1D49249-1F0D-495B-A998-E8AF6919BAA5}",NA,NA,NA,NA,NA,NA
"{19702E6D-CDCE-4689-8505-827ED4690DFB}",NA,NA,NA,NA,NA,NA
"{94CBCDDD-3678-4CB0-B9E5-257641C8FE24}",NA,0,0,0,1,0
"{0177E651-EB10-48BC-96D7-C6771F923759}",NA,0,0,0,1,0
"{3125748E-4AEE-47D9-A2DD-80611F4E900C}",NA,NA,NA,NA,NA,NA
"{0248FD96-5FB1-42C0-81B1-A5B28CF4E011}",NA,1,1,0,1,0
"{4998BFC1-4B60-484E-BFE8-FD6B39722647}",NA,0,0,0,1,0
"{02D2E55D-5F5D-4E65-9CC1-A229605508E1}",NA,0,0,0,1,0
"{9FE56B55-30BA-4E64-8486-63077B3A79A5}",NA,1,0,0,1,0
"{67AA1BBD-7AC5-481A-B96C-6CD645FEE80C}",NA,1,0,0,1,0
"{D51F0D4C-F9CC-490D-9A49-BC23BDEC8F36}",NA,NA,NA,NA,NA,NA
"{3A139F12-7CC2-483F-B9B9-0EDEDB676031}",NA,1,0,1,1,0
"{9E2A625A-FDBC-4CA7-83E4-87147590398F}",NA,1,0,0,1,0
"{1F0E0D6A-71AB-4484-BE44-E68D0322ACCA}",NA,1,0,0,1,0
"{D8D37016-172B-4A6D-9AB9-CEFF05A6B472}",NA,0,0,0,1,0
"{EFCE0E79-4757-48CF-B91E-EABF4CAE25C3}",NA,NA,NA,NA,NA,NA
"{70F9EFFD-CE4A-4547-8455-4C6F507E670A}",NA,0,0,0,1,0
"{53F150F7-829D-454F-AA55-8165AA4FAED1}",NA,1,1,0,1,0
"{0703BAED-7918-4332-BCAE-9A54B6731F6C}",NA,1,0,0,1,0
"{1EFBE77F-4885-42F2-B352-2EEC2B3FDC92}",NA,1,0,0,1,0
"{C4272C80-6F30-41B4-8719-59A36E9ED214}",NA,1,0,0,1,0
"{D5759107-DC1F-4145-9113-F2DB237E76B3}",NA,1,0,0,1,0
"{94807854-31E7-4AAF-95C7-4E24FD70727C}",NA,1,0,0,1,0
"{FC5110E8-6242-4D30-AD50-2BC96946F7FD}",NA,0,0,0,7,0
"{0373CBD2-FD48-43F4-A959-E6846011E80F}",NA,0,0,0,7,0
"{8F3ED066-1E24-4D5E-B1AA-F505F9ECC0AF}",NA,0,1,0,1,0
"{0C154E27-0846-44FB-9C5A-532BF8E24511}",NA,0,0,0,1,0
"{55C1B043-A2D5-419B-AFC7-0AC53398B5F9}",NA,0,0,0,1,0
"{3EB4BBAB-38F0-4776-83C9-E81BDEE97FC0}",NA,0,1,0,2,1
"{783B4432-15CE-4069-A347-91EC4026D807}",NA,0,0,0,1,0
"{A7129932-72B2-4BAE-9112-A7471B503B1E}",NA,1,0,0,1,0
"{80CCA8DB-8044-4EB3-8ADD-10AB20D2B465}",NA,0,0,0,1,0
"{3339B324-C0FD-4C5B-84FC-A22654E88F3A}",NA,1,0,0,1,0
"{2598CD55-D816-4752-B3F5-48E5338D915A}",NA,0,0,0,1,0
"{D83C6977-8844-4A04-9E3C-CB33A8C571FA}",NA,1,0,0,1,0
"{FBCA0A8B-185F-4AD9-8AA1-F1D66B82E22D}",NA,0,0,0,1,0
"{82D924A8-56DE-4666-9989-BC2087D0F748}",NA,0,0,0,1,0
"{96DCBB49-B60A-46F8-AC34-5CE3C18183D5}",NA,1,0,0,1,0
"{785FF29E-FA7D-496D-92F6-476C748B8904}",NA,0,0,0,1,0
"{EC3E6FC6-F273-469A-8A67-A357B7B689C2}",NA,1,0,0,1,0
"{1C133797-D732-4970-8826-AE1F010AFA44}",NA,1,0,0,1,0
"{78340F53-431B-461C-923C-A863B7450154}",NA,1,0,0,1,0
"{D35CE205-EA28-40F1-8E9A-8D3499D5AFFA}",NA,0,1,0,1,0
"{08BD435C-539A-483D-8AC1-18E6DC287566}",NA,1,1,0,1,0
"{4B0320B7-4DBF-45D9-A99B-6DBDEF967AC7}",NA,0,0,0,1,0
"{69DF7021-74A2-49B9-B111-E35DE56C6649}",NA,1,0,0,1,0
"{0C5DFF28-C569-4FED-91DD-18DF467B3823}",NA,1,0,0,1,0
"{85F4C9AA-6B35-4297-B3A1-73A2588ADABD}",NA,0,1,0,1,0
"{EC7F02EF-B679-474C-8B58-6056211FEDE2}",NA,0,0,0,1,0
"{03252C22-AD6A-4A60-9C13-2FF2BB551E64}",NA,0,0,0,1,0
"{983EBC32-0E05-43CA-8341-BB78C8CE8101}",NA,0,0,0,1,0
"{6A13A0E2-13AB-45D6-AB12-251C9234CACE}",NA,NA,NA,NA,NA,NA
"{1700B608-4952-44E2-90CA-BA2F6327B809}",NA,0,0,0,1,0
"{3FC0174E-6A6D-49DD-B9F7-94F8F6AA10CB}",NA,0,0,0,1,0
"{D1CDF056-8E12-4FD5-B0CA-2B98C2835DFE}",NA,NA,NA,NA,NA,NA
"{24C67237-CC8C-4139-9976-DB5D284D68AA}",NA,0,1,0,2,1
"{AC5A2641-1DB2-4BFE-93D2-152C4D44598D}",NA,1,0,0,1,0
"{F8AF3EDA-31F7-4D1C-AB7D-DBBDD920109B}",NA,1,0,0,1,0
"{A638BD9E-1906-4D3E-B28A-BCA87C843D96}",NA,0,1,0,1,0
"{D3EAB35C-DBBF-4FE7-AEB9-40611E3F05E7}",NA,1,0,0,1,0
"{7A125874-0FA0-4E2C-BBA8-470CCF19AC95}",NA,1,0,0,1,0
"{82AA8307-FE6D-4940-914B-AAC81E1D2614}",NA,0,0,0,1,0
"{6B776330-8A27-4199-AFBD-EE5D4F5102B4}",NA,0,0,0,1,0
"{9E0359C9-2ED2-4BF1-BF54-A8F95975CBED}",NA,1,0,0,1,0
"{CA20FAF3-7170-448E-8936-FAA4D0520E87}",NA,1,0,0,1,0
"{9A6951A1-008F-4CB7-B1F5-DBDEEA28C8AF}",NA,1,0,0,1,0
"{4C17AEBD-FE1A-438B-AA62-BCBD2B8C58BE}",NA,NA,NA,NA,NA,NA
"{B27FDE41-D65C-4019-A33A-0FBEBECD970E}",NA,NA,NA,NA,NA,NA
"{BF090F46-61D1-4801-B159-CD706590FF94}",NA,0,0,0,1,0
"{A8065FDC-3772-4C47-890B-1E485B13F85A}",NA,0,0,1,1,0
"{5D815FB0-627D-4B75-8E86-FBDFE6416C9E}",NA,0,0,1,1,0
"{A6BA7BEE-B69C-43E1-A217-CD0CE5208BAE}",NA,0,0,0,1,0
"{E6A7D291-CBC3-4CD6-9872-BF5CA23EF0A0}",NA,1,1,0,1,0
"{FCA93F2F-802F-41DA-852F-57802CCAD7B4}",NA,NA,NA,NA,NA,NA
"{E4C5F1F4-82E5-4415-B16C-E4DBDB5127A3}",NA,1,0,0,1,0
"{4CC88073-8729-4929-8E0D-60821ED80A1A}",NA,NA,NA,NA,NA,NA
"{7126FEF2-2F7F-4EDC-8520-16B248610B3C}",NA,0,0,0,1,0
"{26324490-41B5-4513-AC78-2D9E0E1E49F2}",NA,1,0,0,1,0
"{19E20AC1-BE65-48AC-86CD-07B758AB4C45}",NA,0,0,0,1,0
"{64C20A98-5E22-4B97-AA05-A95129166556}",NA,1,0,0,1,0
"{52980B13-C80D-4D74-A8FD-9BC8AE60DFD7}",NA,0,1,0,1,0
"{E0AC4DB1-AA87-4AF0-AF23-C0D6D8C4696F}",NA,1,1,0,1,0
"{C7718F50-F11B-4F78-8784-8312D99AE3B6}",NA,1,1,0,1,0
"{AED513BF-4094-43E0-9AA8-D3F40F0333A4}",NA,1,0,0,1,0
"{28AC9552-33DC-4908-A242-E9E41422037C}",NA,1,0,0,1,0
"{5869206B-A1F1-464F-A515-1483390B32E4}",NA,0,0,0,1,0
"{3A269732-14D7-4039-BDBA-4B3BFC2BDFF3}",NA,0,0,1,1,0
"{762D0C61-BD5D-476E-B8F2-273A617E1167}",NA,NA,NA,NA,NA,NA
"{9606AB77-E12A-4A58-836D-58ED9E6EDF63}",NA,NA,NA,NA,NA,NA
"{6D47F232-807D-4209-887E-651F6E8EA50C}",1,0,0,0,1,0
"{9CC57B18-FC96-4BF3-A933-2D4FDA9E6B7A}",NA,1,0,0,1,0
"{38F76EFE-E0F0-4008-9650-F7E44F218E72}",NA,0,0,0,1,0
"{07EBB3DD-BE48-4A03-BB23-3A58546B3FAF}",NA,1,0,0,1,0
"{21D5A81D-C85D-4B4F-9005-5121CE7BC1DF}",NA,0,0,0,1,0
"{A8DC09CB-0E2C-4343-8510-1DA420833688}",NA,0,0,0,1,0
"{C06DC085-7C20-4A22-AA93-7459C55BE8CE}",NA,0,1,0,1,0
"{EBFDF9D7-ECD8-44BA-B991-A74E78A12979}",NA,0,0,0,1,0
"{274359E0-C095-41BE-B8D2-980472F1A5E8}",NA,NA,NA,NA,NA,NA
"{EB5BEAE3-D37F-41A5-98CC-196ABE871353}",NA,NA,NA,NA,NA,NA
"{14BD6E38-20EE-4B34-96E8-32CB3901FA0F}",NA,NA,NA,NA,NA,NA
"{98495E92-AA23-4480-8261-224F1A7DF7AC}",NA,1,0,0,1,0
"{BA2F6934-E2D5-419A-9CB1-DE6EB4AD716C}",NA,1,0,0,1,0
"{78820EDC-8CEF-4AF6-8023-552478CB1FAE}",NA,1,0,0,1,0
"{7C4CC96C-08CB-424B-9C66-28FD00F54F59}",NA,0,0,0,1,0
"{3C88BD98-8630-458C-A3CF-4C62FAB5FB8D}",NA,1,0,0,1,0
"{F14D9D8A-D985-49B3-9D76-740DF3CB4153}",NA,NA,NA,NA,NA,NA
"{23A64DD0-BA7D-4CC2-9050-DE15C5879A08}",NA,NA,NA,NA,NA,NA
"{31F3EF8F-B35F-445B-B83F-6EE8A1D7F936}",NA,1,0,0,1,0
"{481C2C9D-3D48-4E75-8325-1DDABD37779F}",NA,0,0,0,1,0
"{F1298232-52D8-4B16-B365-F1BF66F99150}",NA,0,0,0,1,0
"{26DEFADA-7BE2-45EE-BFA2-53D7A4ACA91B}",NA,1,0,0,1,0
"{3E0D3C9A-DDFD-4CDF-9692-333EE272CE30}",1,1,0,0,1,0
"{B0CD08CA-F10B-4192-BECD-739CC4A7EEF8}",NA,1,0,0,4,1
"{25BA5F26-D093-477F-83A2-1C958186DFEF}",NA,0,0,1,1,0
"{7BD7EB28-C439-4E6B-9C7B-DFF053D8E0F2}",NA,1,0,0,1,0
"{676386B9-378B-4A89-8969-F34D3971B253}",NA,1,0,0,1,0
"{16B56593-D22A-49FA-97F5-B36DF6132E3C}",NA,0,0,0,1,0
"{522ABB6E-C0CA-4272-8C15-0E71FBC463CE}",NA,0,1,0,1,0
"{4E647207-617E-4B1E-909F-1562B4826675}",NA,NA,NA,NA,NA,NA
"{843B2CC1-C9B5-4A3D-BDA6-99A49A3FAF84}",NA,1,0,0,1,0
"{DB0C3E02-BF26-45D3-B37B-9A8E8D79FF3D}",NA,0,0,0,1,0
"{AF261105-D466-49A0-AA56-B61AEBC359CE}",1,0,0,0,1,0
"{18FE1A2D-3264-4E4D-93A8-C9E67EAD4F74}",NA,0,0,0,1,0
"{18FC0B3D-3F8F-487A-89D4-EB9BE803CB34}",1,0,0,0,1,0
"{DA6C1160-E45E-4F90-848E-1895A4D15865}",1,0,0,0,1,0
"{5D7F30B8-327A-49E5-8053-FC9170718411}",NA,NA,NA,NA,NA,NA
"{6BCAA468-B905-4025-9F13-39F04ACD149C}",NA,0,0,0,1,0
"{7D92490B-AFEE-4C2F-A99A-12B88949A54F}",NA,0,1,0,1,0
"{D86BEA2C-7EB2-482D-94E6-04A06C3C7ECE}",NA,1,0,0,1,0
"{E0E8C5F1-CDEF-427F-ADFD-8C52750DB5D2}",1,1,0,0,1,0
"{F94B96BA-0C99-4D52-A637-87A48EAB971B}",NA,1,0,0,1,0
"{49E6D76C-9196-4F1D-9BB3-74D16CA929EB}",NA,0,0,0,1,0
"{1475D974-A59E-49A9-BFE4-0F27FABE4472}",NA,1,0,0,1,0
"{5AB29119-BFA8-4147-A3B8-D177DADD512D}",NA,NA,NA,NA,NA,NA
"{E8B01942-098D-4BDB-9C00-9CBC2D22598A}",NA,1,0,0,1,0
"{04E72A8C-D7DA-45CB-9513-3193BA72E89B}",NA,0,0,1,1,0
"{E190CAFB-8D86-4355-8017-18C89D78862D}",NA,1,0,0,1,0
"{41511757-7A5D-4E31-9D76-8D0646763E9C}",NA,NA,NA,NA,NA,NA
"{5308A79C-E51E-4DD3-8E58-8126CEC46CC4}",1,NA,NA,NA,NA,NA
"{477F48A6-635E-48EE-80AA-3AC9987DA57A}",NA,NA,NA,NA,NA,NA
"{2DEA5CCC-DB1D-43A5-816E-F162A82F3003}",NA,1,0,0,1,0
"{0629191B-F448-4A10-ABA4-40FCD9694D80}",NA,NA,NA,NA,NA,NA
"{96DA4177-DF47-47BC-9E9D-2B3F6A8870B3}",NA,1,0,1,2,1
"{8879960C-A76D-4007-AED1-02078366C917}",NA,0,0,0,1,0
"{B61CCEF6-FFE6-4A74-B3AD-F3284BCEDB19}",NA,1,0,0,1,0
"{368620A5-2252-41BA-B301-03F9C311A026}",NA,0,0,0,1,0
"{6BC0D464-3787-46CB-A677-194908CF3FD1}",NA,0,0,0,1,0
"{DE0CEC32-3648-4A60-B0D4-AC6A4536A75F}",NA,0,0,0,6,1
"{B497D75C-AF13-4C49-A97E-41AFDC4655D6}",NA,NA,NA,NA,NA,NA
"{AB1D66FE-6EF0-4C32-8980-F10095BA01A0}",1,0,0,1,1,0
"{A064DC3F-C07C-44B2-8625-DA6D73E5B7C0}",NA,0,0,0,1,0
"{E9F8BE05-EB6D-4B64-94E0-BAFB493FE723}",NA,0,0,0,4,1
"{A79A7BCA-EA45-410A-9DC2-69C418636D78}",NA,0,1,0,1,0
"{C1D9B2CD-E32B-4254-9471-FC39F0BE365D}",NA,1,0,0,1,0
"{6AF8675B-6FD0-43DF-8E99-892924A81D17}",NA,NA,NA,NA,NA,NA
"{AD725035-F584-40C2-A41C-89DDBFDAF48A}",NA,0,0,1,1,0
"{6564875E-7051-42A4-9E45-1A3E7807D63B}",NA,NA,NA,NA,NA,NA
"{3FB26A2E-F47C-431C-8FD2-CD3017230175}",NA,1,0,0,1,0
"{253FE78C-EBDB-4AC7-957D-1F9B478ACF66}",NA,1,0,0,1,0
"{35FCBC27-0171-4C19-BD1B-7190A59C5131}",NA,0,0,0,1,0
"{EF738380-D1D5-476A-9178-3712BE6B5699}",NA,1,0,0,1,0
"{023ECE2B-CA2A-48AB-84C2-E406A99F644B}",NA,1,0,0,1,0
"{F406E5EC-15E2-41A8-8F38-61578CD15532}",NA,1,0,0,1,0
"{24D47977-370A-4508-B93E-1C0FF08754B8}",NA,NA,NA,NA,NA,NA
"{D441DC54-6095-4592-934E-55E4F85C3BEE}",NA,0,0,0,1,0
"{B90E55CF-F613-43F7-8DCB-A76262EBF1FA}",NA,1,0,0,1,0
"{B98FECB0-AFBD-4766-AD78-E3272B139F82}",NA,1,0,0,1,0
"{6B28C1CF-4B92-4A27-BD1E-50C0AAD14C7A}",NA,1,0,0,1,0
"{AEF5EA9F-2E6C-4ADD-A279-29CEFE789427}",NA,0,0,0,1,0
"{08F5B64E-49DE-4B55-A85B-232AC6282C60}",NA,0,0,0,1,0
"{4BE7AE1E-F36F-417F-88B7-5B3CE3FCFFC1}",NA,0,0,0,1,0
"{85DE43FA-7996-4F58-BB57-D8A726392386}",1,0,0,0,1,0
"{DE3FF896-2DD3-41A3-B295-C7655F8FF725}",NA,0,0,0,1,0
"{789E2D45-3BBC-4759-9DE5-9895B85C2431}",NA,NA,NA,NA,NA,NA
"{506BA963-460E-4155-ADFB-6DBD2AE5E7A3}",NA,0,0,0,1,0
"{B040A53A-714A-40EB-BB8D-0EC2FE1E3E79}",NA,1,0,0,1,0
"{DD42DB1A-9C37-4CBD-A04E-85A6016A953B}",NA,NA,NA,NA,NA,NA
"{C798B477-957F-4118-95A5-1D8970A44B2D}",NA,0,1,1,1,0
"{DE728D8C-6E58-4063-864F-B4BFC1FDAC48}",NA,0,0,0,1,0
"{A633EE57-319B-49B3-9A63-CF4F37AE244A}",1,0,0,0,1,0
"{F52F4F3D-4A8D-4AE8-A499-5201EBCBBE8C}",NA,1,0,0,1,0
"{65882C64-AB93-4667-8EF2-E9402F7D2C7B}",NA,0,1,0,1,0
"{6C027655-84D6-4E63-AE9C-A201C6205FB7}",2,1,0,0,1,0
"{865711B4-AAAB-4F83-8540-C4B3C71E5F3E}",NA,0,0,0,1,0
"{CBEDD51D-1E18-46BA-928B-5BFD935EFB95}",NA,0,1,0,1,0
"{07350CDF-BB75-4417-A4C0-7923EB8C5578}",NA,1,0,0,1,0
"{05031A3D-8437-4445-807B-CBE8947F5F1F}",NA,1,0,0,1,0
"{BADA01B2-80C0-452E-AB12-2A499ADD2DD0}",NA,0,0,0,1,0
"{FB0EB64F-6E7E-4E94-A47A-DF185372B0F9}",NA,0,0,0,1,0
"{80CF8A97-7DFD-4848-B2B3-9B6DFC33DC8B}",NA,0,0,0,1,0
"{7D1E36E8-2D52-429F-A674-537079CDE17A}",1,0,0,0,1,0
"{8A7A0301-1216-4067-83AC-1E995D496976}",NA,0,1,0,1,0
"{CDB13031-EDD9-4F53-A652-56CDA16F5F3F}",NA,1,0,1,1,0
"{E11031FE-6B7A-4B7E-8C1E-C2079355200E}",NA,0,0,0,1,0
"{F3ACF9DA-D454-4E5C-B175-7FF3E17B5877}",NA,1,0,0,1,0
"{E6644C3B-22F5-4CD1-A626-536BD081EB6C}",NA,1,0,0,1,0
"{2371FF11-FFA6-4A89-A211-3BA8706EEB22}",NA,1,0,0,1,0
"{87006290-7016-4062-BDB5-78C0DF007A25}",NA,1,0,1,1,0
"{C15BECD0-950F-4FB8-8D4C-E29CA7A43769}",NA,0,1,0,1,0
"{28544B19-BE9C-42DF-A814-9524884FA8E9}",NA,1,0,0,1,0
"{424F533C-F903-4E60-99A9-67C02FF468F6}",NA,1,0,1,1,0
"{F19D738E-5D52-4F38-9200-34815FD91BB1}",NA,0,0,1,1,0
"{F3F9626D-F041-4BA6-A91D-943C8449DC6F}",NA,1,0,0,1,0
"{A09847B6-F898-416C-9498-C0B69F9164DC}",NA,0,0,0,1,0
"{4C0AAA06-83D8-4B4F-BC54-FFF3A35DEE6A}",NA,1,0,0,1,0
"{58694E3E-0FD4-4533-9DF0-CA859AAA0415}",NA,0,0,0,1,0
"{B8F9C712-AEA4-439C-9872-6F0C96FB2AAF}",NA,NA,NA,NA,NA,NA
"{8F7D5E32-91BA-430D-B64F-3E611999FE10}",NA,0,0,0,1,0
"{A2DC7733-31D6-41F9-9736-BF8A26EA8673}",NA,0,1,1,1,0
"{7735CF4E-9C80-452C-9758-94591B7EDA5D}",NA,0,0,0,1,0
"{93FF0D9F-B47D-4EA7-8B6E-F8EB43A622E6}",NA,0,0,1,1,0
"{1C6E10F2-0509-4136-B2AF-F81FFA0C6E52}",1,0,0,0,1,0
"{2568EA1D-42E4-408E-A57A-3E26EA2429EB}",NA,1,0,0,1,0
"{0369391B-174E-47F3-AB8F-B6D112A05E06}",NA,0,0,1,1,0
"{324FC2A8-3157-49DF-B6DD-C0D249058704}",NA,0,0,0,1,0
"{7655B23C-4E54-4B9B-95C6-FD1FA818B898}",NA,NA,NA,NA,NA,NA
"{83C57522-03CA-4C1F-B1C3-C6CCD53CC844}",NA,0,1,0,1,0
"{BF30A187-103E-47CA-9D8E-8AFC7273519E}",NA,0,0,1,1,0
"{4E8C1455-D2D5-415E-983D-ADB66ABAF805}",NA,1,0,0,1,0
"{2A672F11-264B-46FB-8371-B8B0673B65C2}",NA,1,1,0,1,0
"{1F087B51-E018-4C0F-AC43-B84862873B6B}",NA,1,0,0,1,0
"{F23B11A1-6BF7-41DA-9A9D-8694ACE75B77}",NA,0,0,0,1,0
"{38D4FEB8-D010-4ADC-8AF6-8C79FC56ECC5}",NA,NA,NA,NA,NA,NA
"{EEBB862B-A493-4A4C-B857-DBA9F66A4345}",NA,0,0,0,1,0
"{E71003EB-7E6C-4957-8495-BD636DBD5C7B}",NA,0,0,0,1,0
"{9E9B2065-10ED-42BC-9E90-C636910670D6}",NA,0,0,0,1,0
"{2B54BFF0-B9CD-46FC-89F4-6E16EE95FDAF}",NA,1,0,1,1,0
"{E7621BA4-FF1A-4072-AFE8-DC7CB1441E33}",NA,0,0,0,1,0
"{E7A933A2-74DE-4AAE-BFAD-C99D20AC4CDF}",NA,0,0,0,1,0
"{D2921E7F-539D-4140-AA26-A502D83A0C6A}",NA,NA,NA,NA,NA,NA
"{327C226F-CA7A-4F83-9B9D-427C7733EE47}",NA,NA,NA,NA,NA,NA
"{AD5C01B1-8460-4C41-A1A0-593BB6826317}",NA,0,0,0,1,0
"{4FAC07BD-FA5F-4F59-9770-74A5B5CFFDF6}",NA,0,0,0,1,0
"{379C4F3B-150A-46E1-A7A3-0AB1BB8FB163}",NA,NA,NA,NA,NA,NA
"{F067E31D-B6CC-40C6-80D6-D414DD3AAAC6}",NA,NA,NA,NA,NA,NA
"{086C09E3-A26E-4526-A024-56D851204DF6}",NA,NA,NA,NA,NA,NA
"{7C2FD7A0-EFC3-45DB-BF0D-026787913A5C}",NA,1,0,0,1,0
"{89E52C58-4D91-47A5-B7D2-47AD0214E03D}",NA,NA,NA,NA,NA,NA
"{D0D542FF-B317-4DF1-9637-D95583370BC8}",NA,0,0,0,1,0
"{B1FE8DD0-851C-4B03-B03F-15EFFE889002}",NA,0,0,0,1,0
"{CC1AF104-FDFA-4343-82ED-13E34589FF34}",NA,1,0,0,1,0
"{6E4BECC8-727F-451C-8249-75F5A6185232}",NA,NA,NA,NA,NA,NA
"{36402F26-DEC8-4FC9-96B4-5F41594E52D9}",NA,0,0,0,1,0
"{5B472B83-3CAF-478F-8C15-19C7746B4573}",NA,0,1,0,1,0
"{CD5C7E35-6CF6-4714-8CB6-D9442A97CA7A}",1,NA,NA,NA,NA,NA
"{72FC9281-8B18-45E6-93C5-E79D29220491}",NA,0,0,0,1,0
"{1E7E8DE8-D94E-4D70-AB01-EB83C22C5FCA}",NA,1,0,0,1,0
"{717205E4-077F-4D92-B8F5-D056A7161545}",NA,0,0,1,1,0
"{83786BD5-6314-4326-A3B4-EFCE8E683532}",NA,1,0,1,1,0
"{7BF823FE-D872-449E-B4CD-DCBA6151CA21}",NA,1,0,0,1,0
"{6A5BB728-9467-4416-B784-57AECF62A715}",NA,NA,NA,NA,NA,NA
"{58E97D8A-C868-40D8-AE64-37E79838EE99}",NA,0,0,0,1,0
"{1271D38E-60C2-480E-B40A-B7C1D73928E0}",NA,0,0,1,1,0
"{402CB9A9-4951-4C26-9CB2-E37A5AA4149F}",1,1,0,1,1,0
"{27EE0799-59BB-429A-B453-F446786D469F}",NA,0,0,0,1,0
"{3DBFFB0C-B474-4930-BECD-45EE58D4D11A}",1,0,0,0,1,0
"{1F0081D0-0837-4270-B7AC-D8AF4C092B51}",1,0,0,0,1,0
"{9501F3D2-DF96-4A1B-988D-BFE3C16947CE}",NA,1,0,0,1,0
"{B6405405-F5A1-4AE6-8C98-E66BCC0EA944}",NA,0,0,0,7,0
"{206FBEBB-49DE-4428-9328-6AC1B7A87C64}",NA,0,0,1,1,0
"{E7E4950C-E2C3-4A98-9E95-6EB9F415D568}",NA,0,0,1,2,1
"{B3AC4D7F-C834-4F76-979C-95C84B8E4F2F}",NA,1,0,0,1,0
"{B42D9062-C6B6-4E22-BC99-0ED3FAD3EAB0}",NA,1,0,0,1,0
"{CD70D714-CB69-43BF-B35C-15452240BE1A}",NA,NA,NA,NA,NA,NA
"{A8FCC05A-4BDD-40C0-BF7D-8E843270470C}",NA,0,0,0,1,0
"{379B48A3-3A66-45E1-A37C-4C308A4F38D0}",NA,1,0,0,1,0
"{BBFE686B-69AD-48D6-A990-C8AD99DF34A8}",NA,1,0,0,1,0
"{61EDFE12-452C-412E-85BC-2BBAB3F674E9}",NA,1,0,1,1,0
"{6D5F80F5-D181-466F-AA0C-FD7D96F75AA2}",NA,0,0,0,1,0
"{8637FCC0-5929-42DB-93EC-F962F80F3B4E}",NA,NA,NA,NA,NA,NA
"{E6C1F2A1-F787-4F03-BDDE-58CAAD274F8B}",1,0,0,0,1,0
"{3279ECD6-81AB-4BD2-9A40-FAEE6FB23898}",NA,1,0,0,1,0
"{362BD2A1-8E55-4831-A7BC-76CB635FCA18}",NA,1,0,0,1,0
"{9B9E60EE-7EF2-4521-9FBD-09F1BBC97A0A}",NA,1,0,0,1,0
"{09DB0DFB-EE38-44C8-AAE2-483A220E0696}",2,1,0,0,1,0
"{FC0A5E9F-FE43-4EFA-92B2-1901559E5243}",NA,1,0,0,1,0
"{C59E6A8D-0198-4D8F-A7CB-B31DD618AD2B}",1,1,0,0,1,0
"{FCFBF879-30E3-4F8B-9DD0-C5AD53199908}",NA,NA,NA,NA,NA,NA
"{DE600C6D-ABED-4F89-B0AC-0C85A3E72D0C}",NA,1,0,0,1,0
"{7D2319C1-F6A6-4444-B75C-5B2F4FA1BF80}",NA,0,0,0,1,0
"{2D22B19F-7C63-4967-B6E4-EA08114B3435}",NA,0,0,0,1,0
"{5A7F8277-E3C5-4921-9CA4-951C5214A8B9}",NA,NA,NA,NA,NA,NA
"{33D3935E-A551-4384-9EE9-1C7B277870A6}",NA,NA,NA,NA,NA,NA
"{52977833-9B81-42FB-A407-71F8366AD377}",1,0,0,0,1,0
"{D5D7ECF3-45D0-4894-9AA0-98EFB758ECF9}",NA,1,0,0,1,0
"{DEC8547F-3CA5-486D-8609-571F87CB9F88}",NA,1,0,0,1,0
"{AF0A6362-C10C-43C1-8417-5B441BCE88B7}",NA,1,0,0,1,0
"{0974D9C3-8A1F-4A8B-88D5-F75896367B1F}",NA,0,0,0,1,0
"{13ECA7A3-C7C9-4343-B858-4BAEE1A287F9}",NA,1,0,0,1,0
"{517FEC13-5183-47CC-A693-AEF999B6AC96}",NA,0,0,0,1,0
"{2A280D47-FF6D-4702-830A-EB78EB537C0D}",NA,NA,NA,NA,NA,NA
"{0CFDED80-1496-4D70-98AD-0C0ED94F85AF}",NA,0,0,0,1,0
"{C4F673FD-0EBF-4456-A0A5-DEA4B1F7A10B}",NA,NA,NA,NA,NA,NA
"{7B794C21-54FF-47D0-882C-124B847CC3CF}",NA,NA,NA,NA,NA,NA
"{915D3115-3A90-4D5D-AB89-6A0881DDA187}",NA,NA,NA,NA,NA,NA
"{2CDFE8F9-A409-4EC3-B90B-03B6E9599F13}",1,1,0,0,1,0
"{5590F7C7-19D3-4A1E-BF22-237706AA7034}",NA,NA,NA,NA,NA,NA
"{9544E813-5FA1-4BE2-999A-5C135BB25D26}",NA,0,0,0,1,0
"{3AD41405-F77D-45C2-83C6-FE2B2B93CFC0}",NA,0,0,0,1,0
"{B971CAF9-A5B1-4F90-89F6-9308D6B6E503}",NA,1,0,0,1,0
"{48409372-E56F-413C-9270-AF535038EFC9}",NA,0,0,0,1,0
"{C0C8E071-0BD4-43A9-BE12-5D41EA12B238}",NA,0,0,0,1,0
"{EAA35DD9-FB6A-4160-952D-8CFDD4BD9DD9}",NA,0,0,0,1,0
"{F6C1792A-F549-4D7D-8F8B-AA939549CA2B}",NA,1,0,0,1,0
"{F40ACB5A-FC3E-4BAF-80E6-EF363EA8422F}",NA,1,0,0,1,0
"{C2D70E86-D0E1-4A11-B955-D20AAB443B5C}",NA,1,0,0,1,0
"{E23AE035-C863-4F9D-A460-760C7B4C3A0E}",1,1,0,0,1,0
"{8E342ECB-E376-42FA-A4F1-2FE5DBD72C00}",NA,0,0,0,1,0
"{C4D08A1E-3066-428A-8E4C-FDB3898142E1}",NA,1,0,0,1,0
"{3ED440F5-FF6A-43C2-AE08-AE6D51623CDC}",NA,0,0,0,1,0
"{76F0DA33-ECB3-4518-AAE3-22B38D81D29D}",NA,1,0,0,1,0
"{76A0B8F4-F7BF-4A46-AFDB-B558BD06C544}",NA,NA,NA,NA,NA,NA
"{0069A0F1-2C33-49D2-8167-956DFEEB1AF7}",NA,1,0,0,1,0
"{BB978D4E-EEB0-4713-9F01-1372EA743168}",NA,0,0,0,1,0
"{977C639F-A600-4F9A-9006-0A037A49B645}",1,0,1,0,1,0
"{A364D65B-18C4-4551-A7BC-49D5E79BCF85}",1,1,0,1,1,0
"{329E1AF0-6355-435C-AFB8-F326EB1D6D84}",NA,1,0,0,7,0
"{9750AC42-0B0D-440F-A1AB-F41EFB9E3197}",1,1,0,0,1,0
"{FF1D2CFD-9970-4BC2-ABB7-99F9A2C8D3C7}",NA,1,0,0,1,0
"{D544CE42-D21F-44DE-AA11-DE382B574C44}",NA,1,0,0,1,0
"{166C46A2-9002-4A29-8D52-648A3568731B}",NA,1,0,0,1,0
"{A05303BF-236C-4622-9D9D-B20D32E611E4}",NA,0,0,0,1,0
"{BB59CB54-BB38-45EA-B91B-0115A9645874}",NA,1,0,0,1,0
"{662A7BB2-D7ED-4F24-BADB-DAD4DA0C825C}",NA,0,0,1,1,0
"{0EFCEC64-B3DC-492C-84E4-C2287ABA1722}",NA,0,0,0,1,0
"{41ADBC1A-19FF-4F57-A906-D8BDB4AB291E}",NA,1,0,0,1,0
"{D6859A7C-389F-4711-9A3B-53E81F059D6D}",1,1,0,0,1,0
"{00817895-3B0C-4B29-AC2C-BD2324EE05E1}",NA,NA,NA,NA,NA,NA
"{2D692E04-07F2-40C1-B9E8-7775D1501CE0}",1,NA,NA,NA,NA,NA
"{E8E08C41-68BD-47E6-95EB-95B6B17380B4}",1,0,0,0,1,0
"{A55FA7F2-8224-4259-9508-105392B1BD80}",NA,0,0,0,1,0
"{3DA0E173-03A5-42F1-9632-8B469204B3B4}",NA,1,0,0,1,0
"{EA3B85CB-21D2-4F7A-A56B-A412F73C6BA5}",NA,NA,NA,NA,NA,NA
"{7CC93235-E29D-4D9A-BA2B-988EC6FF2ABB}",NA,0,0,0,1,0
"{9E52E9BA-E734-495C-B61E-DB5042488EFC}",NA,NA,NA,NA,NA,NA
"{193920D5-AC49-4E3D-8953-75F5AACF3124}",NA,0,0,0,1,0
"{5D4545D3-34E3-4D71-8D45-F68B66BCD824}",NA,NA,NA,NA,NA,NA
"{CEB73A3B-0BF3-45FB-BA8A-19E50533826C}",NA,0,0,1,1,0
"{46551C9C-49F9-4CDD-BC73-48F61B6E2EF5}",1,0,0,0,1,0
"{9A342B41-DF4D-4AE4-AC5A-1683D78CB752}",NA,NA,NA,NA,NA,NA
"{77857B0C-31AE-4E59-BE79-68DA8DEA18D1}",NA,1,0,0,1,0
"{4A97B6BF-E58E-43E2-93EB-77E924CF6CE0}",NA,NA,NA,NA,NA,NA
"{E88E1956-A9BB-457E-A3FF-772B0A4179DF}",NA,1,0,0,1,0
"{970A24E4-4946-4664-A3AC-1CE764D34024}",NA,0,0,0,1,0
"{D748D550-3F2D-4BB0-BCF3-288F463C8830}",NA,1,0,0,1,0
"{7CEEF3E8-C145-41F5-B8D5-B9B222B28D26}",NA,0,0,0,1,0
"{DF06A395-322F-4A13-8EAE-D511C36C059A}",NA,1,0,0,1,0
"{F64EBDA5-2DDE-4A57-A1F9-66FF13818753}",NA,0,0,0,1,0
"{1A0C3B5E-51EB-4785-87A9-C9DADB656AE6}",NA,0,0,0,1,0
"{80F950C6-C4C4-4019-A84A-0036B33B7ED7}",NA,1,0,0,1,0
"{2FC424FB-378E-4F1B-B15A-28094A152232}",NA,NA,NA,NA,NA,NA
"{9093F345-15D4-4143-A0E1-DB2CA9FD9A61}",NA,0,0,0,1,0
"{155A21ED-ABD8-43E5-A409-9AD13A1B4130}",NA,0,0,1,1,0
"{9131C036-2CA7-473D-88FF-CD4295ECF0C1}",NA,1,0,0,1,0
"{9AB1A6BF-C352-4060-AD07-62C910378744}",NA,0,0,0,1,0
"{9323E232-A300-4B4C-B8EE-8AE52914BEE0}",NA,NA,NA,NA,NA,NA
"{FC470AFC-5E5B-447B-8819-5864F9D9AF42}",NA,0,0,0,1,0
"{D655BAAC-7339-4C41-89D5-2B3CC9F89BB5}",NA,0,0,0,1,0
"{A5EBC3BE-DCBB-4230-BAFC-E68FD5824AA6}",NA,1,1,0,1,0
"{E51E033C-C8B3-45F5-BDDD-244D109AB676}",NA,1,0,0,1,0
"{DEAC9A81-E241-4EDA-9164-DF718C8170AB}",NA,0,0,0,1,0
"{C8BFDCBC-3E01-4F3B-A185-F847B425F87A}",1,1,0,0,1,0
"{939F627E-A983-46BC-8752-29361F7526E9}",NA,1,0,0,1,0
"{9E01BCC3-D849-496F-9802-AB3AF8C210BA}",NA,0,0,0,1,0
"{426372FE-ABF1-4390-85AF-CECC8C6E8F77}",NA,0,0,1,1,0
"{9A251596-C916-4188-B491-31078E910BFB}",NA,0,0,0,1,0
"{2A03CA5C-1D48-4B14-B9AD-B12A1B534026}",NA,0,0,0,1,0
"{81224AA1-707E-43C9-A861-2CBB8C530898}",NA,0,0,0,2,1
"{B88F19BF-4ACE-4ACF-BA68-E457AD987A2C}",NA,1,0,0,1,0
"{33815BFA-383A-462B-BD6A-6482C95223ED}",NA,1,0,0,1,0
"{7460BE50-0B09-4FD2-9E20-025FE7E5BC77}",NA,1,0,0,1,0
"{6658AA4F-6A6D-49E4-B627-7ECF21355AB2}",NA,0,0,0,1,0
"{5B393EA7-C591-4CA6-BF12-B4EF47EB829B}",NA,0,0,0,1,0
"{02AD5854-F385-4B03-8F41-4F11CBD0F121}",NA,0,0,0,1,0
"{D39CA6F9-F8A8-460A-8B14-0DDC0ABF73C7}",NA,0,0,0,1,0
"{0A8455D0-8169-4D78-A1D7-745009FB2B10}",NA,0,0,0,1,0
"{975AF7B8-555C-453F-A985-C9BC209D039B}",NA,0,0,0,1,0
"{B9BF15E5-38A2-48AC-8E70-FC7C3267D204}",NA,0,0,0,1,0
"{067422FF-2BF6-4DAF-A4AC-C87CBDE30CE7}",NA,1,0,0,1,0
"{3D19D35E-82FB-463E-BC8B-155158A33679}",NA,0,0,0,1,0
"{9451F7AF-95FF-4BE2-9424-A92A62A7C130}",NA,1,0,0,1,0
"{CC91C9E8-C44D-44F4-BFAC-768FCE5763A6}",1,1,0,0,1,0
"{BB081CB1-9470-473C-A4EC-932CC8298C63}",NA,1,0,0,1,0
"{46A7540A-7A1F-45CE-B795-3446794DDD8E}",1,NA,NA,NA,NA,NA
"{5D82D05C-48BD-4FE9-AB83-B40BB7F24041}",2,0,0,0,1,0
"{2E7700FB-2CB4-46C5-8CA3-F782420BD90F}",NA,1,0,0,1,0
"{18ADE3DE-7956-44A7-94AC-A51E471AADD3}",NA,1,0,0,1,0
"{F80DDAD8-8028-4D15-960C-91DC8E13C84F}",NA,0,1,0,2,1
"{B3996C22-D85A-40CF-BFC6-EF4C50C7FC18}",NA,1,0,0,1,0
"{7EC693E7-6BC2-4EF1-B77A-AF2995861650}",NA,1,0,0,1,0
"{B23A4B2D-71AD-487F-BB74-22DD3628D57D}",NA,NA,NA,NA,NA,NA
"{775A7EBF-83E4-4659-89A9-619179DF6EC4}",1,1,0,0,1,0
"{C831CC7C-79ED-4316-BF29-51CCCBDB561F}",NA,0,0,1,1,0
"{7DC04970-6A03-4C2F-BEE5-654943ECAA8A}",NA,0,0,0,1,0
"{58AEF302-4FC4-4488-BD63-92FD81897402}",NA,0,0,0,1,0
"{35AD9A94-DB57-48F8-871A-CEF08A5ADEA3}",NA,NA,NA,NA,NA,NA
"{3B30E78A-6041-4507-80CC-DE8F5137DFFA}",NA,NA,NA,NA,NA,NA
"{FB79941D-D7BA-47AD-8C7D-93723497E407}",NA,1,0,0,1,0
"{F001319E-042A-4D37-820D-D2541F7D5834}",NA,0,0,0,1,0
"{2B6AA721-8DAF-4CA0-8A1C-0CE3142F1B73}",NA,1,1,0,1,0
"{3C5DDCF3-9500-4745-B369-C31E8EF4487C}",NA,0,0,0,1,0
"{DB6DED55-B116-4C2C-BDF4-8E8512F374F1}",NA,1,0,1,1,0
"{D1701303-18BB-495A-BECF-EC34542959DF}",NA,1,0,1,1,0
"{C45CB907-49E8-49CA-877B-636CC4E035BB}",NA,1,0,0,1,0
"{F6752E5C-11DD-4DF8-BECD-E4179488656C}",NA,0,0,1,1,0
"{1ECF2845-6BCF-4A99-9CC4-8E20411280D8}",NA,1,0,0,1,0
"{4326CC0E-BD3F-46CB-A820-1A4E9B3A8851}",NA,0,0,0,1,0
"{A07EF8D8-7533-481A-9AA2-D9E9653275C1}",NA,0,0,0,1,0
"{54ADB8C6-2831-4461-A3FC-9A9673D0728C}",NA,NA,NA,NA,NA,NA
"{5B62CC11-2632-4C00-9616-7A8AA1B83EC7}",NA,0,0,0,1,0
"{6670FF64-31B0-49B1-AABE-60B083A59908}",NA,NA,0,0,7,0
"{8CD72A6D-1007-42E3-9998-67FD0230E42A}",NA,1,0,1,1,0
"{9DB0D049-9899-4B9E-96F8-5D1ECD2273E7}",NA,0,0,0,1,0
"{860F0760-7EE2-46E1-9D6E-639954183DAD}",NA,1,0,0,1,0
"{D5662041-A513-44A6-86A0-FA9921C01A8B}",NA,0,0,0,1,0
"{7888F0FC-4E21-424E-B40E-B4620D602C5A}",NA,0,0,0,1,0
"{4181470C-90EE-4ADA-9E8C-937CD7529161}",NA,1,0,0,1,0
"{B408A710-E3D6-4D64-A06F-223F75058E9C}",NA,1,0,0,1,0
"{C7EA6F76-7D14-4F50-BA46-109E3C812B4E}",1,0,0,0,1,0
"{4F5F7C7C-3BC5-42E0-B392-EBC1899BF429}",NA,1,0,0,1,0
"{F2FA7142-69EA-4D79-A892-D1CB18D2278D}",NA,1,0,0,1,0
"{611B961F-E1A7-4AEB-8442-562C0BF143EB}",2,0,0,0,1,0
"{087E3C26-C668-40E3-80D4-21261407B831}",NA,0,0,0,1,0
"{ABD54007-2946-4652-87F1-767197433C8F}",NA,1,0,0,1,0
"{02440194-3FDF-464C-94D3-61BCD4BCD17F}",NA,1,0,0,1,0
"{1C1E69C6-255F-4AFB-87CD-EE402E6E3F05}",NA,0,0,0,1,0
"{BCFCE6FF-7F39-47CE-B5DD-739F62396BB4}",NA,0,0,0,1,0
"{BE39719D-19A1-4BF5-809B-2BCE102B478F}",NA,NA,NA,NA,NA,NA
"{5DB35C1C-2B8F-41B9-8616-2664BBC03883}",NA,1,0,0,1,0
"{BCB598AF-A78C-4AAF-BB80-6FA0C1160F3E}",1,0,0,0,3,1
"{94351130-08D4-41DE-A447-A23E5D6929E6}",NA,NA,NA,NA,NA,NA
"{9537A037-37AA-41AE-83D0-9BD4255B1A4D}",NA,0,0,0,1,0
"{FC89BECB-1987-4CE8-82ED-F9E88033241A}",NA,1,0,0,7,0
"{9A2F0EE5-6D85-49AA-A5D5-9FACD4D836F7}",NA,1,0,0,1,0
"{7AD93DF6-026E-4989-97EE-A544EA78546A}",NA,1,0,0,1,0
"{C512E526-D4BA-4790-B9FD-8F3D5C9DAA6F}",NA,1,0,0,1,0
"{8E3DC533-4409-4854-9782-31D6ACC01603}",NA,0,0,0,1,0
"{DC4BA6A0-9A36-4126-9026-2517845D45FC}",NA,1,0,1,2,1
"{A3C588F7-A9F8-4085-ACA3-20F5C3332C74}",NA,0,1,0,1,0
"{3BDF7799-A486-452F-998F-361748267229}",NA,0,0,1,1,0
"{D036A9B6-6519-431E-8F94-0C9C10512D7A}",NA,0,0,1,1,0
"{B77B3B1C-A799-4235-AB65-0EC1933426AE}",NA,0,0,0,1,0
"{CD52BE76-8D57-47FE-9AD5-47BB85220E5E}",NA,1,0,0,1,0
"{F46D998C-0E31-4B3F-9159-0AAEFAC77652}",NA,NA,NA,NA,NA,NA
"{07AE51D2-D3BC-4935-BA5F-6321B0848EBC}",NA,0,0,0,7,0
"{9F7EB070-F1C3-497D-93C4-C5D10DD82B0E}",NA,1,0,0,1,0
"{9DDFCDB5-D644-4286-A6A0-D9595636EEAA}",NA,NA,NA,NA,NA,NA
"{21C224B9-D4A7-4735-9B83-B999DE442E75}",NA,NA,NA,NA,NA,NA
"{7B065E14-9067-4B53-901F-89956EFF9E1A}",NA,1,0,0,1,0
"{77F28046-3C96-4E6E-AE03-FBA8F40C8BC6}",NA,0,0,1,1,0
"{C87C590D-BAF2-4EB0-8035-CC53FB51F69A}",NA,1,0,0,1,0
"{7CB63CA9-26CD-4D95-9C15-D68BB8DE551C}",NA,0,0,0,1,0
"{0DE64813-7C38-49D0-B024-B3530C015968}",NA,1,0,0,2,1
"{EBED2932-CDAA-4FA1-9324-123A50A0E07E}",NA,0,0,0,1,0
"{B72F125B-FEC9-4379-BB0C-D9DA40A9F8D1}",NA,0,0,0,1,0
"{F730CD0A-6EAB-429D-8EAD-60B70DA7B723}",NA,NA,NA,NA,NA,NA
"{7B941DC3-8D2D-489F-A3CB-748D2EE1570F}",NA,NA,NA,NA,NA,NA
"{B5308B4D-A57D-4304-A690-17960BA4D883}",NA,1,0,1,1,0
"{2C59A79F-5058-4F56-9514-06CDB8949B1E}",NA,NA,NA,NA,NA,NA
"{44E8BEB1-A432-465D-9A2D-374879C13C92}",NA,0,0,0,1,0
"{25D68750-095E-4BC3-9EA1-1E9E38B89656}",NA,NA,NA,NA,NA,NA
"{4D02C6E0-1FC0-4DE1-9A4D-A0FBA30E6666}",NA,1,0,0,1,0
"{48A8CD37-25CF-4E81-8582-BAAB8F0F364F}",NA,0,0,0,1,0
"{CFE99A84-8D9E-4E98-9718-FD093AF2B0D1}",NA,NA,NA,NA,NA,NA
"{E003FA72-7915-4D7F-98DE-401B5D38440A}",NA,0,0,1,1,0
"{961F2719-F7FC-49EF-AD9F-35B16A77ABBD}",NA,0,0,0,1,0
"{463F1A36-8EFC-444D-888D-12395EBB9745}",NA,NA,NA,NA,NA,NA
"{51F692C8-FB32-41D5-97EF-B32303F66E6A}",NA,0,0,0,2,1
"{BBB395C7-FD01-407D-B842-5964EF729BBF}",NA,0,0,0,1,0
"{D7163378-00C3-4780-8376-2C23AC64E049}",NA,0,0,0,1,0
"{7C818E39-3FE9-4A60-A353-6B24E5416BAB}",1,NA,NA,NA,NA,NA
"{E95C6E9E-7FC1-4E40-997B-127E7D020CA8}",NA,1,0,0,1,0
"{79AD4685-4D0C-4C80-AD4F-B30F16350AA1}",NA,NA,NA,NA,NA,NA
"{02F6750B-F760-4F4E-A6D6-08C4A82CCE04}",NA,NA,NA,NA,NA,NA
"{4CE24F38-48E2-41C5-9A8D-200D5C90BC0D}",NA,1,0,0,1,0
"{EAB91B91-7FDD-4B8B-81EC-0355FC41FABD}",NA,0,0,0,1,0
"{B27558C9-1588-40F8-A3CA-3A0291DA7FDC}",NA,0,0,1,1,0
"{B3D372D5-D170-49E0-B551-E1B16C9ACBCA}",1,1,0,0,1,0
"{841C4EB4-EE8C-42DE-BB18-9B45C109F7CA}",NA,1,0,0,1,0
"{FE7EEBD9-1707-41CC-A2E1-3C6E334A6220}",NA,0,0,0,1,0
"{F6A94BA4-FEB7-42E8-90E9-CFBC4E0C6E3D}",NA,NA,NA,NA,NA,NA
"{7153B299-6459-4BEC-964D-060034D8CD07}",NA,NA,NA,NA,NA,NA
"{35715EF4-C44A-4D0C-9EA5-89161C0EFFF8}",NA,0,0,0,1,0
"{2A72712E-CE0E-4368-B052-53A2F9F932DB}",NA,0,0,0,1,0
"{D5F4162F-ABD5-4CF5-AED0-F7D673613172}",NA,0,0,0,1,0
"{A38CB148-A4B3-4658-AD96-81CE51418BE1}",NA,NA,NA,NA,NA,NA
"{1160CD19-5630-4DE4-8753-EFE087DF5191}",NA,0,0,0,1,0
"{D4B7F02A-EDEF-431E-BDF4-CE0E92447E6E}",NA,1,0,0,1,0
"{9D3D7F30-1508-4E7D-B458-788509743262}",NA,1,0,0,1,0
"{6FCB9FA9-A38B-485A-8BA8-F1A36C9B4176}",NA,1,0,0,1,0
"{C8720822-E635-442A-BB6D-5C0C62BFC114}",NA,0,0,0,1,0
"{29CE75FB-4B92-447A-8F78-065E0A893D4A}",NA,NA,NA,NA,NA,NA
"{15547369-021A-44DB-894A-8BE2C9C829CA}",NA,0,0,0,1,0
"{D18FF529-5596-4CE5-8A28-C52F0DF28C94}",NA,0,0,0,7,0
"{7B0CA3A8-71EA-4DEE-9752-C2DC94851249}",NA,0,0,0,1,0
"{8B92EA8F-4B48-40D9-88F1-6895C72A30AF}",NA,0,0,0,1,0
"{5DD654AC-7E9B-46F1-83FF-B9CE99824DDB}",NA,0,0,1,1,0
"{8AC1887D-CA83-4FD1-9684-E39B8B07A5A9}",NA,1,0,0,1,0
"{623D54F6-5210-494C-8944-BB644D47D349}",NA,1,0,0,1,0
"{A7E615D3-CB4C-47E1-A67F-AF407268D81C}",NA,1,0,1,1,0
"{6C36E0E6-D7B5-47D7-AD18-D8C8DB31ECC9}",NA,1,0,1,4,1
"{EFFB9163-AB43-4902-B235-1125FA64EF2F}",NA,0,0,0,1,0
"{83844ADF-98E2-4DAE-84BF-96A5791CDBE6}",NA,0,0,0,1,0
"{74A24A83-3600-488A-AF07-0EB3E02189D9}",NA,0,0,0,1,0
"{98CEEDEB-9861-42A7-BF36-8F7768EDA1F8}",NA,NA,NA,NA,NA,NA
"{53A2CA67-3018-4651-AC57-61BCD2745ABA}",NA,NA,NA,NA,NA,NA
"{633016DC-A7F1-4B39-A82F-C83860DE2AA0}",NA,0,0,0,1,0
"{0E26F8EE-DF66-4D8A-8E8F-49326F0AF08C}",NA,0,0,0,1,0
"{2D7658A7-DB3E-4F28-8F5D-0E4F16C0E0A2}",NA,0,0,0,1,0
"{47EB4598-DA54-4D67-B3E1-D73DCC48627D}",NA,NA,NA,NA,NA,NA
"{E2A35382-75A9-42BB-92C5-B121D37B4516}",1,NA,NA,NA,NA,NA
"{6C6675FB-32B8-4CEC-A0E8-D736C7FEA4A1}",NA,0,0,0,1,0
"{8E37E1A8-BC1D-4B31-BCE7-D5FC0BA8487D}",NA,0,0,0,1,0
"{C8CD2D4F-F8FB-4042-BEC2-B4005F0D77AE}",NA,NA,NA,NA,NA,NA
"{12683836-0A20-4DB9-8C68-E02234DB74B9}",1,1,0,0,1,0
"{801892F9-F3A4-423A-ACB9-13EB8A3ECA11}",NA,1,0,0,1,0
"{1AC8E839-4BAB-4A6A-AD32-0C7AFFF42B59}",NA,0,0,0,1,0
"{12116BFE-9623-46FD-9488-2A6036860DB8}",1,NA,NA,NA,NA,NA
"{693EDB04-11DC-4656-8AEE-722AEF2937E8}",NA,NA,NA,NA,NA,NA
"{7C2E3407-EFF6-434F-9C60-ABD471DDFCD9}",NA,NA,NA,NA,NA,NA
"{C8AC4411-16EB-4E82-86C5-4195A27B9132}",NA,1,0,1,1,0
"{3EC41F2D-04ED-4BCE-97A5-14262F92FBE3}",1,NA,NA,NA,NA,NA
"{6A73532D-BE2C-421A-BBFC-FB3A120003AD}",NA,1,0,0,1,0
"{0754128D-BFFC-45CF-A77A-90354A342717}",NA,1,0,0,1,0
"{D43A6D86-66BA-49F2-BF13-CD108B55FBBE}",NA,NA,NA,NA,NA,NA
"{3DC1D673-2A2B-498B-9658-36E57D53B6BF}",NA,NA,NA,NA,NA,NA
"{88FE1706-6A07-485B-8A01-3904457BB3D4}",NA,NA,NA,NA,NA,NA
"{ABBA0D05-92E6-4591-9C34-51916BFE9BAA}",NA,NA,NA,NA,NA,NA
"{57966F4C-CC02-4214-8F42-1E4CA58ECE8C}",NA,NA,NA,NA,NA,NA
"{B3197C18-BB5F-4F03-A045-3CFE7C33A093}",NA,NA,NA,NA,NA,NA
"{25254027-4E89-4E49-A62C-EA62D06B82D4}",NA,NA,NA,NA,NA,NA
"{A5781FD9-4A65-424A-86C9-8DDE1C5CA1FC}",NA,0,0,0,1,0
"{743E768D-83D1-4D77-9E90-C07329B0ADE3}",NA,0,0,0,1,0
"{3F37DD03-C909-427E-9FD6-ED0AF2D818F6}",NA,1,0,0,1,0
"{5B43F3C3-36F0-4AF2-A9B5-95F61764EB2C}",NA,NA,NA,NA,NA,NA
"{0F4E8EED-0C22-42C9-A46D-F1EE3650451F}",NA,NA,NA,NA,NA,NA
"{A6678F03-5649-4227-829C-9F11588D6324}",NA,1,0,0,1,0
"{93B2EBA5-B7C8-40FB-B138-25DFC2AECA22}",NA,0,0,0,1,0
"{4A96C49B-98BB-47FB-95C4-173EEE7E19B0}",NA,0,0,0,1,0
"{D4D2A713-6205-47B8-A9DF-C7AB8F0A4958}",NA,0,0,0,1,0
"{DC106F66-31B4-4205-B4E0-A5D6C75491C0}",1,0,0,0,1,0
"{25FD2954-35E9-4CBC-B422-ECB072CCD6B9}",NA,0,0,1,1,0
"{F79737A4-8688-4365-AF89-C830158B89F2}",NA,0,0,0,1,0
"{F4989DA5-CB06-4D21-9BFA-880E56F53CF0}",NA,0,0,1,1,0
"{1AF200B8-03C1-4E0B-B183-F1C74CCD9D38}",NA,NA,NA,NA,NA,NA
"{6546880C-1F54-49CA-82D5-4C028D2E065D}",NA,1,0,0,1,0
"{750D872A-051C-48D7-9B02-609606D4CA03}",NA,1,0,0,1,0
"{02291521-9BBF-4E26-83D9-1CDEF2524ECA}",NA,0,0,0,1,0
"{5C8FF657-731C-48D5-919F-DCDB5E94C38C}",NA,NA,NA,NA,NA,NA
"{F41B1953-0504-4500-808E-8D7FDA31C93C}",NA,NA,NA,NA,NA,NA
"{13301E69-259D-47D2-BD91-181F3435A9B8}",NA,NA,NA,NA,NA,NA
"{F9D79EAF-F444-4064-AB78-009D34C34644}",NA,1,0,0,1,0
"{60ADD4DF-4B06-47F7-872D-CE317937AA87}",NA,0,1,0,1,0
"{1FEFF9E3-EEB4-4364-BB53-E74634806DF9}",NA,1,0,1,1,0
"{7D7F7F4C-7BF9-4491-998B-58D15DC81982}",NA,NA,NA,NA,NA,NA
"{B31FD9C9-A29F-4AC9-9554-6131158527F2}",NA,1,0,1,1,0
"{0E27474D-F8D1-46AD-8641-3DE9019587F3}",NA,0,0,1,1,0
"{730577B7-2592-46A9-A066-48B0C71C7E15}",NA,0,0,0,1,0
"{2044DE17-8AF0-4ED8-A176-2F913839B188}",NA,0,0,0,1,0
"{52C2C9CE-F041-454D-A90D-C52676601032}",NA,1,0,0,1,0
"{F027C005-ED54-4F82-84D4-CE2B141ABC59}",NA,0,0,0,1,0
"{8DCA56EB-DABB-4B7E-B987-03B9C4AF5015}",NA,1,0,0,1,0
"{23611B71-8390-46E2-A9E8-A9262AA1059A}",NA,0,0,0,1,0
"{8578EBE8-4844-4560-AB43-A1DF60B8D8D7}",NA,0,0,0,1,0
"{9EE27ACF-F0C5-4192-852C-7EDA98D20BA7}",NA,1,1,0,1,0
"{D3E92C32-DC8B-441B-8C89-0C342B82B5E1}",NA,1,0,0,1,0
"{0BDA1318-CFA8-4521-A609-E68C9AD6AB5D}",NA,0,0,0,2,1
"{133D13F4-0EBC-4E40-8F9F-0C28CC836BA2}",NA,1,0,0,1,0
"{CAA27618-36A0-4EAF-B455-549A434E5C0E}",NA,0,1,1,1,0
"{D0D80074-99F5-499A-B48A-981A3BB9ECBC}",NA,0,0,1,1,0
"{F3471D78-D9C0-4EDA-9F56-781C98364ADC}",NA,0,0,0,2,1
"{569EB137-9446-4B85-9624-CE0B76DA4358}",NA,1,0,0,1,0
"{027C3FE1-0F1B-4C18-81A5-11801008A2C7}",NA,1,1,1,1,0
"{3A6AF6DC-B100-4057-B47A-11D8D6674BDE}",NA,1,0,0,1,0
"{75016DB2-B608-4979-89AB-2DB2D9FB7CEB}",NA,1,0,0,1,0
"{0F56449B-98AE-4372-BDBD-6913F6F69520}",NA,1,0,0,1,0
"{588A3440-9A40-488B-9805-33E7CFC3DAC4}",NA,1,0,0,1,0
"{0C543619-9613-4CD5-987E-FD8D466E657A}",NA,NA,NA,NA,NA,NA
"{9A2FBFCB-5A7F-4354-A98D-9ADB3AACEDA4}",NA,0,0,0,1,0
"{C714B689-4AF5-4AD6-A0D2-41EF5DA30208}",NA,0,0,0,1,0
"{F10614A1-F8D1-455B-892A-E0A19883684C}",NA,0,0,0,1,0
"{A3278BBA-AC4E-4CD7-B98D-34E45404C9BD}",NA,0,0,0,1,0
"{422540BC-39CB-4AD4-9E4F-CFE4F04E0087}",NA,0,0,0,1,0
"{A8148A0A-D57F-4C0E-B083-142BF68C7DE8}",NA,0,0,0,1,0
"{BCBD8B95-BEDF-4694-B1CE-BFF9B464AAA0}",NA,NA,NA,NA,NA,NA
"{6EB6483A-3172-4564-8372-E7963CF4B5AC}",NA,0,0,0,1,0
"{8FBCD3C3-D7D1-40DE-879F-96A8DF393112}",NA,NA,NA,NA,NA,NA
"{2A857831-51F0-45A5-820A-692F7C3C071E}",NA,NA,NA,NA,NA,NA
"{653F2661-FAC7-4B68-AB38-F6295F90E4D0}",NA,1,0,1,1,0
"{AD8C4C99-CB88-4D60-BB84-D56155A0B966}",NA,0,0,0,1,0
"{4D507CBB-542C-4430-9797-59B22A369415}",1,NA,NA,NA,NA,NA
"{8E51FD8F-7A96-4EA0-8B28-038E1B18133B}",NA,1,0,0,1,0
"{F9F153C0-9393-458C-A1DE-68D688BD36BC}",NA,0,0,0,1,0
"{7DB5CBB9-A74F-480B-BFBA-70B219AB9706}",NA,1,0,1,1,0
"{82A7ED85-D4C1-476C-84AF-328E3C383932}",NA,1,0,1,1,0
"{2F3B5037-94DE-4D84-B0BA-03CC1752A939}",NA,0,0,0,1,0
"{BFE03E40-A1B4-47AC-8013-B19B7FAE787E}",NA,1,0,0,1,0
"{426D448E-5CDE-496B-829D-EFC5401F4E9E}",NA,1,0,0,1,0
"{A1B15A0D-0DCB-473D-AECA-61764F285BE6}",NA,NA,NA,NA,NA,NA
"{184820B0-EC81-4CEB-BD56-1E252373BAF9}",NA,0,0,1,1,0
"{5D2D9529-A9FD-4EF3-A3D0-7AECF619664F}",NA,0,0,1,1,0
"{671FA371-A405-4EC1-BD2E-908282116F9D}",NA,NA,NA,NA,NA,NA
"{AA2C9A3A-72BC-4C54-9DAF-29CE3AA96950}",NA,0,0,0,1,0
"{B9CA48FD-4415-4E3C-8EA3-2F54161762B2}",NA,0,0,0,1,0
"{E0475BCB-6ACA-4FB6-851B-750ACD183061}",NA,NA,NA,NA,NA,NA
"{C1EA3A3B-EDBC-4964-9039-5EDBA6083DED}",NA,NA,NA,NA,NA,NA
"{A2A17DA7-806F-4455-9463-57CA94AA91CE}",1,1,0,0,1,0
"{36790A88-743A-4560-B47A-90B53F048887}",NA,NA,NA,NA,NA,NA
"{DD99E521-D706-4811-8D6B-232F1F72175F}",NA,1,0,0,1,0
"{03AEBD27-615B-4B7E-B5F1-0E22DD1908E0}",NA,0,0,0,1,0
"{625488FD-4FEE-4CCA-AB7C-3B6C1F8BF36D}",NA,0,0,0,1,0
"{F0FF8CA3-3249-46AC-8A67-5E2106A77C5D}",NA,1,0,1,1,0
"{99456B11-F2F6-4989-82C5-79EEF1801A7A}",NA,NA,NA,NA,NA,NA
"{13992A13-EA21-4B2D-956B-E8C1BB06C4B9}",NA,0,0,0,1,0
"{CAC8A83D-D342-49BF-9791-F0789ECA9F45}",NA,NA,NA,NA,NA,NA
"{A6E76E00-253C-4E8E-9DFE-EB7F243841EA}",NA,1,0,0,1,0
"{2D4DD25E-7070-4E4C-A618-242D70597CA9}",NA,0,0,0,1,0
"{B1B1BB32-C3A7-45C9-AAEC-C425C637DE42}",NA,0,1,0,1,0
"{B65BD6FD-1BB4-433E-9923-B29144AC9F89}",NA,0,0,0,1,0
"{348288D1-B495-492C-9C1A-925E3AB02BDC}",NA,0,0,0,1,0
"{5AA5F4EA-DE1F-48A5-A348-03755E42EAA3}",NA,0,0,0,1,0
"{0CA92602-B538-47D2-B9C3-BA0BEE18B731}",NA,1,0,1,1,0
"{5D643295-C14C-486A-A5E0-50AC7B1C7B50}",NA,NA,NA,NA,NA,NA
"{E18448F3-F9E7-4F91-BED4-363F54DA43AC}",NA,0,0,0,2,1
"{3B820123-EAE7-424B-8578-2D0B67083BA7}",NA,1,0,0,1,0
"{7B0201CE-7175-4689-B175-E864307D1C18}",NA,0,1,0,1,0
"{7286D09B-AB3B-42A7-A13B-157E1DCC3D73}",NA,0,0,0,1,0
"{A30C039D-F83A-4A2D-8243-21B2EA24B883}",NA,0,0,0,1,0
"{73EE80C6-05B0-4AA1-A31B-EF73492BFB59}",NA,0,0,0,1,0
"{50CA4552-FEDE-4301-8BF8-2E3EE38FEFA7}",NA,1,0,0,1,0
"{15B8E25F-F3E9-442E-BDF2-9A1AF8DDAD86}",NA,1,0,0,1,0
"{4CD5D736-62EB-4E6C-A86F-5D6D840E4EA5}",NA,1,0,1,4,1
"{A0D8CA1A-6C9F-43CE-A91E-8FE8CC699C47}",NA,0,0,0,1,0
"{479D9AB1-E3C0-403F-80EE-65FF5326B6A9}",NA,NA,NA,NA,NA,NA
"{17C4D21C-E7AE-4C47-B0EC-DB45174A4889}",NA,0,0,1,1,0
"{8D345D89-5EC4-42EC-AD55-D2EE1772B19A}",NA,1,0,0,1,0
"{B7568D2B-ED79-4215-B964-7D1288A14087}",NA,0,0,0,1,0
"{4D3C3A76-C5B0-4BF8-9F83-F87536F4C51E}",NA,NA,NA,NA,NA,NA
"{2F867038-AF05-4327-A3AE-41F255DBDFBC}",NA,0,0,0,1,0
"{8E0F95C1-D805-4645-A00B-4CCC28E95844}",NA,1,0,0,1,0
"{CC88B300-E8C6-41DB-80A5-6E13BDC5F1F5}",NA,1,0,1,1,0
"{B6D8CC35-FB8A-4447-9517-AE957F014870}",NA,1,0,0,2,1
"{D759A6FE-6A03-45B9-A868-E3ABABBB909B}",1,0,0,0,7,0
"{2480AA63-2346-4308-9261-F98053156681}",NA,0,0,0,1,0
"{890F190F-975A-4DBC-9724-8F75103FFF1F}",1,0,0,0,1,0
"{12A212D8-9FF1-49BD-B43B-7FCD436C3663}",NA,0,0,0,1,0
"{906B9E09-2410-412B-8FC2-04F7FC349A87}",NA,0,0,0,1,0
"{58A0DF26-59C2-4803-8E02-07B4FC6D39D3}",NA,0,0,0,1,0
"{53F87CAC-E632-4E44-9562-79821DE2B940}",NA,NA,NA,NA,NA,NA
"{4CE48593-CAFB-4D5C-8A1E-D49699983C10}",NA,0,0,1,1,0
"{3E85C713-54B1-4421-A8D1-D412A3A81717}",NA,NA,NA,NA,NA,NA
"{C0CB490A-4089-4C70-BC34-D32F0E9D0142}",NA,NA,NA,NA,NA,NA
"{FDACAADA-338C-4DF6-B3ED-24907DF4B26C}",1,1,0,0,1,0
"{C660B9C7-DCDF-4966-BCED-CABA71C6F3A7}",NA,0,0,0,1,0
"{BA36A3DE-D822-4C02-99C5-42B4FA33CF2C}",NA,1,0,0,1,0
"{8906CDA9-CB31-4869-A1D5-1DEDD38ABF24}",NA,1,0,0,1,0
"{91928F8A-883D-4271-A9C9-14E56EC636BD}",NA,NA,NA,NA,NA,NA
"{0539C5BE-039A-4BC2-B4CB-66F6F3A72AE8}",NA,1,0,1,1,0
"{EC2C902D-E552-471B-8E46-86B7D9C27621}",NA,1,0,0,1,0
"{5BB5CD4F-E723-4071-BBEE-311EE2E32BBB}",1,1,0,1,1,0
"{5125B7C6-66DC-4197-AEAA-C73AA3D7965C}",NA,0,0,0,1,0
"{13377DEE-A6B3-493E-8919-95722BC8F54A}",NA,NA,NA,NA,NA,NA
"{D883053E-91CE-4E93-BE2C-0F44124BB2A7}",NA,1,0,1,1,0
"{4889F47B-D04D-4FA5-AC53-A65B835DEA50}",NA,NA,NA,NA,NA,NA
"{5ACB1972-DA50-4799-B1FA-2F19757FBAC7}",NA,1,0,0,1,0
"{EECA276F-450E-4E49-8A39-AE65F86D180B}",NA,0,0,0,2,1
"{B1B97953-199D-423F-A781-D426CB954C74}",NA,1,0,0,1,0
"{C9A0A2EF-A526-46AA-BCBE-3DE2D51EF268}",NA,1,0,1,1,0
"{887AD1C4-4298-4F8E-8BE7-CB12F930FDDD}",NA,1,0,1,1,0
"{728DBC1E-E8A0-4835-A249-4562842A3856}",NA,NA,NA,NA,NA,NA
"{59A4F652-613B-497B-A377-9114AEBD7ACF}",NA,0,0,0,1,0
"{F400A88D-D967-40AF-B2F9-11CD38961F7E}",NA,0,0,1,1,0
"{EF451EA7-297B-4A7B-8135-F4DB9BCF1B80}",1,0,0,0,1,0
"{5E4D876E-5D16-4230-97DF-70C44B66A7C4}",1,0,0,0,7,0
"{E68DC6BA-C971-40FB-8CF9-4235067EA0AE}",NA,0,0,0,1,0
"{7A1C5078-69E2-4A78-A1B9-DB6BEC10022E}",1,0,0,0,1,0
"{54BADB74-7971-49B6-918D-0FDB781BB847}",NA,1,0,0,1,0
"{4415E4A5-F6C0-4769-9DFB-408F7E255E7E}",NA,1,0,0,1,0
"{0B0FA8C2-B20F-4155-927C-15982C086611}",NA,1,0,1,1,0
"{AB09FCEB-721C-4D0B-8320-7A65B716880A}",NA,1,0,0,1,0
"{C6BE1902-0278-4D29-8DD9-F9AACFAAB653}",NA,0,0,0,1,0
"{855A6BF1-923A-4784-A8E2-2D7E635B766D}",NA,0,1,0,1,0
"{31C7C97A-210A-4376-A49C-53A8A9919FF8}",NA,0,0,0,1,0
"{4E179F89-92CC-43A6-8340-FC169DA9946E}",NA,0,0,0,1,0
"{7EE4DF26-E7BD-466A-A0E8-BF973C07D6F8}",NA,NA,NA,NA,NA,NA
"{9E32A7B5-69CC-4258-9610-BE4BC1AF4FAB}",NA,0,0,0,1,0
"{9433E618-D79B-47CC-A4E3-9324A7F94445}",NA,0,1,0,1,0
"{EE94CC97-C5AC-4AED-BD53-7C7B67B735AE}",NA,0,0,0,1,0
"{86157E15-9098-4389-880A-874B11F0032A}",1,0,0,0,1,0
"{F5532192-4F02-403B-91E8-80224DEF2E0C}",NA,0,1,0,1,0
"{52A860EF-07D3-4BD2-AD1F-E8C48FFA408F}",NA,1,0,0,1,0
"{0CF63E1D-0184-4396-A94D-1CF2EC11A85C}",NA,0,0,0,1,0
"{0D194939-77C8-4770-93CE-F19DEAE5CE55}",NA,0,0,0,1,0
"{38537FB4-7E5F-4C31-8999-46F9D74D904F}",NA,1,0,0,1,0
"{C905BA08-A57A-4DF4-ACAF-25EE885D019F}",NA,1,0,0,1,0
"{1C43F17F-09A4-4BE6-99FB-979BC1634D44}",NA,1,0,0,1,0
"{79E5D7D2-BAB6-4A26-9175-572E4907C5D1}",NA,1,0,0,1,0
"{55F966A8-F008-42A0-A89B-62F8E6E6A47E}",1,1,0,0,1,0
"{183CDEF2-6C40-4D50-8F95-BB55FB5D09F3}",1,1,0,0,4,1
"{49CD734F-0BA3-4BBE-A0EA-673975B8680B}",NA,1,0,0,1,0
"{5F74665C-17F7-42AC-8879-E8E6518080FC}",NA,1,0,0,1,0
"{A803B9CA-ACBC-4CEE-B813-20BFD3A42B14}",NA,0,1,0,1,0
"{5A1CB4D2-D191-4B57-A146-1AB183515E02}",NA,0,0,0,1,0
"{36B0DB9D-F3A5-49F1-A3DA-6771899AAC8E}",NA,0,0,0,1,0
"{097606DC-B09E-45D2-802A-281356E0BE34}",NA,0,0,0,1,0
"{EA32879E-7C42-4B40-B2E6-4C6E94667F25}",NA,0,0,0,1,0
"{366E5F1A-08E9-4204-9C9A-364CB9AB3A8B}",NA,0,0,0,1,0
"{ABF609D9-8C39-4E66-9D35-A6347020BF81}",NA,0,0,0,1,0
"{A1E57D3A-458D-47CF-A776-5620E6CA7F86}",NA,0,0,0,1,0
"{33C161BD-9C1E-44C5-832A-946CD8AA2724}",NA,0,1,0,1,0
"{5033AE9E-43BF-4BA6-95E6-CD95F6C3A62D}",NA,0,0,0,1,0
"{9CD96750-3451-4F95-908F-FE3BB619A962}",NA,0,0,0,1,0
"{1966346A-D120-487D-995F-EB842C5CDA1D}",NA,1,0,0,1,0
"{0155165F-24CF-40F4-9EF8-FCD1B6C815B3}",NA,1,0,0,1,0
"{063FB3A8-70CD-41A6-9BDF-CA08BA1645EE}",NA,0,0,0,1,0
"{FB1460E5-A469-442E-AA8D-EB5CAC2028D7}",NA,1,0,1,1,0
"{1A82407A-3BE3-4BC7-AA2D-D7E8DE3C4FDC}",NA,0,0,0,1,0
"{6076C48B-BDB4-485B-9BE7-B35667D30E75}",NA,0,0,0,1,0
"{FF90EB2A-B67E-43D1-9197-4B2C4E1726CF}",NA,0,0,0,1,0
"{D0AA33B2-2A13-4DFE-B2D5-BB0236570B42}",1,0,0,0,1,0
"{57FD8942-ECAD-4955-AEC3-61DD045C10FB}",NA,1,0,1,1,0
"{0F4FC61E-E4F3-4E07-857C-5C5E8D42BDEF}",NA,0,0,0,1,0
"{FF6AD9AA-2505-443A-954B-B6BBBCE0941C}",NA,1,0,0,1,0
"{67774ED5-5996-4656-BDC9-CAA2D34C18E6}",NA,0,0,0,1,0
"{AB25DC08-C4C1-4369-B355-912F9395F5C8}",NA,1,0,0,1,0
"{5B03940B-0208-4157-A9DE-EC5D7298D4CA}",NA,1,0,0,1,0
"{9DD455B0-7EE5-4BB1-B4F1-914EECE6991F}",NA,0,0,0,1,0
"{CE7A8A9B-14BE-486F-96DE-88FAEA9C5CC5}",NA,0,0,0,1,0
"{09B6B4C1-4C79-4535-8510-E58CDCDF3E95}",NA,0,0,0,1,0
"{FA0EE4D1-E7CE-4FE5-9806-D075C976D952}",NA,1,0,1,1,0
"{C75B2D36-C860-444B-9D5D-F97F8E97F2F3}",NA,0,1,0,1,0
"{56FE307B-C436-47FB-A528-F6CBA849D727}",NA,NA,NA,NA,NA,NA
"{DFB9A666-8FD1-4E22-A54C-F4CFA4C758BC}",1,0,1,0,1,0
"{220AECE2-E144-4862-929F-1F3DAA8D614B}",NA,0,0,0,1,0
"{74205EA8-FF5B-4D85-90D6-326FC6825ABF}",NA,0,0,0,2,1
"{E3FAD4B0-4AD8-488D-9C0A-1B6199039152}",NA,0,0,0,1,0
"{299829A6-878C-4BD1-878A-3310B2489848}",NA,1,0,0,1,0
"{D19A2421-7FD2-4371-ADE6-0CEB896D92C0}",NA,1,1,0,1,0
"{883AEA9F-D703-4202-9DCE-82CA64585585}",NA,1,1,0,1,0
"{4B712569-7C57-4FFD-BD56-7109FEF0DE31}",NA,1,0,0,1,0
"{E3FCE671-797D-4B60-B013-DAEFAD0EE300}",NA,1,0,0,1,0
"{BF1337DD-9F7E-441C-BE1A-2946556E1EDF}",NA,0,1,0,1,0
"{0EB9DBEC-7971-4F4B-92C5-AB5E6591FB72}",NA,0,1,0,1,0
"{414CB53E-8070-43A0-B4B3-CD423EDDEE4D}",NA,0,0,0,1,0
"{3776CA30-D57A-44A7-86E2-67A3AAE9406D}",NA,0,0,0,1,0
"{C426B8A6-099D-4DFC-BAEE-D89D41358096}",NA,0,0,0,1,0
"{7CABF778-D56A-46FC-B4AF-A9FD9852DD01}",NA,NA,NA,NA,NA,NA
"{42576519-0ADE-4D73-B224-65F1DBD6FB9D}",NA,1,0,0,1,0
"{61C708EA-74CD-43AE-B7CE-3714E13730D3}",NA,1,0,0,1,0
"{0DCCD560-DC00-49D6-925B-E17F674803C4}",NA,1,0,0,1,0
"{3EF96BAF-9B23-4D47-AC18-6B06AD5A9B10}",NA,1,0,0,1,0
"{641A1DF1-4DAF-407B-AF9D-F3B85B852208}",NA,1,0,0,1,0
"{A4554505-B062-4C56-B612-95CE806A8A4B}",NA,1,0,0,1,0
"{04F2141F-E299-4333-A148-0F1FBD768B96}",NA,0,0,0,1,0
"{AF6AA43A-E983-4FFC-B488-2B57795AC534}",1,0,0,0,1,0
"{CF6187AC-E320-4ED5-9718-4CAA6D69B2F9}",NA,0,0,0,1,0
"{1EA1A90A-5009-4206-B053-12F42419564B}",NA,1,0,0,1,0
"{63EC9B9C-FE0A-4EA3-A39F-E7197692F4D6}",NA,0,0,0,1,0
"{7E07945F-F466-41EF-98A7-65B0551D03CA}",NA,1,0,1,7,0
"{43CCED65-9F7B-487F-BBC3-2C77BF899BFA}",NA,1,0,0,1,0
"{9A719F3F-E0F5-4781-82FF-F82AE0727EDD}",NA,0,0,0,1,0
"{C41A3B24-5045-4673-970F-32980D5F4B44}",NA,0,0,0,1,0
"{B45EFB4A-B3B0-4AB5-8562-4DE82B1329E5}",NA,1,0,0,1,0
"{134D729C-F092-495E-B92C-BC4CB4E4DC75}",NA,0,0,1,1,0
"{4CE8234E-2DE7-465B-9BE7-69CA94AE239E}",NA,1,0,1,1,0
"{84DF78B2-A439-4366-820C-E3B73F046D6D}",NA,0,0,0,1,0
"{78585E6A-8431-42E0-AAF3-30DF341C3249}",NA,1,0,0,1,0
"{754ED18B-2182-407B-A86B-D8911B03C341}",NA,0,0,0,1,0
"{A8A6B8B3-42CA-4797-9AEF-B81E39C08E66}",NA,0,0,0,1,0
"{15B5FF75-4815-4B4A-AD38-578417C987D6}",NA,0,0,0,1,0
"{BFB075FB-1B01-475D-818E-DA0381B60806}",NA,NA,NA,NA,NA,NA
"{8C67E3CE-4044-4B7E-AB70-2BBF6E355B19}",NA,1,0,0,1,0
"{C9F19F59-9D18-4C66-8D6C-B2FEA89AC21D}",NA,1,0,0,1,0
"{956E1EF9-3A98-4BC2-97EC-1E44CEFB9D5B}",1,0,0,1,1,0
"{976BD8BA-6809-4F99-BB3B-1EA9EAFFE093}",NA,0,0,1,1,0
"{A6A52604-335C-436A-8EA3-1C8BFB1DD338}",NA,1,0,1,1,0
"{9A856838-F7F8-481A-B674-2B728A47348C}",NA,0,0,1,1,0
"{CF812C72-47A3-4758-8AA8-02E01FBFCC51}",1,1,0,0,4,1
"{9FB16E19-82B6-494B-BF3A-2B6AE5C586D5}",NA,0,0,0,1,0
"{D03E083B-6C7A-416F-9FDF-080016228C48}",NA,0,0,0,1,0
"{158B0958-51E7-4F96-AB73-F4C60390D5AE}",NA,0,1,0,1,0
"{BA5DB2EA-B37A-4C4C-BF01-E40DF9518FC0}",1,0,0,1,3,1
"{B9151D8B-CC29-4EFB-A854-25C6F77ACB95}",NA,0,0,0,1,0
"{9EAC9941-7D87-4CE3-A36A-2E5254BEC13E}",NA,1,0,0,1,0
"{CABD29BD-B584-4AAF-9085-511A6247B35B}",NA,1,1,0,1,0
"{7A190A97-A27E-4A1A-8753-23628CF29655}",NA,0,0,0,2,1
"{B401FAF9-E4F4-47C1-B7EF-C2D3C7B33DEB}",NA,1,0,0,1,0
"{40A96BCA-6A3E-4DD5-891C-27AB003646C2}",NA,1,0,0,1,0
"{C3EAB64D-7E34-4F67-96D0-2A7FC782224A}",NA,0,0,0,1,0
"{CFB96CB1-7E25-4D7A-872C-77391CCF8274}",NA,NA,NA,NA,7,0
"{53A61373-3352-4390-A7B4-FD48E59AB278}",NA,NA,NA,NA,NA,NA
"{CB54FA40-97CD-4818-8FDA-205FAB87F102}",NA,0,0,0,1,0
"{5BEF11DF-C764-466A-9AF5-9BA3505BC123}",NA,1,0,0,1,0
"{7EAB894A-40DA-4A48-986E-C069135BD58A}",NA,0,0,1,1,0
"{FAE4592C-E3CB-437F-BF25-7F48F76C14E3}",NA,1,0,0,1,0
"{F67FE948-1540-4E21-BED8-CDC83A72E4BB}",1,1,0,1,1,0
"{CFC567A9-F0AC-42D2-B2DE-EB4156A04E33}",NA,1,0,0,1,0
"{DAB7112F-A108-4252-A02A-4259568DE1AE}",1,0,0,1,4,1
"{633A61B4-0030-4019-B0BA-AA4861E117A5}",NA,0,0,1,1,0
"{954A4D95-8853-472B-8CC2-42FDE98BE29E}",NA,1,0,0,1,0
"{FE10343D-4FEC-4F58-B39E-89D05686CDF8}",NA,1,0,0,1,0
"{CDC6B04B-16D7-4E66-907A-8D9F19D0137B}",NA,0,0,0,1,0
"{58ADEE37-D105-4CE0-8588-C60E56D90708}",1,0,0,0,1,0
"{A6AD77C0-D6E6-4037-A5D3-5B03667F293C}",NA,0,0,0,1,0
"{638B25B8-81C2-495B-B0CA-EA8D8CAA2374}",NA,1,0,0,1,0
"{68424DE0-964F-4874-8202-9AE42D528C3E}",NA,1,0,0,1,0
"{568F4E3C-A0EC-4A0E-AADC-AF3D79440D1D}",NA,NA,NA,NA,NA,NA
"{382D6B88-E5CA-437B-B8F2-96604913A00F}",NA,NA,NA,NA,NA,NA
"{3B8C6030-D42E-4846-934E-EA74C2696BC0}",NA,1,0,0,1,0
"{9E3BD4DA-C9CC-43B7-BA5B-970E70673CCF}",NA,1,0,1,1,0
"{41E66FCA-B332-4C0E-8084-2963DB618D15}",1,1,0,0,1,0
"{EC923841-639F-4E87-A338-4CD4B99F2D2D}",NA,0,0,0,1,0
"{A63F390B-3348-4255-B5DF-88EE42D8D97C}",NA,1,0,0,1,0
"{6CE49FFD-F710-4A3B-9FA8-FEF193D80EC2}",NA,1,0,0,1,0
"{2A300244-8779-452B-BB4A-A3021E115DDF}",NA,1,0,0,1,0
"{2A174028-73A9-45B2-9DD3-6958A5160720}",NA,0,1,0,1,0
"{4F275CFD-C6D4-4537-8D07-500F5E5237C1}",NA,0,0,0,1,0
"{5D788795-4967-4BAD-8FF5-773D9FD61142}",NA,0,0,0,1,0
"{E6064ED1-63BB-479C-BB0A-1B2E722AAC36}",NA,0,0,0,1,0
"{09CA3701-FDC9-4B31-A02F-925132EA9FAC}",NA,NA,NA,NA,NA,NA
"{866D3B0D-11BE-4C4F-AF1A-C46F01A5CB8E}",NA,0,0,0,1,0
"{E975DD82-5650-4C6E-A44F-8EE994B6C8D8}",NA,NA,NA,NA,NA,NA
"{305D286A-A36C-4B9F-BFB1-7915BE4418DB}",NA,0,0,0,1,0
"{DF2C8F6A-89D7-4946-A290-E080CE3C5DD6}",NA,0,0,0,1,0
"{C703D4D4-6EDF-4278-A385-6962E881AFCA}",NA,0,0,0,1,0
"{69A76281-FDBA-4B15-A759-1199F2F267AE}",NA,0,0,0,1,0
"{D814E42C-9CC6-4218-9E07-FED7876604E6}",NA,NA,NA,NA,NA,NA
"{D3E4675C-1451-4E44-AAF7-CB4A5D763051}",NA,NA,NA,NA,NA,NA
"{E29C5B74-F122-40F5-A949-95A8B51BBB07}",NA,0,0,0,1,0
"{64EF458C-619B-4134-A2DE-7C96576F07CF}",1,0,0,0,1,0
"{1B344F98-47FA-4057-9D70-75961A4298AB}",NA,0,0,0,1,0
"{6EF15334-7331-4DBC-B03E-FFE3097157A9}",NA,1,0,0,1,0
"{EAEE433F-7062-4CC2-B060-80297AD0AF39}",NA,0,0,0,1,0
"{20B96DD5-0AAF-4E84-9142-520D5A329DD6}",NA,NA,NA,NA,NA,NA
"{926D0C77-ABC2-4E06-B0DE-67BD73E1EFFD}",NA,NA,NA,NA,NA,NA
"{234801FF-A670-4A6D-B2F6-909C23034893}",NA,1,0,0,1,0
"{285796E6-AACA-411E-839A-AEEC6074BB9A}",NA,0,0,0,1,0
"{528E376A-3804-4322-BAC2-D1C052C7EB1C}",NA,0,0,0,1,0
"{75514A96-419D-47E1-9D17-6DF4D38AF293}",NA,0,0,0,1,0
"{6BA2A35E-5ED4-41DA-8BE9-381054C0C9F2}",NA,0,0,1,1,0
"{5F88783E-3C2D-4C30-92CA-0DD94BE94219}",1,1,0,0,4,1
"{5A95F8D1-391E-4E2B-A783-3859B5E50F21}",NA,0,0,0,1,0
"{AFD9DAE8-5E24-49EF-86ED-441FB77C2791}",2,0,0,0,1,0
"{88BD3ED5-C801-4DEF-B31A-1E237723A576}",NA,1,0,0,1,0
"{4D7D1280-25F2-4B31-8B78-9AAA6958F394}",NA,NA,NA,NA,NA,NA
"{5EE1216C-36C9-4983-A9A9-04B982B14D56}",NA,NA,NA,NA,NA,NA
"{F186F0AF-AF96-49D8-A9E9-0F8568B61359}",NA,0,0,0,1,0
"{FE8AD880-8E7B-46B2-8005-952271B5E1BA}",NA,1,1,0,1,0
"{FFB3C0C1-8204-4C88-B410-50867668A185}",NA,NA,NA,NA,NA,NA
"{D343FCEF-5F49-4C9E-97A6-9DFA8528D3A1}",NA,1,0,0,1,0
"{F8F21FA6-AF1D-46AD-9389-C8531C9CBB33}",NA,0,0,1,1,0
"{7DB54CAF-B519-4652-AFBF-0AA784EE73F6}",1,1,0,0,1,0
"{A3F0BB1D-20FA-4427-B43F-6A1B29EAECF7}",NA,NA,NA,NA,NA,NA
"{BB61D103-D7EE-49B7-A5B7-14C37DCD3683}",NA,1,0,0,1,0
"{7B392978-17BA-4E0A-A3E8-CBBACA8BD881}",NA,0,0,0,1,0
"{AB44E1DF-A1ED-465C-B07C-4F47F10040F7}",NA,0,0,0,1,0
"{CD5C7E6F-1AF8-4B83-B6C3-46050C5D8870}",NA,0,0,0,1,0
"{F4018D0A-3C35-465B-AE36-B0A766851855}",NA,0,0,0,2,1
"{49EA159C-A843-477B-B419-79DF7B57DD29}",NA,NA,NA,NA,NA,NA
"{4742DF91-10B3-41F3-B9B8-44DA4DA6DDC5}",NA,NA,NA,NA,NA,NA
"{EEFFE0B9-07E7-472D-8F08-570030B08E19}",NA,1,0,0,1,0
"{30C27BB8-2ECD-4E62-B690-0F4867879090}",NA,1,0,0,1,0
"{88F8BF57-C274-4141-BDE9-35D98F87D12A}",NA,0,0,0,1,0
"{1D158EF8-2029-4F0B-B4BC-E0C5A09294B9}",NA,0,0,0,1,0
"{E6E6A9ED-6833-4817-B69C-F235D03CD99D}",NA,1,0,0,1,0
"{B2B4716B-594E-4646-8BAC-D67CBD254CE2}",NA,NA,NA,NA,NA,NA
"{0C7E8DE7-EAF8-49BF-9AFB-69816ED13DE7}",NA,1,0,0,1,0
"{527F360E-1B27-415C-8F3C-0AFD906B0944}",NA,0,0,0,1,0
"{675FD664-DEA6-42AC-8F1C-4BE8D3F523F6}",NA,0,0,0,1,0
"{0A0AFFEB-A75B-4BD8-8D81-0824CE037160}",NA,NA,NA,NA,NA,NA
"{C0EF5589-A0B2-49C7-A660-CAEA16E5F779}",NA,NA,0,0,7,0
"{58F98055-A258-4722-B56D-EAA7EC333033}",NA,NA,NA,NA,NA,NA
"{98B05173-CA7E-4C70-B6BD-CD68C6B164F2}",NA,NA,NA,NA,NA,NA
"{5B82A8B4-DE40-4011-8B4F-80168D221B91}",NA,0,0,0,1,0
"{C2F4CF45-DFC7-42C2-859F-93F79A09670F}",NA,NA,NA,NA,NA,NA
"{BA433389-7E67-4D64-B762-1272577888E8}",NA,0,0,0,1,0
"{E2C29E53-6A77-48EA-A2E8-075FB77929CD}",NA,1,0,0,1,0
"{DD3F27B0-6855-4C0A-AFB4-0AC2E1FA2AE3}",NA,0,0,0,1,0
"{7CF50F70-5C71-4254-A233-B3D77BBAD3EA}",NA,1,0,0,1,0
"{4B75611B-5537-4508-950F-37A21C1FF2B6}",NA,1,0,0,1,0
"{7A611D52-AF72-46C6-A003-5AA67BEC6121}",1,0,0,0,1,0
"{8ABB9493-2F2B-4D6A-9ABC-8500CE4958E8}",NA,0,0,1,1,0
"{849A7C06-D4A5-4E12-9698-E075EE219B30}",NA,0,0,0,1,0
"{64486F8C-F4AF-44A8-BB5E-FC21A40E90DC}",NA,0,0,0,1,0
"{A998023B-F33B-457E-81C8-8E0B0390D581}",NA,0,0,0,1,0
"{898D6189-E262-4BBE-A123-901FD3748452}",NA,0,0,0,1,0
"{CE8061AA-EA71-4195-9E2C-7FBE2A4F93D8}",NA,0,0,0,1,0
"{1C9A8D0F-5424-4F48-8A1F-D1F456FD96F9}",NA,NA,NA,NA,NA,NA
"{D37BAA54-DD46-4E5B-8E99-56CD181DED67}",NA,0,0,1,1,0
"{2E909BB3-1439-45EF-AC4D-059C914F0555}",NA,1,0,0,1,0
"{05CC6CAD-28B8-4E38-9C75-5C33678D6ACA}",NA,1,0,0,1,0
"{3E933B26-0FE9-4816-B6B7-94F57367625F}",NA,1,0,0,1,0
"{968807FC-9753-4511-9818-010E2493431E}",NA,1,0,0,1,0
"{195DD3A7-AA32-4814-8AA4-97D63494D2F1}",NA,0,0,0,1,0
"{B0170679-B1EF-4191-BAF6-B578535EE116}",NA,0,0,0,1,0
"{CB0E507E-1DD3-4A46-B6B0-EDC8E7485D7F}",NA,0,0,1,1,0
"{77A3D83E-23C4-44E7-9BEF-9CBCCC8BD902}",NA,NA,NA,NA,NA,NA
"{F9955C8E-3514-4D56-A5AD-8B95B1B65E10}",NA,0,0,0,1,0
"{4993C3DA-772E-494F-8283-92D5BA35DCA5}",NA,0,0,1,1,0
"{45F28FE4-3848-4D8B-BF16-7D0287618519}",NA,0,1,0,1,0
"{A0CD9B6F-4820-4C89-BD99-AA3DBB9D2380}",NA,0,1,0,1,0
"{6DF9D50C-E763-4A57-BE35-5748BBAFBC9B}",NA,0,0,0,1,0
"{107562C1-4EDC-43E3-8069-E36A08201F66}",NA,0,0,1,1,0
"{D805F7AB-E718-45A0-A6DF-818B8851112F}",NA,0,0,0,1,0
"{C4912C7E-7481-4AAF-B660-DDDEF53617B4}",NA,1,0,0,1,0
"{31992967-FA53-4731-879B-B868D800B1E4}",NA,1,0,0,1,0
"{A614F12E-591B-4B96-8DE4-96FB28F016CE}",NA,1,1,0,1,0
"{3D39B5A2-24F8-4C20-8D34-C6B1A55491AC}",NA,1,0,0,1,0
"{28FB2742-A559-41A0-82DA-DCB70D51D6B6}",NA,1,0,0,1,0
"{A483F923-092D-42F6-8439-A994459B164C}",NA,1,0,0,1,0
"{6AC974A4-E24D-4A98-B581-4119D5ACFAC9}",NA,NA,NA,NA,NA,NA
"{9FF6D0E0-17FD-464D-A47A-B365045ADD21}",NA,0,1,0,1,0
"{A531A0E9-7CAD-476C-AE56-4759C51C29AB}",NA,1,0,0,1,0
"{4C41BA7C-878B-45D9-8A29-5ACAC7EA7FCD}",NA,1,0,0,1,0
"{0A52358B-36DC-462D-A2EB-74A0AB9A0DD3}",NA,NA,NA,NA,NA,NA
"{2B4CAF83-3EE9-4E63-B332-DD5D05D2BDDC}",1,NA,NA,NA,NA,NA
"{FC510731-E901-4859-94BD-EC13DA37FC8E}",NA,0,0,0,1,0
"{BD62AA69-36B6-47FB-88DE-AE815E36CFB3}",NA,0,0,0,1,0
"{6D0334BA-F85C-4F62-87BE-28952029B9FA}",NA,0,0,1,1,0
"{50B959F7-4CF0-42D6-BDD4-8FE59198C9F4}",NA,1,0,1,1,0
"{93D32F3D-1F43-41B9-AE31-80BADDED6255}",NA,0,0,0,1,0
"{F5891AA1-99A1-4D4C-8508-834A835F231F}",NA,0,1,0,1,0
"{74585478-AC8F-4D3F-AF3D-57F97F4A91A1}",NA,1,0,0,1,0
"{649E466F-C85F-42A7-8415-F3F21E7469E8}",NA,0,1,0,1,0
"{55335C8F-B624-4DB4-80FB-9A8E53D4FC45}",NA,0,0,0,1,0
"{35590C9D-C111-4E93-9C78-DF27F51205E0}",NA,NA,NA,NA,NA,NA
"{A2D9661A-44F4-4D02-A1E6-2BDFE90A62B6}",NA,0,0,0,1,0
"{BE76EB6F-C1F7-4B24-9DF6-2A2A1CB4EF8D}",NA,0,0,1,2,1
"{11119532-7AE4-4260-A53B-ADFCB780314A}",NA,NA,NA,NA,NA,NA
"{DA1B5FCE-6963-4F0A-BC1F-8D3690A2395D}",NA,0,0,0,2,1
"{D02EC24F-98D5-45C7-BCEE-56D5AB5A38BB}",NA,0,0,0,1,0
"{65320C76-7AD7-420D-B3E2-41F928E6866C}",NA,1,0,0,1,0
"{5FAB2A6F-EA46-4E37-8D80-EF59721C5E8C}",NA,0,0,0,1,0
"{55AC9D27-2A01-4C13-9CD4-9C49C2ED5D05}",NA,NA,NA,NA,NA,NA
"{CC22E7E6-DC6F-45F4-B5BA-13CDAEADAB85}",NA,1,0,0,1,0
"{DD6EF4DF-8F0A-49A8-AF6D-7D35492AC14D}",NA,NA,NA,NA,NA,NA
"{E98CB7FC-676F-459B-917E-C59918EA9EBF}",NA,0,1,0,1,0
"{CACDB6CF-2B2C-41CD-B059-520344A752E4}",NA,0,0,0,1,0
"{BF570D79-F86D-4528-99D6-CFCE06AE6B29}",NA,0,0,0,1,0
"{79AEA711-82D2-4B28-A85A-E07894B5FB85}",NA,0,0,0,1,0
"{5B51FBD9-277C-4827-9B9D-DCFDAA7DE3C1}",NA,1,0,0,1,0
"{1A92BE8C-B993-4C25-94CB-AEDB9F74F6F7}",NA,0,0,0,1,0
"{6E411DD1-565F-4835-A090-42A310EB3D83}",NA,0,0,0,1,0
"{0F9D5715-1FE5-411A-81A8-076039C62A8B}",NA,NA,NA,NA,NA,NA
"{58C6EA36-85A4-45B8-BCF6-28E57563564A}",NA,NA,NA,NA,NA,NA
"{4F8248DB-0C9F-46DF-AC1D-55E87C4F3C40}",NA,0,0,0,1,0
"{7A5238F5-BCC7-4563-92EF-6AEF24BD8D33}",NA,NA,NA,NA,NA,NA
"{7CFD5392-0435-4F74-B90B-ED418D0518D1}",NA,0,0,0,1,0
"{4D5BBAFB-6B3F-4715-8DAE-A08A6EF161FB}",NA,0,1,0,1,0
"{FABA1EC3-E92D-4538-97F6-1F1A1252BDBE}",NA,NA,NA,NA,NA,NA
"{5B29BA6B-31E0-45BF-9BBB-F2B30824D8B4}",NA,1,0,0,1,0
"{B3715238-74F2-4A54-BB44-7A97C75313CB}",NA,0,0,0,1,0
"{CA41648C-13EA-42A3-A546-74EC59BDC441}",1,0,0,0,1,0
"{2DFFAE45-2255-4F2D-B369-616850865549}",NA,1,0,0,1,0
"{EF7268EA-35B2-4DED-8D8B-8A5132A5B240}",NA,0,0,0,1,0
"{D75E810E-D9BB-4EC7-922A-7F98D97223BD}",NA,1,0,0,1,0
"{0F7E0A6C-DAB2-4E53-90FE-D7E351B1354B}",NA,0,0,0,1,0
"{BDF359BA-9B87-4A04-9112-26D22BEDBDE7}",NA,0,0,0,1,0
"{525DE7F2-CA86-4A1F-B1D5-494329268638}",NA,0,0,0,1,0
"{D2FDCF64-B18A-4D46-8DFE-90831090BD83}",NA,0,0,0,1,0
"{777F7083-8361-4F25-B4DD-CD340B1E25D9}",NA,0,0,0,1,0
"{1359E2CA-2557-4CE3-AF3F-1845567AE91F}",1,0,0,0,1,0
"{573DD5F8-365D-452F-919A-BCEF6F893452}",NA,0,0,0,1,0
"{3CA0EB3F-63FA-43C0-848B-0E6AE17A07D9}",NA,0,0,0,1,0
"{F2D68C39-555A-4AB1-B08A-7376FB909AC8}",NA,1,0,0,1,0
"{8EA9A3F4-AB9B-4226-B6B1-0D083236A111}",NA,0,0,0,1,0
"{DFA44D28-ABE4-4698-99DD-7408620DE447}",NA,0,0,0,1,0
"{D5C91213-E74B-4DD2-AD9B-B53C9BF818E8}",NA,1,0,0,1,0
"{F7DC27C7-8DE1-4D31-8417-E554362EEBD2}",NA,1,0,0,1,0
"{AD4AB767-6FC7-4B75-8C95-0B8C261E3CF5}",NA,1,0,0,1,0
"{9D57D8BD-F252-40CE-B375-4C72FA4CDC85}",NA,NA,NA,NA,NA,NA
"{49A5A4B1-EA65-4D66-80C7-D96F4690C9C3}",NA,NA,NA,NA,NA,NA
"{CC0C6230-8DB4-453D-AEFC-94C99731E129}",NA,1,0,0,1,0
"{27B45359-5CDC-42A1-BB03-1834B51427C0}",NA,1,0,0,1,0
"{C5BDF76C-0252-4AEA-B381-FEEA55C1D7BC}",NA,1,0,0,1,0
"{A3F36B51-35EB-4508-9F9A-EC6BF12E0415}",NA,1,1,0,1,0
"{3E106A46-7FDB-4C2F-8292-85C085D6261C}",NA,1,0,1,1,0
"{CD722C6A-BE69-40CC-ACB8-0ED29A8B3E32}",NA,1,0,0,1,0
"{B471E3A3-5A29-4BD1-B584-B4AC281F053F}",NA,0,0,0,1,0
"{0E905ACD-0E80-4E5E-A4C2-C12375440236}",NA,1,0,0,1,0
"{40F8C582-A80F-47E6-817B-B55D4F837F96}",NA,1,0,0,1,0
"{0C5E08B6-3CF0-4816-864C-4CC3C494B927}",NA,1,0,0,1,0
"{74438856-B088-41F0-9272-DB4B904A56B9}",NA,1,0,0,1,0
"{89CF55D5-75A3-44B4-9355-CF59C3F14D09}",NA,0,0,0,1,0
"{B5029F4C-BFC4-456D-9615-2F5B6D353221}",NA,1,1,0,1,0
"{21D2B53D-6B2B-4F93-8482-5ED435082CE9}",NA,0,1,0,1,0
"{8E8BB15A-B11D-47AB-8D94-0FF217273359}",NA,1,0,1,1,0
"{089B1FE4-61C7-464C-BB44-54D2D9445F7B}",1,0,0,0,7,0
"{8C5106E5-A8A0-4508-A28C-BABFACC0ACC5}",NA,1,0,1,1,0
"{F19AD227-AFB9-43A4-BF17-2188307DBBD1}",NA,0,0,1,1,0
"{0C7BAD26-00E7-4867-B6C9-F6E9FEFF55EB}",NA,0,0,0,7,0
"{E4A2FE6F-6A99-467E-A2EE-5D3E8DB6A544}",NA,1,0,0,1,0
"{7120D90A-B3D1-44F1-A1C9-C88AC11BDA15}",NA,1,0,0,4,1
"{1BCDFDC0-52A3-44F5-9F49-36765E74BAF2}",1,NA,1,NA,7,0
"{2207C9BF-30F9-459A-BEF0-EB845033B6A2}",NA,1,0,0,1,0
"{39D40FC6-6EEB-4275-BF2D-B0F8BB2C1BBC}",NA,1,0,0,1,0
"{CCD2B8E6-881C-433B-BD09-5BA164FCF5AA}",NA,NA,0,0,7,0
"{552522C2-8D10-4218-914F-6253FD0DCB0F}",NA,1,1,0,1,0
"{EE1FBF49-B7E9-46FF-B7D1-74C42FEE4F79}",1,NA,0,NA,7,0
"{034F4644-274D-446F-B6D1-6A507A1BD93C}",NA,NA,0,0,7,0
"{75FF0C02-5226-4CD9-8443-23BC0E7D5BED}",NA,1,0,0,7,0
"{E8C3B9EA-E664-4253-9C44-94ADBDA2B8C3}",NA,0,0,0,1,0
"{8555FB73-C678-4C63-B050-B82D99D56797}",NA,0,0,0,1,0
"{02993297-FA07-4542-90D4-AABFD0E66E0A}",NA,0,0,0,1,0
"{1AF50B0A-C43A-45DC-BF60-11C74BB0F918}",NA,0,0,0,1,0
"{84D6BAC7-6BE3-437B-90B3-AF003FA28A56}",NA,0,0,0,1,0
"{A37A76F8-D4B1-46ED-AF9B-E39E96F4CBEE}",NA,0,0,1,1,0
"{7E2EBD22-AF12-486B-829C-3B637EBF587A}",NA,0,0,0,1,0
"{CB71B507-E4EB-48EF-B845-DCC56489E77B}",NA,NA,NA,NA,NA,NA
"{1CE1846A-D0ED-435E-A887-65AD27B1FA59}",NA,0,0,0,1,0
"{D560A4A9-250F-4B4B-820E-0B1436176968}",NA,1,0,0,1,0
"{66EDEE99-521C-46AA-B8B6-0E5CB2EB9919}",1,0,0,0,1,0
"{12F4D9B1-F03C-4B1B-A40F-273342698A71}",NA,1,0,0,1,0
"{37984F39-E344-44AD-80BC-3E0AE977C4B3}",NA,1,1,0,1,0
"{3A309BED-1217-4F4F-84A0-4F12717EAE72}",NA,1,0,0,1,0
"{37AF63E2-8EF0-4D8A-ACFE-7CFD4DC5DAAC}",NA,0,0,0,1,0
"{EE8768B3-9757-4E50-A2FC-E27A06234596}",NA,0,0,0,1,0
"{ACB5913D-7612-4E54-ADB1-95A659B05145}",NA,0,0,0,1,0
"{C239EAFA-915B-4013-AD54-DC1AD2D61159}",NA,1,0,0,1,0
"{1267F1A2-E6DC-4293-939A-E7EC7EB6134A}",NA,0,0,0,1,0
"{8B1E9F1F-021D-4673-AB31-E6C443ABA947}",NA,0,1,0,1,0
"{94F06E1F-C5AF-4166-86C3-7C2306ED5555}",NA,1,0,0,1,0
"{7153CB00-2801-4B71-A51C-A0FFB630D54A}",NA,0,0,0,1,0
"{C1DA6150-7F97-4777-BFE9-EB7642752144}",NA,0,0,0,1,0
"{1A528D3F-EEF0-41BB-8EED-0EBB6394E34A}",NA,1,0,0,1,0
"{86712DA0-D401-4B1B-962C-A77E9D0BA71B}",NA,NA,NA,NA,NA,NA
"{43AC0B2B-3798-4127-8306-0507CFA0D88C}",1,0,0,1,3,1
"{61E77A6C-5085-4AA4-B7C6-C85DE8317B1A}",NA,0,0,1,1,0
"{B386E9B2-660E-46F2-A856-DA3FAC72D1F5}",NA,0,1,1,1,0
"{8AA1A757-2F5F-4FB1-87C6-A068BC0E025D}",NA,1,0,0,1,0
"{33BC3332-D253-444D-80D2-CF072F150633}",NA,NA,NA,NA,NA,NA
"{FE9E5DEB-C6B7-44BE-AD58-217BBBBA7B86}",1,0,0,0,1,0
"{3EA3E07F-61FD-4A65-B826-8CD50FFBC997}",NA,1,0,0,1,0
"{7F2AD1BA-8177-4667-BABF-CF23BEB91D6B}",NA,0,0,0,1,0
"{693FDD85-A257-4DAA-9A79-0E24470C3362}",NA,1,0,0,1,0
"{37799170-451E-4DD3-B720-6981C9DA33A5}",NA,NA,NA,NA,NA,NA
"{CBA452FA-181C-4206-906B-06931204EFEC}",NA,1,0,0,1,0
"{A10F239D-C768-40E9-A186-5C877D63A9FA}",NA,1,0,0,1,0
"{9B86AE12-F966-4EC9-9D24-D018685ABF8F}",1,NA,NA,NA,NA,NA
"{C57D60AE-A26F-4940-B8DC-6F8627DB482A}",NA,1,0,0,1,0
"{68CEA07F-F62D-498E-88AB-4014494AAAA9}",1,0,0,0,1,0
"{762941A7-D3E6-404F-B89F-0EDEA80DE7BF}",NA,0,0,0,1,0
"{8B113C5D-D538-436E-AEFA-8F1C8ED08DA5}",NA,0,0,0,1,0
"{B3809930-4ECD-42B4-96FB-DEEBF87E1E2F}",NA,0,1,0,1,0
"{1BEE967F-DB12-4EC0-846D-88ACE2E0B16E}",NA,0,0,0,1,0
"{BE262F4E-B3A5-431D-B385-ACB134FD89B9}",1,NA,NA,NA,NA,NA
"{3BF9A1BD-E8C6-4640-8F96-C06A22A521CD}",NA,NA,NA,NA,NA,NA
"{D40C5FFC-79C0-4AAE-BEAA-6185707209B6}",NA,0,0,0,2,1
"{577FCA8C-53FD-4249-90A9-C8AF9A401F99}",NA,NA,NA,NA,NA,NA
"{C687F589-6764-4532-A8F7-98B6CA2AE46A}",NA,NA,NA,NA,NA,NA
"{70014B8A-F30F-4EEB-920E-BA2DD30553D1}",NA,0,0,0,1,0
"{A5269B87-32A2-4F18-B042-639315AC92A6}",NA,0,0,0,1,0
"{757D690A-D433-4181-9F6B-4BCB4CE922B0}",NA,1,0,0,1,0
"{258EC56B-E892-4E21-A6E3-9DB0C6E988E0}",NA,NA,NA,NA,NA,NA
"{29DCBFE3-F7F4-4156-840E-6CF256944156}",NA,1,0,0,1,0
"{383787D2-7BE5-470B-9DBB-D1BEC4848641}",1,0,0,0,1,0
"{874D84CC-A3BE-4B43-AD79-8365AB4697E4}",NA,0,0,0,1,0
"{4EEF6F90-C396-4612-A920-EEC2EF86100C}",NA,0,0,0,1,0
"{FC2E5FCB-045C-4AC4-A474-D677AA311438}",NA,NA,NA,NA,NA,NA
"{A1DFDC98-DD66-4F96-9289-375239B5DA20}",NA,NA,NA,NA,NA,NA
"{66D65F6E-B5FE-45FB-9D2C-53BDB6BFA367}",NA,1,0,0,1,0
"{0E7537A6-D3D1-445C-BE8E-1A0F8E36D5B5}",NA,NA,NA,NA,NA,NA
"{4942BA1D-995C-412E-97BF-52728525C1BD}",NA,1,0,0,1,0
"{01E218E0-7543-4610-AF76-C63EC75DBFFF}",1,NA,NA,NA,NA,NA
"{21432E55-671B-4C9E-BFC8-B7BC82E62B16}",NA,NA,0,0,7,0
"{827D5E17-A50C-401C-9613-5D996F0B91A4}",NA,1,0,1,1,0
"{B4BE73A1-90D2-4094-A078-C83018EA7FDF}",NA,1,0,0,1,0
"{96762E89-AD35-423C-9732-1CA5D859D6E8}",NA,1,0,0,1,0
"{4138859D-6F15-4AA7-B1BF-76B9725E97A5}",NA,NA,NA,NA,NA,NA
"{4FCBEE61-42E2-418E-A5E6-E10F913A04D5}",NA,1,0,0,1,0
"{B810EB91-D38C-42EF-B791-72265AF292B2}",NA,0,0,0,1,0
"{44443853-7794-4EDC-8E8D-91625C322939}",NA,0,0,0,1,0
"{82BC19FE-FEBD-47A7-BA12-1832B7A66243}",NA,0,0,1,1,0
"{267F4500-74A4-4B3C-8F7A-974E1C7F9FDA}",NA,1,0,0,1,0
"{D27FD615-1ED9-4547-B3B2-7D226706C049}",NA,0,0,1,1,0
"{5AC1B844-37B1-422D-9251-8E1F17B34CD1}",NA,1,0,0,1,0
"{91E179B3-C174-4572-8259-5ECF66BAA3BB}",NA,NA,NA,NA,NA,NA
"{BE1A4856-3F7F-4CFA-B951-A0CED39C2979}",NA,NA,NA,NA,NA,NA
"{C23546CD-08B8-4CB8-9C28-BEA48C2DD25D}",1,1,0,0,1,0
"{FADC132C-704F-4CAC-B195-821057280302}",NA,1,0,1,1,0
"{A2EA2C04-5F7A-48D2-B8B8-DD31751E3B33}",NA,1,0,0,1,0
"{B73F7E15-1EFF-4E1B-8C9E-87313ED45DA0}",NA,NA,NA,NA,NA,NA
"{7334773C-7854-41E4-9A65-03C451E5469D}",NA,0,0,0,1,0
"{383FF0E7-DBAC-4392-A77E-FE042F19E2F7}",NA,NA,NA,NA,NA,NA
"{12A0CC10-38A3-4C3F-AA69-DD6106D25DF9}",NA,0,0,0,1,0
"{A0AA7F3C-FFD1-4146-90E9-E76AAC92C2E5}",NA,NA,NA,NA,NA,NA
"{7F96130E-0D00-41DB-A4E7-BB9E9FF8FD3A}",NA,NA,NA,NA,NA,NA
"{7B68CAB8-82C6-4D23-8CDB-0C9FED9EAFB5}",NA,0,0,0,1,0
"{082A1427-50EA-43D6-A50A-80B0A468FA68}",NA,1,0,0,1,0
"{3C88A1C5-8B25-4063-A812-59F9F3343B19}",NA,NA,NA,NA,NA,NA
"{6BEFA448-7A31-448B-98F0-DD8E97700403}",NA,NA,NA,NA,NA,NA
"{8BBE4DF6-B194-49CB-B0CC-1E9671A2F511}",NA,NA,NA,NA,NA,NA
"{1A80DB5E-1A84-413A-84A4-519CE439661F}",NA,NA,0,NA,7,0
"{80F169E5-4759-4464-A182-2220D3088266}",NA,NA,NA,NA,NA,NA
"{FD99AE75-98B4-4463-8CBF-CD9CDAE6B1A6}",NA,0,0,0,1,0
"{5F73FC83-51EE-4D15-9512-7C2AEA59CB28}",NA,NA,NA,NA,NA,NA
"{DD437EEA-ABE6-4713-8C83-58CBE59F54E7}",NA,0,0,0,1,0
"{7BF15BF1-52E7-4773-891C-93EDDDAB8C78}",NA,1,0,0,1,0
"{1F4665AA-48B3-4A0C-8439-F33C59112969}",NA,1,0,0,1,0
"{302CEA6B-0286-4FC0-81E0-F08C7186671B}",NA,1,0,0,1,0
"{87AC3FAB-21B3-4E1F-9644-A0BC2F9D8309}",NA,NA,NA,NA,NA,NA
"{39B39D2A-FD61-4DD0-BE88-B667EEBC8760}",NA,NA,NA,NA,NA,NA
"{C756B65D-ABF8-4443-B34E-0DFB883BE902}",NA,1,0,1,1,0
"{5AF1B168-688E-4AB4-8C6D-43AE7746E750}",NA,NA,NA,NA,NA,NA
"{08A7C829-CC2F-4408-B83E-9D23DFE128CE}",NA,0,0,0,1,0
"{816F2918-CB88-44A3-823B-A712493B81D6}",NA,0,0,0,1,0
"{C66E7733-AD11-483A-8AC5-AE1EF9A12612}",NA,0,1,0,1,0
"{AAC96F2A-2602-43A5-9E93-755B30700A12}",NA,1,0,0,1,0
"{C6B278C3-BE74-4EE0-875E-E47EE50C5FED}",NA,1,0,0,1,0
"{1270CBBD-554C-4612-8F69-A19960428C68}",NA,1,0,0,1,0
"{7D527B41-39FB-4EB1-94A4-023E195E1B97}",NA,1,0,0,1,0
"{6BE0E687-D97F-4A70-BD3A-5D8450E82555}",NA,0,0,0,1,0
"{DB0DED1B-24AE-4FD8-A32A-BC4D57469840}",NA,1,0,0,1,0
"{4109E1BB-BE1C-477F-B144-DCCBBB176EE5}",NA,1,0,0,1,0
"{A6B73615-BBBC-46CC-8D60-03A6B11B0884}",NA,1,0,0,1,0
"{E980A5CB-A51A-462A-8BEB-A0BCA985EBDE}",NA,0,0,1,1,0
"{2D27119B-5B15-449D-9FF9-C156BB1C7879}",NA,0,0,0,1,0
"{E68F3A92-0E32-49E3-B315-1A7DA7D326D6}",NA,0,1,0,2,1
"{30099787-2260-4FFA-A782-A7102414B1B4}",NA,1,0,0,2,1
"{C65B82B1-D067-4816-ADC4-82D5380CAFBC}",NA,NA,NA,NA,NA,NA
"{C4DC19FB-CBD1-439E-A724-4C090225DE81}",NA,0,0,0,1,0
"{2B917507-DE61-4855-9874-32633AE792C7}",NA,NA,NA,NA,NA,NA
"{08DBFDBB-688B-4693-A553-CEE28415F27B}",NA,1,0,0,1,0
"{200473F1-CE81-4910-A289-3F171F6181AF}",NA,1,0,0,1,0
"{33297B6A-5EC5-4BA7-A589-915AD3B9E5CD}",NA,NA,NA,NA,NA,NA
"{214FC2A9-BD96-40E5-9E20-5D1C1CC0D625}",NA,1,0,1,1,0
"{5CFB3F64-E156-4506-883F-A78F8FAB5AC0}",NA,1,0,0,1,0
"{49D85B8C-4537-4A2C-9AE3-612A6A3D3917}",NA,0,0,0,1,0
"{A77624AF-7AB3-406E-A336-4A568737760E}",NA,1,0,0,1,0
"{CB16107B-D737-43BF-A27E-A4C878AE5965}",NA,0,0,0,1,0
"{2AF8D7AC-6B2A-4F75-A2F0-B81E7BF63846}",NA,NA,NA,NA,NA,NA
"{3BC6F026-4B50-42A3-B0CE-CEA0F3363CE6}",NA,1,0,0,1,0
"{27945B2B-0E88-4EC2-A2D3-FC753D4F9FE2}",NA,NA,0,NA,7,0
"{C57972A8-1702-4AF7-BA38-7E5739302415}",NA,0,0,0,1,0
"{E30FD389-1E8D-4196-AB96-9B6F06B76029}",NA,0,0,0,1,0
"{8214F611-E3A2-4C4D-A379-905829B51B5E}",NA,0,0,0,1,0
"{01DF1EE9-75E3-4EE0-8682-0F142CA9B1B1}",NA,0,0,0,1,0
"{D216BC77-9E46-4B76-9929-7EA05F88DAC6}",NA,0,0,0,1,0
"{7AB6B71F-9D8F-4EE9-875A-A8052E1F74BA}",1,0,0,0,3,1
"{9F800F55-5D2B-4C15-BCB2-B69110ACBD85}",NA,0,0,0,1,0
"{D55E8519-DF5C-4842-8BF8-099E608EADB6}",1,0,0,0,1,0
"{A907C21F-CCF0-4749-987D-982E1A42C390}",1,0,0,0,1,0
"{C34DE355-2D18-48A7-A4CD-A790BABD52BE}",NA,0,0,0,1,0
"{04D4004F-9E6D-4B1C-B3C2-DF65081F4FF8}",NA,0,0,0,1,0
"{07D83CC2-D35A-45E8-BC00-0743F4117E94}",NA,0,0,0,1,0
"{F563C62A-0F90-4BB2-88F3-46010DEADDF3}",NA,0,0,0,1,0
"{731A7596-D675-4CBF-9492-E7DAC2AA5452}",NA,0,1,0,1,0
"{9A2C9D78-2A6D-4CB6-847A-E965CFB01A02}",NA,1,0,0,1,0
"{EFC70582-C6DE-4539-83D0-62761883B2BE}",NA,NA,NA,NA,NA,NA
"{E0177223-7F65-4545-A6F8-95912C8C63C6}",NA,NA,NA,NA,NA,NA
"{E4EA19E5-C0C4-4AA9-A5AB-D6AB33C6241A}",NA,1,0,0,1,0
"{99FC87FD-91E8-4589-A71D-58C612A99C3E}",NA,1,0,0,1,0
"{F55D7CE2-7A72-471F-B812-EE5BDD683E78}",NA,1,0,0,1,0
"{CA67664D-D162-4801-A080-64E37C6B9E68}",1,NA,NA,NA,NA,NA
"{6B26CC2F-B148-4394-B34B-2FC13C8D3509}",NA,0,0,0,1,0
"{3A5D6558-A4FE-4313-B26A-B94BB0BF5E3C}",NA,1,0,0,1,0
"{7BCA5170-84D4-456D-8A07-A2F5F747E9D7}",NA,1,0,0,1,0
"{FFF93EDD-B3F8-4BD9-867C-3E6C08A2265D}",NA,1,0,1,1,0
"{FF655576-AA08-432D-9A6E-5F88A6EF02C8}",NA,NA,NA,NA,NA,NA
"{632C4A7E-0BC3-42A6-9745-CFCEEC318442}",NA,0,0,1,1,0
"{3F45277B-6F00-45E8-806D-3AB28B5ED7E4}",NA,0,0,0,1,0
"{F7914903-5301-4B66-BCBC-3F35ADA3BE27}",NA,1,0,0,1,0
"{9D01C6CB-2BA8-458D-BC60-2187C2F0C7D9}",NA,0,0,0,1,0
"{30EDD880-F149-4519-B40F-D23D1F0F8635}",NA,0,0,0,1,0
"{A837B461-88AB-4A23-873D-515EAE07201A}",NA,1,0,1,2,1
"{F5546EFC-E0FB-4E4E-8CC7-A198C12A2B4B}",NA,0,0,0,1,0
"{6ED07DFA-9174-4E49-B65B-E67D76C521AD}",2,1,0,0,1,0
"{2DD7BC72-FF9D-4CBC-A75C-C349F64790F4}",1,NA,NA,NA,NA,NA
"{091189B1-728D-493E-AC9C-A3B000ABEFA5}",NA,0,0,1,1,0
"{CF91CCC1-BE1C-4C6A-93E2-DC9CAF8D0199}",NA,1,0,1,1,0
"{426DD060-6C94-4130-913A-F5EB77E6B307}",NA,0,1,0,1,0
"{582D1BEE-39B2-4BE7-BA42-585467BDF9C6}",NA,0,0,1,1,0
"{FFBDC2D1-FE12-4351-9FAE-824E0E728266}",NA,0,0,1,1,0
"{3FF21B1A-0190-459F-92CE-D16E819A5B43}",NA,NA,NA,NA,NA,NA
"{8B93BA03-C3B2-4E71-9FDD-5189D16A4ABB}",NA,1,1,0,1,0
"{C0DC1500-F327-49E9-9607-B8B60FF03C68}",NA,NA,NA,NA,7,0
"{E155AEC0-F950-4870-A2AE-2DA5AC71BB6D}",NA,NA,0,NA,7,0
"{773B1D91-3F76-4039-948C-B760680DEFBC}",NA,NA,NA,NA,NA,NA
"{F4846BCB-344D-4428-9742-E8F55B579E86}",NA,0,0,0,1,0
"{20145B73-8EC3-4806-B83F-157F6A1555D6}",NA,0,0,0,1,0
"{E79EB184-301E-4D09-AB40-9A1C102B8F7F}",NA,NA,NA,NA,NA,NA
"{5B39219B-60C1-4E3B-ABAE-BA6AEC1676F2}",NA,0,0,0,1,0
"{06D4F18D-30A2-4B78-A864-616F05FAF89F}",NA,0,0,1,1,0
"{51D22CD5-0894-491B-BAC8-BF191E174B80}",NA,1,0,0,1,0
"{5F45DE57-3AC2-4FF4-AFED-119C37BA71E2}",NA,1,0,0,1,0
"{355A7F40-8B3E-43E9-8020-E3AF06ED7A51}",NA,1,0,0,1,0
"{9013B7FC-138D-492C-9AC2-BCA5B16415A2}",NA,0,0,0,1,0
"{67B576AF-0542-47FB-8F22-732895FC01C3}",NA,1,0,0,1,0
"{E5DBC6CC-BAF7-4C9B-BA81-A2715828165C}",NA,0,0,0,1,0
"{1D4E4EA0-303E-466E-BCE5-A5DDD81FD105}",NA,NA,NA,NA,NA,NA
"{7901B8D9-695B-4BE8-8977-00641B3F412D}",NA,NA,NA,NA,NA,NA
"{A607376C-C583-41C5-9799-51CE6C1B670C}",NA,1,0,0,1,0
"{440A3CF3-4B5A-4185-818C-4BA0C6B8706B}",NA,0,0,0,1,0
"{2DB4F1C9-AA42-49CA-9BE1-535C054089DF}",NA,1,0,0,1,0
"{208A14DA-8554-4DA3-949C-E7799C7173C1}",NA,1,0,0,1,0
"{12B60F98-7EAA-4656-9FBB-84765CE4A21E}",NA,1,0,1,1,0
"{08D6CEA5-EE09-4AD4-ACB7-37D47F754CC1}",NA,1,0,0,1,0
"{0394D69C-5A9E-422E-9417-0070AB29DCA5}",NA,NA,NA,NA,NA,NA
"{507C5A3F-8E14-4B72-94CC-39AFC767181B}",NA,0,0,0,1,0
"{E257717B-1A8C-4616-9B19-12927041F44C}",NA,1,0,0,1,0
"{14CFD853-9E3F-4259-B927-654C8899AB5F}",NA,0,0,0,1,0
"{959EBB00-9817-4060-9D53-272045BE4784}",NA,0,0,0,1,0
"{4D08746E-4786-4F98-B76D-378A74B5793D}",1,1,0,0,1,0
"{63E36980-06CC-41F9-B77F-61D5F5AA7FA8}",NA,0,0,0,1,0
"{A29ED8F9-0900-4E5A-85D8-4191C0BFF6A2}",NA,1,0,0,1,0
"{9F47FCB9-7D78-46CF-BC6A-9F6DB4546717}",NA,1,0,0,1,0
"{63CBF838-D8F5-4271-88BF-1ED71CE3A015}",NA,0,0,0,1,0
"{364DEF6E-473F-400D-8614-F53294F6CA89}",NA,0,0,0,1,0
"{15006C23-F8C1-46D6-9F41-261F8DE29CD1}",NA,0,0,0,1,0
"{12D6ADF8-115D-45BC-9510-012021E60F99}",NA,0,0,0,1,0
"{4E3F8950-2082-42B2-875B-253C03EEE418}",NA,0,0,0,1,0
"{F6996486-8FC6-44C0-8D76-BACADE747101}",NA,0,0,0,1,0
"{7B11C61C-9029-42E3-9AE1-148912989CE7}",NA,NA,0,0,7,0
"{14733951-1A0D-4C82-8443-E85D815853EC}",NA,0,0,0,1,0
"{454F94AE-A0E2-4E2F-81D7-D3B098D665DB}",NA,0,0,0,1,0
"{83664132-E102-434A-B3A7-4430378D39E5}",NA,1,0,0,1,0
"{28630A0B-97A1-4EB4-BFE1-536841FD5030}",NA,0,0,0,1,0
"{5490316D-7F05-4B4A-959C-C5798A514640}",NA,1,0,0,1,0
"{F9986C4D-859E-4249-97D1-2C79F38B181E}",NA,1,0,0,1,0
"{01CB8A41-47B6-496E-A21E-6A4E1CF54B45}",NA,1,0,0,1,0
"{698947BD-36F1-43DB-A663-2CBB8BEDCBAB}",NA,1,0,0,2,1
"{08E5F6D0-468B-44C1-BFCB-9A9C9E352A18}",NA,0,0,0,1,0
"{C35B59C4-21DC-466C-9438-0198FEB179A7}",NA,1,0,1,1,0
"{48ED8BCA-E7F3-4D83-A4FF-09DA9C393FF0}",NA,NA,NA,NA,NA,NA
"{76269240-8A74-400D-9B7A-EA1F8EBB950D}",NA,0,0,0,1,0
"{FAE63FE3-17DE-4FD3-BAB9-C9CE30A94949}",NA,NA,NA,NA,NA,NA
"{EFA2663F-078A-458C-8517-5A4B1D2E2D1D}",NA,0,1,0,1,0
"{4EEEFB05-2926-4D0B-A6AE-1E3D803C360F}",NA,0,1,0,1,0
"{41BF9D97-1C4C-4251-A20D-4F65B28F2E73}",NA,1,0,0,1,0
"{B8D931A9-181A-4469-B27E-6BA4F085000D}",NA,1,0,0,1,0
"{1776EB59-6A5C-4E23-98B1-BC048BE0B9A5}",NA,1,0,0,1,0
"{24F3A459-6B3F-4919-B356-DD4EAA75F839}",NA,NA,NA,NA,7,0
"{D79BBACD-7A09-4DC5-9DB3-0A2AFBCAD346}",NA,1,0,1,1,0
"{8572C315-AEFD-40C0-A2A1-27DD4351807F}",NA,NA,NA,NA,NA,NA
"{FE84889E-63CA-4927-BBE8-788CA56F7C8E}",NA,1,0,0,1,0
"{F410CF70-0F49-4239-9A41-77ECD9C6B1BC}",NA,0,0,0,1,0
"{17173D02-B6D6-4CFC-9B23-3180924FEB07}",NA,0,0,0,1,0
"{5BA21912-D7AC-4C22-897D-AA7EFF488B54}",NA,NA,NA,NA,NA,NA
"{2738CD00-E194-4B49-817B-36DEE590FA83}",NA,0,0,0,1,0
"{C3275E80-9AE6-4DCF-B4F7-DEF3EC7FFA5D}",NA,0,0,0,1,0
"{D252B081-1077-4CCC-85C0-D8ECB537240B}",NA,0,0,0,1,0
"{36280444-D8C4-4665-ADA1-9E8466CF4C2D}",NA,0,0,0,1,0
"{0B2C7342-8720-4971-9604-E45927660137}",NA,1,0,0,1,0
"{23620C27-5827-4253-9836-EC1FE0B5C7BE}",NA,0,0,0,1,0
"{FD01C7BD-A84B-4C44-A43C-0D597FFFD219}",NA,0,0,0,1,0
"{079D78BB-5BA7-46E3-A5F5-EFEAA9845DB8}",NA,0,0,0,1,0
"{58DBC07D-8145-481E-B692-7B14F67D28DF}",NA,NA,NA,NA,NA,NA
"{A1F85F93-2E0D-492B-97F7-C9C33278EE48}",NA,NA,NA,NA,NA,NA
"{C6E7B64E-DEB4-4C0F-A0F9-47D70A7F53E3}",NA,1,0,0,1,0
"{CB35FF10-BD3E-41AD-8B9E-9EEAA052E0FE}",NA,1,0,0,1,0
"{BB11F5FD-AB86-4337-AAA7-E2995DB3811F}",NA,0,0,1,1,0
"{2417B505-1A92-4F3C-B6D0-8AA355C60795}",NA,0,0,0,1,0
"{96DFE1DB-CA8D-4F0D-92E3-773A30317031}",NA,0,0,0,1,0
"{B56E2CF0-0014-4EA0-A014-BA2320186EE0}",NA,1,0,0,1,0
"{2C5E5F78-C1CB-4AD7-A1F5-2EBD1AAF8ED0}",NA,1,0,0,1,0
"{75204CB8-174B-462C-8B99-C1B7BA3FD4DB}",NA,0,0,0,1,0
"{02492FEC-225B-437E-864E-C42A1DB5118D}",NA,NA,NA,NA,NA,NA
"{5A08284D-F815-4C03-908C-D50C77D09FE0}",NA,1,0,0,1,0
"{44522EE6-4DF8-4C70-B507-A99D92218DF6}",NA,1,0,1,1,0
"{C76DD016-63CA-48DD-961C-D27F04A25B4A}",NA,0,0,0,1,0
"{04E6F241-A57C-4993-9A30-BD8DBC732B2C}",NA,0,1,0,1,0
"{6C79E019-2366-4DCD-94D4-ED6281F89772}",NA,0,0,0,1,0
"{C11A60F8-84A3-4716-A00C-FA4259B57332}",NA,0,0,1,1,0
"{9185A3EC-A438-48CA-AD3B-E2E4E08EA8C5}",NA,1,0,1,1,0
"{B591DC35-ACFF-4BE3-B506-829A8EE1989B}",NA,0,0,0,1,0
"{EEA46983-AFAD-4317-B910-A3B9301800B8}",NA,NA,NA,NA,NA,NA
"{23025CEE-9E5E-4637-8E9D-D3EED7E3F250}",NA,0,0,0,1,0
"{A879DF9E-95ED-4620-9B0A-E0601DF85745}",NA,1,0,0,1,0
"{2F1C3E41-9549-4437-B1D0-DD6C10EE42FC}",NA,NA,NA,NA,NA,NA
"{432E22B8-BE06-454D-9EED-E2909F4679E1}",NA,NA,NA,NA,NA,NA
"{291FC4D0-97F8-43D8-A17C-CA0A244F30AF}",NA,1,0,0,1,0
"{AA33D043-BC04-46CD-BCDA-B3F448A3C1A5}",NA,1,0,0,1,0
"{60B6CD38-08BE-4CDA-8B40-9889C6E0E380}",1,0,0,0,1,0
"{AEFF78FF-92E8-4B75-8673-0F647EAC3EB2}",NA,NA,NA,NA,NA,NA
"{0E673D89-1207-4684-A317-2D04F78980C2}",NA,1,0,0,1,0
"{83951F23-185A-42AD-968E-76CBFDCA57D9}",NA,0,0,0,1,0
"{A57678A6-5DEA-42AD-B3DC-6BA00D4651A4}",NA,NA,NA,NA,NA,NA
"{94A5B4C8-DB41-438A-91B7-F356D39F861D}",NA,0,0,0,1,0
"{5B18302C-FC92-4EB1-8E0D-D61F7DFB4B1D}",NA,0,0,1,1,0
"{5DEE4DD3-CCC0-481C-9ECF-53F849130057}",NA,1,0,1,1,0
"{436ED063-71F4-404F-9009-EEE7A9E69A4B}",NA,NA,NA,NA,NA,NA
"{1F197865-0CA1-453D-A6EB-1156213ECA60}",NA,1,0,0,1,0
"{EF31ECD6-2CC8-4520-832F-862955E313B4}",NA,0,0,0,1,0
"{D4463755-7A5B-4C63-AA9A-7FE3B42A8ECF}",NA,NA,NA,NA,NA,NA
"{7541A034-9CE4-419C-A20A-0FC0BDD6B1C0}",NA,NA,NA,NA,NA,NA
"{E95B0014-A88E-4CBB-9037-26C1696642C2}",NA,NA,NA,NA,NA,NA
"{11177D6D-B62F-429A-BE32-06793E37D9D9}",NA,0,0,0,1,0
"{949A45BE-CDD0-4A07-84A5-628ABE13B685}",NA,0,0,0,1,0
"{BDD1EA74-9932-4C8A-8F13-C3BAC0636DDB}",NA,1,0,0,1,0
"{39BF41D3-1329-4948-BBE0-83F321E79F58}",2,NA,NA,NA,NA,NA
"{D3128036-EEC4-4D47-A476-490F88C20DBA}",NA,0,0,0,1,0
"{22E7384B-9ADD-4420-B995-FF922F21E1D6}",NA,0,0,0,1,0
"{F3731CF9-9E18-4307-A9EB-21E8253D7956}",NA,NA,NA,NA,NA,NA
"{0F8EFE64-BC8B-4A47-A570-A3E886A1C479}",NA,1,1,0,1,0
"{B0E57A3C-0849-49D1-9A1B-42D022DA714C}",1,1,0,0,1,0
"{7717EDE9-E50F-4EA0-A5B7-0C263D407E8C}",NA,0,0,0,1,0
"{430407B4-5CFF-47B5-AC99-148935A54045}",NA,0,0,0,1,0
"{07C6B5CD-0605-470F-9914-DBB031F84CE9}",1,NA,NA,NA,NA,NA
"{AD3396BF-1F9B-4F75-B9E4-DFF6DFF1C5EC}",NA,0,0,0,1,0
"{755A3FA6-8F0C-422C-A5A1-83D0FBB09AE9}",NA,NA,NA,NA,NA,NA
"{061CE911-2EC2-4A3B-8476-A7C219AE8F40}",NA,NA,NA,NA,NA,NA
"{E2A59D30-2672-4041-A57A-7134A01DF9D9}",1,NA,NA,NA,NA,NA
"{09141B9F-05B2-4649-A209-663EC8807EFE}",NA,0,0,0,1,0
"{0336344D-07E9-4764-A172-BF022D46AF4C}",NA,NA,NA,NA,NA,NA
"{9186256B-DCC7-4A95-A298-D27DAE1AA729}",NA,NA,NA,NA,NA,NA
"{9F69B201-0ADD-4746-941A-EFF40E29FF2D}",NA,0,0,0,1,0
"{03452A1F-751E-4091-97AE-5F4D61C6E0BD}",NA,NA,NA,NA,NA,NA
"{C2CFADC6-F7E7-4DD2-824D-ED6CDEA04A9C}",NA,1,0,0,1,0
"{E689008E-FECD-4E1A-BB79-C2AF35E8A9F5}",NA,0,0,0,1,0
"{AEB4C769-476D-49E4-93FF-B07895B2240B}",NA,1,0,0,1,0
"{318C638B-CA8C-4D40-9A28-225FFBD7F316}",NA,0,0,0,1,0
"{2519FB57-EB91-4A10-93C5-847F839EB3FE}",NA,1,0,1,1,0
"{C91EB515-C890-4725-AC55-695308B8BCB4}",NA,0,0,0,1,0
"{54B6EFB8-AF26-411C-869B-0AC6231A65DB}",NA,0,0,0,1,0
"{D07ADF66-BEBC-4FE3-B007-B261D3F2BF2E}",NA,NA,NA,NA,NA,NA
"{B052AE91-C52D-4B95-890C-DF433310E88B}",NA,0,1,0,1,0
"{BD1BA4AE-0102-424C-8A47-B3CB76B383B4}",NA,1,0,0,1,0
"{95064699-5459-4DA4-BDA8-0C0576EC4B95}",NA,1,0,1,1,0
"{E5C96234-3D72-4C45-A312-2F08EABCD3D3}",NA,NA,NA,NA,NA,NA
"{17855BA6-0AF7-4500-8DF2-775F14F86946}",1,NA,NA,NA,NA,NA
"{36895C63-178D-4935-9D59-80D9A5E45295}",NA,NA,NA,NA,NA,NA
"{9CDB6863-DA57-4A0B-9D9B-F04AB5649248}",NA,0,0,1,1,0
"{BD1AF27E-D7D9-4B4F-8723-03C204CF5600}",NA,0,0,0,1,0
"{ED4E4975-F708-4EE7-ADF5-9B71519863CF}",NA,0,0,0,1,0
"{DE99BA8E-AAD5-4800-9681-F1D4036F1558}",NA,1,0,0,1,0
"{6E9934BC-2BE1-472C-B4AD-D5E2151AB42E}",NA,1,0,0,1,0
"{FBD812D0-67BB-4518-A532-A0CB52E977C0}",NA,1,0,0,1,0
"{56379967-7F49-4984-981E-E35E54740A6D}",NA,NA,NA,NA,NA,NA
"{3F7A49EC-EBFF-4CB7-887C-7E4DCBF9A0D0}",NA,NA,NA,NA,NA,NA
"{4E32CE07-B388-4F62-A4E5-FD6EE0EAC72E}",NA,NA,NA,NA,NA,NA
"{60416A78-5908-4A31-84F4-6215D2A4E82E}",NA,0,0,1,1,0
"{0FE310B1-C420-41C9-85D4-F1E143F6CF8A}",NA,0,0,0,1,0
"{32518A4F-8CCF-4330-8C5F-24906CB83DC0}",NA,0,0,0,1,0
"{CAA11374-E29A-496C-BACE-C9724EFE6E73}",NA,NA,NA,NA,NA,NA
"{820E2A58-37DC-4339-9352-185482252DE9}",NA,1,0,0,1,0
"{E9366588-B212-40A6-ADFD-A73AC59A06B7}",NA,NA,NA,NA,NA,NA
"{DD88AD65-FC7D-4D59-AE2E-A58759A4E4B1}",NA,0,0,1,1,0
"{3C53B5B9-7F72-44E7-94D2-98B356F68EED}",NA,NA,NA,NA,NA,NA
"{D653AA1E-490E-42AB-BB0C-01543D25BD58}",NA,NA,NA,NA,NA,NA
"{88175A09-0FA5-488D-91E9-8CF9AB66B28B}",NA,1,0,0,1,0
"{A776D0E5-A849-4D69-BDC9-8DB0C67D433A}",NA,1,0,0,1,0
"{A014FBE5-CCC9-4E7D-AD94-5ABA9234090D}",1,1,0,0,1,0
"{B80D6333-033A-4C1C-8D4B-6CEA4AEE7F74}",NA,1,0,1,1,0
"{26ED233A-99B7-42F3-B9F3-FDC4F45EA310}",NA,0,0,0,1,0
"{6F757276-543A-4DC9-A776-FA3DB2AC1BD6}",NA,NA,NA,NA,NA,NA
"{D5F7ABEA-7A7B-465C-AFB5-6B89ACE08542}",NA,1,0,0,1,0
"{0EE7738D-88DB-4E2B-96EE-3DD95286367B}",NA,1,0,0,1,0
"{1B5C9562-94C9-44ED-ADBA-084ECA33333D}",NA,NA,NA,NA,NA,NA
"{C8B11722-A70C-40D6-A9F3-49F985DB27CA}",NA,NA,NA,NA,NA,NA
"{0E2F2D83-7669-4E94-8CD2-73CA4E30367B}",1,1,1,0,1,0
"{48A13AA1-7B51-4180-B160-8538A43AB5B8}",NA,0,0,0,1,0
"{10BA6976-F61E-4B1D-8840-E772F4FEE393}",NA,1,0,1,1,0
"{8F60DEED-2E20-41F2-96FA-F3B72DA1CC2E}",1,NA,NA,NA,NA,NA
"{AE34D4CD-F7AD-4932-B5C4-E80DE907282B}",NA,1,0,1,1,0
"{A1D4528A-6268-45BA-9E96-7DF2486B4C19}",NA,NA,NA,NA,NA,NA
"{4699A90C-2AC1-404E-8003-1DD4EAE4564F}",NA,0,0,0,1,0
"{4BB94A18-D1C8-4F52-ADF3-4FE7D67BEE4E}",NA,NA,NA,NA,NA,NA
"{BFC09AD5-70EA-4286-BB03-59CBD431A7DA}",NA,NA,NA,NA,NA,NA
"{CDCE9CC6-90F5-4D5A-AB78-266CB2EA3BC0}",NA,0,0,0,1,0
"{1ED42672-1987-44F9-A14F-AB028A2F7807}",NA,NA,NA,NA,NA,NA
"{2E73FEA3-41FD-41B1-8CCB-33BC58EFE463}",NA,0,0,0,1,0
"{84C88D6D-1A91-4A4A-A108-2ADA83A4C065}",NA,0,1,0,1,0
"{0158D9C3-3B3E-40B1-BEAE-779504F6804F}",NA,NA,NA,NA,NA,NA
"{24DB5BE9-4202-42A2-89B0-819471C72B9E}",NA,NA,NA,NA,NA,NA
"{D38DBC90-2EAC-453B-BA61-A523502424DE}",NA,1,0,0,1,0
"{202B0B51-BF87-492D-AEFA-9C9D4DE06606}",NA,0,0,0,1,0
"{041AD67E-0E0D-4396-95A7-294757624733}",NA,1,0,0,1,0
"{79E166ED-5C08-4BFE-9001-901043F9077E}",NA,0,0,0,4,1
"{06EF0822-DDEC-49C8-9DD9-4FDC553C1D1A}",NA,1,1,0,1,0
"{A74B18DF-6B09-4D1B-BCF4-A546A77F39FB}",NA,0,0,0,1,0
"{B7E5C83E-11DD-403A-968A-06D81C096D87}",NA,0,0,0,1,0
"{9BC9DCA1-2CE3-404C-95FB-BA757E05E659}",NA,0,0,0,1,0
"{34F7CCF9-3B33-49B8-BADE-03274091B3F5}",NA,NA,NA,NA,NA,NA
"{7CBA6A58-E407-468C-9A60-8E57D80ACE40}",NA,1,0,1,4,1
"{86664D68-5D58-4BFE-979C-7CA2AFD426C8}",NA,NA,NA,NA,NA,NA
"{2C84C3C4-8859-4E4B-B343-2614E4877A55}",NA,1,0,0,1,0
"{1F2C1F9A-DF64-424C-A9AB-0AD82B540499}",1,0,0,0,1,0
"{A5FD8C3F-35E4-4F20-A375-900238652F66}",1,1,0,1,1,0
"{466CCAD2-304D-4280-9425-CFDEAD0F60B7}",1,NA,NA,NA,NA,NA
"{0A4F30AD-1BD7-4C57-AAF0-CCCE34F34555}",NA,0,0,0,1,0
"{6B131086-A3EA-48F3-AA0D-D0170FAF2F0A}",NA,NA,0,NA,7,0
"{14172C1F-5AB5-40E8-B595-EF1C917B6C45}",NA,0,0,0,1,0
"{15BB97FC-0692-4104-8BD1-DD4CE52E8DA0}",NA,NA,NA,NA,NA,NA
"{F2A42F84-A44D-4830-8A69-D0830B52BCD1}",1,NA,NA,NA,NA,NA
"{4D7409C2-18DE-4F0B-A505-8F8A9C8D9E27}",NA,0,1,1,1,0
"{238A22FA-AAA9-4CB8-8069-0FCB214CEBD6}",1,0,0,0,1,0
"{8D7012D7-109E-4697-95DB-2DC32918C79D}",NA,NA,NA,NA,NA,NA
"{E35D77EF-325E-4D21-AD0A-510B9100A5CC}",NA,NA,NA,NA,NA,NA
"{BD138F08-7532-405A-A757-2506C3E12307}",NA,1,0,0,1,0
"{D87B8A2B-E3FB-4223-B2BF-9827B1543123}",NA,0,0,0,1,0
"{8973754C-1AFC-4CCF-BA98-860330E1C174}",NA,NA,NA,NA,NA,NA
"{6E3D4856-B89A-4EC3-95AD-3C049DD1CF7C}",NA,0,0,1,1,0
"{71A943B8-BA5E-4D51-8BDB-D3B0E44F687D}",NA,0,0,0,1,0
"{E02B11CE-BE49-4EB7-AB57-99B2FDDEA011}",NA,1,0,0,1,0
"{ABD06963-5CDF-41E1-AF85-B7F2C8F9F899}",NA,NA,NA,NA,NA,NA
"{91ACDE58-5E48-40D2-B318-5EF0A4FCA71C}",NA,NA,NA,NA,NA,NA
"{9DCE674E-D6A7-4DFF-A824-D14532FE8699}",NA,1,0,0,4,1
"{BDBCEEE3-F1CA-45CB-A493-228213FFAB5F}",NA,1,0,0,1,0
"{F33F054C-EBBD-4EAA-84A8-851BB4213E23}",NA,0,1,0,1,0
"{E995BE59-0E91-48C3-94A2-0236A377A260}",NA,0,0,0,1,0
"{8A9C1984-686E-4E90-9B7F-F0A23C7D3258}",NA,0,0,0,1,0
"{5D8804AE-82E7-4CCC-AE9F-560684FBDFDA}",NA,0,0,0,1,0
"{96A02C33-2653-4F44-9FC6-255783C29911}",NA,NA,NA,NA,NA,NA
"{EAF3B636-FDB8-42A0-960C-4B2D30DF5971}",NA,NA,NA,NA,NA,NA
"{7A3EBC77-58BE-4767-BE42-47521719ACCA}",NA,0,0,0,1,0
"{BB1CB8F5-87FD-4946-B1A9-E84C70CE2B40}",NA,0,0,0,1,0
"{EE98CE3B-28C2-49D6-82CE-E29912DA5121}",NA,0,0,0,1,0
"{5491D0D2-32AC-4D91-A524-606F11D0DD26}",NA,0,0,0,1,0
"{FABECAF2-8039-48B5-B2E1-D8C5A69675C1}",NA,NA,NA,NA,NA,NA
"{46E6144A-E6B9-42FF-914C-AAD6E1CA11F2}",NA,NA,NA,NA,NA,NA
"{E5249A98-9940-415C-8CAC-C4FF83862362}",NA,0,0,0,1,0
"{79E5D2C9-EB9F-43E4-A271-B2D4D5EC868C}",NA,0,0,0,4,1
"{E47D6B2C-5F40-41CB-AC4A-50E45CFD4F1C}",NA,NA,NA,NA,NA,NA
"{89CB3546-5810-410C-9CF6-81EA0B458CD8}",NA,NA,NA,NA,NA,NA
"{547F712F-CA13-4F6F-B3BC-92E99A4A4315}",1,1,0,0,4,1
"{7CE6C1C5-448C-42B2-98EA-7519964DC002}",NA,0,0,0,1,0
"{92161260-3E23-42F4-832A-6DEB69F5DEA2}",2,NA,NA,NA,NA,NA
"{A32AE848-942C-4017-85E1-8523021884C1}",NA,0,0,0,1,0
"{5A5F94A2-FA1D-4530-B9D5-7C7EA37EBDFB}",NA,1,0,0,1,0
"{FB014205-A792-4750-B285-5B00E4C735B5}",NA,0,0,0,1,0
"{CE696A5B-6FC6-4BB6-A284-AAC0BEDF231B}",NA,NA,NA,NA,NA,NA
"{3CDBE6BC-99ED-47CD-896D-7D6E44142643}",NA,0,0,0,1,0
"{7E3EE474-BA44-4815-8D0F-189E1D34EA9C}",1,0,0,0,1,0
"{FFE1555F-A80A-460F-AAD9-4B5EC7461DC9}",NA,0,0,0,1,0
"{5F964386-C218-4705-A19D-5EE194DEEA1D}",NA,1,0,0,1,0
"{F8860B1A-B234-4FEA-B3E7-64578A21DD49}",NA,NA,NA,NA,NA,NA
"{7A328358-2D5C-454D-8DD6-3984B201E25B}",NA,0,0,0,1,0
"{39666303-8626-49B3-AD9D-016CE397C99C}",NA,0,0,0,4,1
"{9471ED55-D3CD-42BB-832D-319C445FF087}",NA,1,0,0,1,0
"{5D4CCF25-592C-47A0-91EA-744BAC8C4A44}",NA,1,0,0,1,0
"{A541D60B-7548-46D2-BE36-1C1F1916A284}",NA,0,1,0,1,0
"{9E5F2184-4D69-4E63-8267-8AB033513E56}",NA,1,0,0,1,0
"{637A06F6-3868-4161-9CB1-30EA656E7B37}",NA,0,0,0,1,0
"{08304A10-F6AA-4604-8408-46111D3A37ED}",NA,0,0,1,1,0
"{7B391947-018D-4A50-991E-F2900EFBD08B}",NA,0,0,0,1,0
"{E30183A2-A6F8-403B-946F-E5F5B7C4F63F}",NA,1,1,0,1,0
"{20EA1A54-2EF3-434F-98C4-211AADA32CCB}",NA,1,0,0,1,0
"{2510B92E-C137-4A40-A252-0B25E07C9B5C}",NA,0,0,0,1,0
"{914EE92C-B091-4547-A9A3-948D00E5004D}",NA,1,0,0,1,0
"{51E847B8-A08A-4E7E-BFF5-6268301D6D7E}",NA,0,0,0,1,0
"{95E3A72E-AD6A-4ED8-BF67-B7CAD58D4209}",NA,0,0,0,1,0
"{304977AE-70F9-493E-8392-6360D5940A31}",NA,0,0,0,1,0
"{1C6DB6EA-DE11-47EB-9FD1-D7BD3167E116}",NA,0,0,0,1,0
"{7271764C-27E7-4A21-B31F-EBB91B86C479}",NA,NA,NA,NA,NA,NA
"{8A7E0728-FECA-4B92-A594-1BB4243857CE}",NA,1,0,0,1,0
"{B7C50C96-618C-471F-928E-E4A7CA1E14AB}",NA,0,0,0,1,0
"{42C41A0C-BC3F-41E6-B015-EB64C29DAAB7}",NA,0,0,0,1,0
"{84063140-27A2-4442-B151-6B81785E9104}",NA,0,0,0,1,0
"{46C266F1-DAF5-43DD-9BCB-7DBA549D7C23}",NA,NA,NA,NA,NA,NA
"{E77ABA46-EB1D-4A22-A04F-67D7C79B0010}",NA,0,0,0,1,0
"{8AE16EEE-9BEC-451B-B193-2804089CFFB6}",NA,0,1,0,1,0
"{6CB97C47-FC51-4854-AAB0-E289F9E494DC}",NA,1,0,0,1,0
"{597CB057-3FEB-4607-B094-484DCA20A3CC}",NA,NA,NA,NA,NA,NA
"{07453F2E-C309-4BDB-99BE-20D5BD44CD4A}",NA,NA,NA,NA,NA,NA
"{B0EDFE3E-E72C-4AE7-81D2-DF12107E410F}",NA,0,0,0,1,0
"{3610F211-0E4B-43A9-B4C2-85CB087370A8}",NA,NA,NA,NA,NA,NA
"{224D9500-74FB-41C2-816B-225750393EB3}",NA,0,0,0,1,0
"{0B21B307-E6C2-4E2D-BF8A-0AA66F2D0751}",NA,0,0,0,1,0
"{6B99F78B-0AF2-41D0-9A5C-3369F5217071}",NA,0,0,0,1,0
"{FD59831B-64DA-451C-A4D3-05AD411AA21F}",NA,1,0,0,1,0
"{884FA586-4D7F-49B4-9B62-97A5B8572194}",NA,1,0,0,1,0
"{1D321840-7D00-4008-9F28-A99DE1F80D24}",1,1,0,0,1,0
"{6C0F1FC6-F470-4953-BD01-3DE8833DEE5C}",NA,1,0,0,1,0
"{FDB83FD1-F682-40FE-85DB-8376A988310F}",NA,1,0,0,1,0
"{1764AFB8-13C9-48EC-BCA6-0A531EA70C9C}",NA,0,0,0,1,0
"{38A941E7-5B96-48C7-8914-3017D19DC9F6}",NA,0,0,0,1,0
"{D2FED6E6-3C68-41B2-96AE-FE4F42AF076C}",NA,0,0,0,1,0
"{9AD232BA-204A-4E14-91DA-616499ECC9C8}",NA,1,0,0,1,0
"{CF32B0B4-8405-47E3-9B58-EF9907243A85}",NA,0,0,0,1,0
"{7729377F-DAE4-4979-9437-211408F289AB}",NA,0,0,0,1,0
"{27558754-A6FE-4369-85B9-80C280398234}",NA,0,0,1,1,0
"{0E55A5F0-EA84-42CA-9896-E3738802F04B}",NA,0,0,0,1,0
"{C57F5483-CF09-4945-896F-34DFBD0C3F43}",NA,1,0,0,1,0
"{EA3CFEA2-BE20-42D2-AB54-990B95B13F04}",1,0,0,0,1,0
"{63099D32-E936-49BA-8BC0-DB631615DB79}",NA,0,0,0,1,0
"{90CD98C0-E4FB-4E87-AED9-9AB8BFB7D179}",NA,0,0,0,1,0
"{EC77F064-EC42-4C6E-BC91-149356D36A5A}",NA,NA,NA,NA,NA,NA
"{0411C4C1-F2FB-4697-B3A6-3BDC513C2DCE}",2,1,0,0,1,0
"{842FB1D8-15C1-489D-95C6-1E1A54068673}",NA,1,0,1,1,0
"{EBE2DF2D-D886-4CF4-A6B8-66FD1A71E94C}",NA,0,1,0,1,0
"{75992101-8035-4F55-BD13-1AB46ED8C824}",NA,0,1,0,1,0
"{B1F652FE-8350-474A-B501-04A9971A307B}",NA,NA,NA,NA,7,0
"{C95FCDAE-A77E-46D9-A63F-EEDB0E4D8AEC}",NA,0,0,0,1,0
"{148C5582-5190-4836-A032-136A9EDAE291}",NA,0,0,0,1,0
"{FBC1A18C-BBCF-4267-BD54-01C61366262B}",NA,0,0,0,1,0
"{63969A85-6BC3-45BF-A8AA-7850C3FDD7BF}",NA,NA,NA,NA,NA,NA
"{AC146331-AE79-4C24-9068-7DE8DCCEBBB5}",NA,1,0,0,1,0
"{D9FC9407-4B30-457F-8026-9F9B8E0232BF}",NA,NA,NA,NA,NA,NA
"{8BC88B24-365C-42B2-950C-0DD911C0914E}",NA,0,1,0,1,0
"{5D1EE123-6C1E-4235-BFF4-71892B414A33}",NA,1,0,0,1,0
"{7EDCB65F-E89C-4363-A49D-F5237B83AE0F}",NA,0,0,0,1,0
"{BB1B6D11-D08F-4DC8-925C-36F5028DE817}",NA,0,0,0,7,0
"{DA899843-B89B-4481-BDE4-35299976E0FE}",NA,0,0,0,1,0
"{75F70034-14C0-4BD0-B239-0EC214DB7542}",1,0,0,0,1,0
"{85B15A17-A8CE-4A69-80F9-77C3D57C3266}",NA,0,0,0,1,0
"{004B4BFA-1B82-4F94-925C-BBB79B3FE1F6}",NA,0,0,0,1,0
"{D1356B4D-1966-4630-8ED6-F4335CAB6B1A}",NA,NA,NA,NA,NA,NA
"{3F967831-6AEF-42A7-9B67-C7B8A0D529CE}",NA,1,0,0,1,0
"{9C22D46F-BB42-4BDE-9E91-5B5DCB29A16B}",NA,0,0,0,1,0
"{E709E181-36F2-44AF-BA61-4E09F65F1CAD}",NA,NA,NA,NA,NA,NA
"{58FA117A-949F-4965-979C-52CA43EA7EFD}",NA,NA,NA,NA,NA,NA
"{8C3AAD3D-2EAD-4631-B4E4-3E11AB8C10AA}",NA,1,0,1,1,0
"{9989BA1A-DAAA-44FD-811B-13FDD255526D}",NA,NA,NA,NA,NA,NA
"{D8DD9B95-AD0F-423E-A9A1-DCF93200EF04}",NA,NA,NA,NA,NA,NA
"{C49AD07A-A969-4260-A38F-C9FC0216B9DF}",NA,1,0,1,1,0
"{BA75CB2D-BDB3-4313-B0CF-A43B323DE19D}",NA,0,0,0,1,0
"{0B56CA79-5C82-4E50-BFFB-8B80A98422AB}",NA,NA,NA,NA,NA,NA
"{17F4D275-CB1E-4AA5-9ECB-CB849D00545C}",NA,0,0,0,1,0
"{385E72CF-E3F5-4E80-88A9-0F7A29ECD674}",1,0,0,0,1,0
"{D8573CEE-8DAA-4AF7-A663-AA9D83743E22}",NA,NA,NA,NA,NA,NA
"{BC27D7A5-EE15-4142-9280-3803DC0772CB}",NA,0,0,0,1,0
"{F550A542-B149-4817-A724-1DF08BC05C75}",1,1,0,0,1,0
"{6EBEC2E5-3EDE-4089-A4D5-88DEE80B9E62}",NA,1,0,0,1,0
"{2F8B3A9F-104E-4CE5-B92E-19457476A590}",NA,0,0,0,1,0
"{7157103C-2EE6-47AD-88BF-7B970F3E0D7B}",NA,1,0,0,1,0
"{5F9FF2A0-94D7-4BEC-B40B-F5446C4769B3}",NA,1,0,0,1,0
"{3C79A2F1-BF1D-466A-AF5F-B0429103D9D0}",1,NA,NA,NA,NA,NA
"{B1ACFC07-CEB9-453D-9C11-10CB9D90C327}",NA,0,0,0,1,0
"{287F11E2-E4E7-4B2E-BDB8-C089A49F4860}",NA,0,0,0,1,0
"{E23C452C-C13D-4AC4-B80F-79FFC8E0476E}",NA,1,0,0,1,0
"{B8F8A4D2-9B81-4B48-B977-20688F187072}",NA,0,0,0,1,0
"{C0875BD4-BCFF-4667-BC0E-BA52182B27DA}",NA,0,0,0,1,0
"{DB8219B9-378E-44E4-924B-FB184406BC36}",NA,0,0,1,1,0
"{102A7FF6-0E64-43CE-AF1B-E90D69142900}",1,NA,NA,NA,NA,NA
"{6A58D001-44EB-4084-ABC3-74EA53C5479C}",NA,0,0,0,1,0
"{21C0548C-6A98-4132-88A3-4DA927B8203A}",NA,0,0,0,1,0
"{82F7EDF8-F8DD-447D-8A54-F016E97E9992}",NA,0,1,0,1,0
"{34B5B973-98D4-433E-8749-8FC0EFFD43E4}",NA,0,0,0,1,0
"{A042E0CA-A140-4A33-B1C5-45A509D8FA07}",NA,1,0,0,1,0
"{95A6C4B2-30CF-494C-A34C-66254A8B24C2}",1,NA,NA,NA,NA,NA
"{3CEB5013-8BE6-4AC8-A525-5FF9AEE90A57}",NA,0,0,0,1,0
"{B3442768-69B4-455B-8663-7E9D22D7A610}",NA,1,0,0,1,0
"{46414460-2913-40AF-81BD-81AC5668FD89}",NA,0,0,0,1,0
"{4A97BB95-D1A3-436D-ACA7-E2356D9D5EBB}",1,1,0,0,4,1
"{1749D50F-A7DD-47B2-ADCA-E3E7CE00A6E0}",NA,1,0,0,1,0
"{87431352-8D4B-4200-879F-1DA79FFCE6D8}",1,0,0,0,4,1
"{A8A07E02-4756-4726-9D80-2E0757A93E42}",NA,1,0,0,1,0
"{AA6C3106-D8CB-42A4-8539-781F2B8A41C6}",NA,NA,NA,NA,NA,NA
"{18355059-1ECC-4F41-9252-FF6B3148DC56}",NA,0,0,0,1,0
"{F5D15593-BA65-42FC-A4F5-005ACB43E746}",NA,0,0,0,1,0
"{62DCAD8A-EFFF-472C-A0FF-EDCB224131E5}",NA,0,0,0,1,0
"{0CA37E5D-AEDB-407F-8718-F0515AC3F85B}",NA,0,1,0,1,0
"{0479D57D-FF62-41E6-AE0D-5D870431CC6B}",NA,0,0,0,1,0
"{D9F8DE90-BF88-4C4C-85CB-86F52F2281D3}",NA,1,0,0,2,1
"{0009953F-3747-4473-871D-5C0D41753E29}",NA,0,0,0,2,1
"{54187642-AFE6-4C94-B9B8-EEB764731D85}",1,1,0,0,1,0
"{564CA1E3-286B-4B5A-8E41-420FE56F6266}",NA,0,0,0,1,0
"{1117A442-AFE6-4E69-98D4-440E2DADFAB2}",NA,0,0,0,1,0
"{F7AE1026-390E-407B-A761-03EE80C00348}",2,0,0,0,1,0
"{CCFACABB-8CDF-475B-98E1-6FBD3B5448C7}",NA,NA,NA,NA,NA,NA
"{B0396522-F13C-49DD-9770-2AED45F8B7E0}",NA,0,0,0,1,0
"{EC441641-3FF2-4329-B2BC-6B93DABD8D5B}",NA,1,0,0,1,0
"{81083CC1-48B1-417F-8AF6-209DFDC87514}",NA,1,0,0,1,0
"{46A4797F-2B89-48DB-851A-AD46D5468B35}",NA,0,0,0,1,0
"{E1351B27-6457-4443-8FCE-0905739A2D4A}",NA,0,0,0,1,0
"{B919D621-78E1-413E-AB26-31604236992E}",NA,0,0,0,1,0
"{872EEC6A-326E-4B73-A6FF-46306A860C3F}",NA,0,0,0,1,0
"{A83E2DEA-A45F-4BE6-AD29-544093FC0822}",NA,NA,NA,NA,NA,NA
"{ED3362A8-51B0-4139-8104-7CAB9467B1F9}",NA,0,0,1,1,0
"{B0B84C75-4BFD-40FE-8888-A3214EC94EAD}",NA,1,0,0,1,0
"{B6086270-9FFB-485C-8635-6D5B4802293B}",NA,0,0,0,1,0
"{4899EA87-3E87-4C6F-90D3-E6E82C7C5BC9}",NA,NA,NA,NA,NA,NA
"{E7BAEDAC-911F-4EB4-A5C8-693E5D036927}",1,0,0,0,1,0
"{F84B24A8-3447-4252-BD2F-2BAF58D98651}",NA,0,0,0,1,0
"{1093687D-CC0F-408D-B29D-12F3CA410D12}",NA,NA,NA,NA,NA,NA
"{8E910308-91F6-4BC3-980C-CF1E16DBDAF0}",NA,0,0,0,1,0
"{AAEAE521-A8E8-45A8-BE80-29C1E4891335}",NA,NA,NA,NA,NA,NA
"{515A2321-01DB-45B4-9EA5-4AC500FB8C61}",NA,0,0,0,1,0
"{1E8CAC3C-581C-4C85-8E6D-DA85A073311A}",NA,1,0,0,1,0
"{521DC51C-3AC3-45D6-8F54-EF5E17B29228}",NA,0,0,0,1,0
"{E7E88840-3902-4D64-B4A2-8A3F97B7FA7E}",NA,1,0,0,1,0
"{CBB79EAC-B3E3-4180-94BE-053C5B13257A}",1,0,0,0,1,0
"{7668B389-5928-451A-9283-C096ADC2FA92}",NA,NA,NA,NA,NA,NA
"{3EBA086B-ADED-4F81-854D-58B0D2A1AA09}",NA,0,0,0,1,0
"{9F88750C-5737-428C-9967-A869AD9FC0E3}",NA,0,0,0,7,0
"{6476F370-D047-4EAE-9D91-C0AE8362ED6C}",NA,NA,NA,NA,NA,NA
"{7E06D258-8AC6-412A-AAF2-7DF1A63212B0}",NA,1,0,0,1,0
"{350F9C7A-31E7-4978-868C-AC3E96AA8EAC}",NA,1,0,0,1,0
"{02805E0C-2B73-4DE9-A092-26F1812CBFFD}",1,1,0,0,1,0
"{F7876AF2-051B-4C7C-9D1F-EE798D98B82A}",NA,1,0,0,1,0
"{2D7F09ED-FC27-49C5-A589-96C6A2FC94FF}",NA,0,0,1,1,0
"{C2C883C6-5283-445A-BE98-BAFEF4FB3DEC}",NA,1,0,1,1,0
"{012681A8-95DF-484B-9A8F-B15E47335A62}",NA,0,0,1,1,0
"{9017F3E5-362C-45BE-9E0F-408093F817E9}",NA,NA,NA,NA,NA,NA
"{DCBA7461-99E2-4656-9D45-D28E9EA1E774}",NA,1,0,0,1,0
"{6072B83A-1967-4E40-865B-127E21087F51}",NA,1,0,0,1,0
"{5842DD07-5BF6-4BD4-9FCA-EF4AE7436ABC}",NA,NA,NA,NA,NA,NA
"{C7C61758-F66F-43BE-AC54-A4C39E1F17B3}",NA,NA,0,1,7,0
"{0747189A-C2E8-4D60-B52A-223F059EA410}",NA,1,0,0,1,0
"{4A5C018D-16BD-446A-B184-2D805C8AC8C7}",NA,0,0,1,1,0
"{5E89F294-7133-4DE3-B004-0186579DB79E}",NA,NA,NA,NA,NA,NA
"{CAFA9967-1105-41F9-B950-E3F762474414}",NA,0,0,0,1,0
"{A51CDBBC-5257-427E-93B6-087EE5C3ABAA}",NA,NA,NA,NA,NA,NA
"{802881E9-D076-4D3F-8123-719DBB12CEE2}",NA,NA,NA,NA,NA,NA
"{C62026CC-BE4E-48C6-B0F1-EC2998190989}",NA,0,1,0,1,0
"{E73EE666-943E-48C5-A1E8-F5FB8611C38D}",NA,NA,NA,NA,NA,NA
"{39C4E35A-F6ED-4950-8EC7-79A4DF6C10F2}",NA,0,0,1,1,0
"{35EF4839-F15B-4626-BB02-377315BE7F3F}",NA,0,0,1,1,0
"{0F62D0FB-8C14-4941-92D2-9C561554BFD6}",NA,0,0,0,1,0
"{FCC105D6-A399-4A5D-A2D4-3A145B402EE7}",NA,0,0,0,1,0
"{2F9F620A-D53F-485D-8025-421A581084D5}",NA,NA,NA,NA,NA,NA
"{99629F3B-5132-4CDD-98EA-718605208A01}",NA,0,0,1,1,0
"{2BBBC1B1-7C22-427C-922E-87ED756E2B1A}",NA,NA,0,NA,7,0
"{7136E665-9630-4CAB-922B-0534A709500F}",NA,1,0,0,1,0
"{7735BD00-E05B-47ED-B7E4-7B703F30B837}",NA,0,0,0,1,0
"{7F89FBB1-4F4C-4DD7-A6AF-6C725073DD8C}",NA,0,0,0,1,0
"{7476BB66-089F-48BA-BB84-1247563F9FE0}",NA,1,0,0,1,0
"{3E5D1658-7565-4B95-B467-81F6C9696CA6}",NA,0,0,0,1,0
"{A88B36A5-0AD9-4ED6-A879-66BA2637300E}",NA,0,0,0,1,0
"{9665C7A1-3A80-42B7-96BA-A345CB6A3583}",NA,1,0,0,1,0
"{96010CEC-5F0A-4885-9658-18B5460E28AA}",NA,0,1,0,1,0
"{20282E5D-B4B8-4102-99F7-D26E702F6952}",NA,NA,NA,NA,NA,NA
"{AE1A931B-ACC2-44C5-B136-EC2CCEE1A411}",NA,0,0,0,1,0
"{72EC6D4B-CF52-46F2-8D7A-E644763720B0}",NA,0,0,0,1,0
"{E7FE9E57-07B5-4996-B142-5EFF58D84B5D}",NA,0,0,0,1,0
"{8C8EEDE3-7D15-4F59-A746-A291B3DC4352}",NA,0,0,0,1,0
"{5E3658F9-EE4D-42C9-AD65-771858B23AFC}",NA,0,0,0,1,0
"{F933F0D4-FA6F-411F-B4FA-4171148EE396}",NA,0,0,1,1,0
"{770D8683-13B2-4AF3-8F33-E5AD3D4DAEEE}",NA,0,0,0,1,0
"{3FC04E37-D555-49B8-BA36-D215A7624A23}",NA,0,0,0,1,0
"{9F37DEAC-A599-42CC-86C3-A53D2BA5FB88}",1,0,0,1,1,0
"{3C94C1DA-07C7-4D48-85B1-8EC7A5F09B1D}",NA,0,0,0,1,0
"{5835985A-9147-434F-9167-CEF8AB70C4A2}",NA,1,0,0,1,0
"{D6E5848D-62E6-45AE-AF2E-EF4EBA1D02FA}",NA,0,0,0,1,0
"{D4A6110D-E047-463B-A080-86F9C5CBAF0E}",1,0,0,0,1,0
"{D9C68DF3-ADD6-4C45-AF8F-2D686095D472}",NA,1,0,0,1,0
"{F665BC63-0C4E-48FC-8CB0-6A4F197FBBAF}",NA,0,0,0,1,0
"{83B37859-B9F8-4887-9FE1-B830C3891FD1}",NA,1,1,0,1,0
"{DB039110-D626-443F-8107-B606E637C0CD}",NA,0,0,0,1,0
"{065AFA8F-B95B-4276-9716-34CA13BE2C86}",NA,0,0,0,1,0
"{8F779203-28C1-48F3-A339-3894AC5672F9}",NA,NA,NA,NA,NA,NA
"{4F48CD48-7DFB-4E19-80B7-FCAAB161D950}",NA,NA,NA,NA,NA,NA
"{FA62DE93-3387-4044-8931-0AE3A6B6B2ED}",NA,0,0,0,1,0
"{003BC569-5787-4C20-A7FB-8256455F9076}",1,0,1,0,1,0
"{BAC7763E-95DC-4532-B154-65024E0B7B58}",NA,0,0,0,1,0
"{B502ABA2-1A94-4D3D-9ACC-505835831AB6}",NA,0,0,1,1,0
"{09AA95BA-844A-4380-8468-14F267EE56EF}",NA,0,0,0,1,0
"{E918814E-F626-4E02-BBD9-9AA17341F061}",NA,1,0,0,1,0
"{D3F19A17-0E85-4FFC-9D8B-89538EEA4C1E}",NA,0,0,0,1,0
"{4CAC04AA-5A30-4F20-A45F-9201220ABF4C}",NA,0,1,0,1,0
"{A13C1681-825B-493B-BD61-FFBCD06313F9}",NA,0,0,0,1,0
"{4BB8472D-1450-4EC9-A483-AB1EF7F3FA5D}",NA,0,0,0,1,0
"{D1E4E86A-837B-48EC-9FB0-9FD5AC8C25CC}",1,0,0,0,1,0
"{98127562-ABEF-4E6B-ADB9-D78D278CF109}",NA,NA,NA,NA,NA,NA
"{AB2907FB-B8C8-466D-9B3D-CA068F8F19C6}",NA,0,0,1,1,0
"{5CC3992E-D7BA-426B-A8DD-DB0591C58682}",NA,0,0,0,1,0
"{0356FF48-6542-4CB6-A1BD-76A4E72B4487}",NA,0,0,0,1,0
"{2BE76566-8EB9-4C6B-8DAA-6C3FE3B7B02A}",NA,0,0,0,1,0
"{BD9857DF-B130-4548-B2F9-2D98539EDDC0}",NA,1,0,0,1,0
"{0ED6390C-662A-40A7-A32B-E39F46D62485}",NA,0,0,0,1,0
"{03FD1860-08E7-406A-A87E-5C79CBAEC4A9}",NA,0,0,0,1,0
"{B6B3FDA2-2AB1-465D-B6A7-E029B77454C0}",NA,0,0,0,1,0
"{6D8DB37E-9DF4-4405-8BC9-06EB5CB1A4BF}",NA,NA,NA,NA,NA,NA
"{916092A6-507D-4BF8-B6D6-7407B288E903}",NA,0,0,0,1,0
"{F8DD9379-A275-4ECF-9F8B-A041E337457E}",1,NA,NA,NA,NA,NA
"{0E3561CE-EE1B-452C-A5A8-B7A93A470E83}",NA,1,0,0,1,0
"{EC7BE856-A93F-40A9-9DAD-31581760E95E}",NA,0,0,0,1,0
"{A2A8A5CA-AE7D-4005-B969-B65D9A8370FC}",NA,1,0,0,1,0
"{C1ACA501-6E21-48C9-AE99-7A89FE91AB81}",NA,1,0,0,1,0
"{54BC02F2-D28D-4FA0-B3F8-2D935A25BA07}",NA,1,0,0,1,0
"{2960EED7-0AFC-4398-B162-3BBBCDEA6708}",NA,0,0,1,1,0
"{ED27DD14-0F28-4E8D-8465-7C0843AF610E}",NA,0,0,0,1,0
"{0756CB71-D87C-480C-8BD1-730382E71D4F}",NA,1,0,0,1,0
"{F9099998-F484-49AA-9AB3-B0777870966E}",NA,1,0,1,1,0
"{E20E23F6-C05D-4284-B5DA-682A90826E5A}",NA,0,0,0,2,1
"{8F57911B-196E-4700-94A1-50621092D112}",NA,NA,NA,NA,NA,NA
"{C413514C-2411-413F-9E5F-022924B272B6}",NA,0,0,0,1,0
"{E342B679-62CF-43D2-AB6A-91977336143A}",NA,0,0,1,1,0
"{50302723-C455-401F-9C43-406DC5CFF2C3}",NA,1,0,0,1,0
"{8F905D45-BF02-4111-A4AC-52F78B0C5BEC}",NA,0,0,0,1,0
"{7FEBCE03-1E3A-4BFE-9F96-5F2AF6E41359}",NA,0,0,0,1,0
"{1DFB7C3A-D651-4558-8A73-4129C3D48302}",NA,0,0,0,1,0
"{9C738ED7-50CD-4512-B802-2C00865A110C}",NA,0,0,0,1,0
"{501801BE-8F4A-4C73-BCC7-5D9D2C0BA3EC}",NA,0,1,0,1,0
"{CBFB3786-96A6-4BF1-AE33-A5245E0C0A2F}",NA,0,0,0,1,0
"{BC2C5DEF-65C5-48C1-89D6-F99821D2A3C7}",NA,1,0,1,1,0
"{764CA75F-F4E0-48AB-9058-22416577BD00}",NA,1,0,0,1,0
"{6A823E54-14C8-452F-90FF-895CF09DF948}",1,NA,0,0,7,0
"{7397C569-DADA-4F90-AB1C-B6EB24C10E21}",NA,1,0,0,1,0
"{F7FD2010-0136-4636-AFE8-82020FF61F4B}",NA,1,0,0,1,0
"{E6AEB030-B03A-4D95-B99F-C77980ADB3CA}",NA,NA,NA,NA,NA,NA
"{3DEDFC41-1E6A-427F-A0B7-146F9CBC754F}",NA,1,0,0,1,0
"{B228FE76-2512-49B7-994E-EEE12C95EEB9}",NA,1,0,0,1,0
"{38BCBD3C-5870-4209-AA33-0102884F2055}",NA,1,0,0,1,0
"{184F3873-DFDB-485D-921F-C04C0C2BDBFD}",NA,0,0,0,1,0
"{885BF054-AB70-45B7-9479-0D80DD106AB9}",NA,0,0,0,1,0
"{15349E16-2CFF-46AD-9C28-F6C0CD36052A}",NA,0,0,0,1,0
"{855C7E77-E921-4053-BB05-027FBEB3F8A2}",NA,0,0,0,1,0
"{44CEA2B7-FA05-4783-AE24-6350972D1C80}",NA,0,1,0,1,0
"{DC50CC9E-4CF1-4366-A193-55F590E800C9}",NA,0,1,0,1,0
"{FEBD89E8-E348-4D3D-AC22-4BBA766AA294}",NA,NA,0,NA,7,0
"{E7AE0F2C-D67A-4F0B-B1C5-2DC686DCC9AF}",NA,NA,0,NA,7,0
"{86DC35FB-7C08-428D-96D4-5D9F2CD9934C}",NA,1,0,0,1,0
"{A2D56AFC-A6B9-4926-A985-7D4BEF712532}",NA,1,1,0,1,0
"{3FA00328-4AE5-4EF3-9DF4-86D33E1F4FD5}",1,0,1,0,4,1
"{887DF79F-442C-471D-B81B-E83DDA619A3E}",NA,0,0,0,1,0
"{EBACA620-9F25-4705-8487-E0B483DD1E55}",NA,0,0,0,1,0
"{A651696F-4DC9-414B-8CB8-5AB878CE35ED}",NA,0,0,0,1,0
"{F8917AA7-FE95-4CF2-9FEC-DFE0D1490C76}",NA,1,0,0,1,0
"{2CB57E2A-DC23-4350-9DF1-70968AE32725}",NA,1,0,0,1,0
"{66CA3F7E-2748-417A-AF10-65E1FC8FF544}",NA,1,0,0,7,0
"{F7E4047F-9C07-4B91-9312-D38121833535}",NA,1,0,1,1,0
"{B9EE399A-8D77-4E76-BEA4-3E12A4D64377}",NA,1,0,0,1,0
"{342C8793-3319-430E-911C-3EB2348AAD55}",1,1,0,0,1,0
"{9281CD94-10B0-439E-A846-2B786A0ADA31}",NA,NA,NA,NA,7,0
"{92C14A98-6A75-4FA8-9BA9-843CEF17E182}",NA,1,0,0,4,1
"{6A7853A8-C0A4-4835-9D9A-210840EB8CA8}",NA,1,0,0,1,0
"{4D4AAD15-C55A-4CBD-9698-C5CD4B5B3C05}",NA,NA,NA,NA,7,0
"{6B02E57E-3FEC-4AFF-8CC8-96D74D13E12A}",NA,NA,NA,NA,NA,NA
"{98518E8C-F896-4AA9-9382-CA87EF687B6C}",NA,0,0,0,1,0
"{DB10E1B4-B376-4097-B8CE-7A61E768FFEC}",NA,NA,NA,NA,NA,NA
"{8AF7989C-F049-4BA9-9536-0AC18FB5943D}",NA,0,0,0,1,0
"{9B8F280E-0EFF-4E1E-82C0-654FAFCB8E9E}",NA,0,0,0,1,0
"{E8F3720A-390D-4B57-B96F-D11FA793F94F}",NA,0,0,0,1,0
"{97AAA1B0-C00C-48FD-BD59-AE00DEE888BC}",NA,NA,NA,NA,NA,NA
"{5F12BC84-30EC-4D6A-974B-0AB949E93A5F}",NA,0,0,0,1,0
"{33933ECB-8089-4E3E-94FB-EB3DB6C73E0A}",NA,NA,NA,NA,NA,NA
"{949885D6-A298-47A4-BB4C-456E1249C1AC}",NA,NA,NA,NA,NA,NA
"{84F22731-8199-4185-B976-720395B94B3F}",NA,0,0,0,1,0
"{A0E146F6-28A3-49E2-A2A7-A64BD9AA4782}",NA,0,0,0,1,0
"{FB54CAC9-2159-4BFF-B85A-6569DF500A00}",NA,NA,NA,NA,NA,NA
"{A2BBF576-86BA-4F49-A3E3-7CF2D1ED0A48}",NA,0,0,0,2,1
"{75241964-913C-4C73-A7EE-45194D8BDE75}",NA,NA,NA,NA,NA,NA
"{A01D19AC-F527-4DE2-8388-0A03213F9662}",NA,1,0,0,1,0
"{E82108AA-73CA-4DA5-8C3D-30D4FFEA582B}",NA,0,0,0,1,0
"{6577CAD6-5031-40D7-82CC-318216CA3304}",1,NA,NA,NA,NA,NA
"{F8137F63-58D6-43E3-BD08-F3DA622F45F1}",1,0,0,0,1,0
"{CBD7C267-AD0C-4127-A3A0-642C79C4696E}",NA,1,0,0,1,0
"{A7FC9862-2A02-4B5E-AA58-2CD691DBCF1D}",NA,NA,NA,NA,NA,NA
"{DD8F9AB9-792F-451C-9764-4DF9A8F02F27}",NA,1,0,0,1,0
"{E3A149DE-240D-4F9E-98D0-636C094D37DA}",NA,NA,NA,NA,NA,NA
"{792C922E-824A-47CE-99E2-A1AB59C4E5AD}",NA,1,0,0,1,0
"{3DE3E938-EF7B-4194-891A-3AED559F8757}",NA,NA,NA,NA,NA,NA
"{3B5C6A7F-42A4-42AF-BDCD-7B23B1BF392E}",NA,1,0,0,1,0
"{046A1DBF-34BD-4F82-8EC8-03F8F172908A}",NA,0,0,0,1,0
"{8D8B6CA3-A6A3-4C6B-AFC6-D7B641B8E32F}",NA,NA,NA,NA,NA,NA
"{0AFE1D63-7686-49D7-8D02-0B874277CBC4}",NA,0,0,0,2,1
"{CDB5106B-D64A-4831-8AFD-BF7EDAC982BB}",NA,0,0,0,1,0
"{1E3D24F3-FECB-417A-9D35-2DE6BF78460A}",NA,NA,NA,NA,NA,NA
"{77EB1A68-AB3C-438B-8804-7B83AEF1EAF2}",NA,NA,NA,NA,NA,NA
"{4B01EF39-1646-4B6E-9DAB-244A04B61B8C}",NA,0,0,0,1,0
"{A603D029-815A-451D-91BD-CDD71AD70AE8}",NA,0,0,0,1,0
"{4384116A-9C93-44CB-B72D-BAFFA0BB0482}",NA,1,0,0,1,0
"{61EE330F-8A83-41D3-8B64-9CCC470AF318}",NA,0,0,0,1,0
"{70B20F94-D1D1-4919-9ADF-98B5734CA78B}",NA,0,0,0,1,0
"{D96E02A6-FCD9-4EE5-9259-400D8BBE4685}",NA,NA,NA,NA,NA,NA
"{F87D9E6E-4ED9-4BAB-9C29-06BF619C0E06}",NA,NA,NA,NA,NA,NA
"{1DCCF89B-5182-4BD7-B27F-3CC4C889136B}",NA,0,0,0,1,0
"{5135363B-9D94-456E-97DF-CD351062830A}",NA,NA,NA,NA,NA,NA
"{8E6F1821-90E5-4BCF-95D8-8D5770695F6F}",NA,0,0,0,1,0
"{E2A44D9D-7B43-4DE1-AE11-10C06F24A121}",NA,0,0,1,1,0
"{6AEDFEDE-DADF-46FD-A9C0-7382A4451C89}",NA,NA,NA,NA,NA,NA
"{B15A98F1-FE3E-4B4A-842E-39F8FC4E440F}",NA,NA,NA,NA,NA,NA
"{4B40F1F3-FC26-4D27-8945-313CD0C17D6B}",NA,0,0,0,1,0
"{4A44F7D7-4244-4046-83A8-9BB7B95CC3DA}",NA,NA,NA,NA,NA,NA
"{4BCAD907-942D-485B-97E2-394C3E263721}",NA,0,0,0,1,0
"{3CFEF766-FCE0-41D3-A3E2-C965E839A902}",NA,1,0,0,1,0
"{9A2431AC-37DF-4484-8272-BE2E82F9C253}",NA,1,0,0,1,0
"{7E4FB7C6-89D2-4192-BC42-245E04E05790}",NA,NA,NA,NA,NA,NA
"{E4175BD5-810B-476F-8C62-9270C0791F5E}",NA,NA,NA,NA,NA,NA
"{8079CA13-3AB8-457D-AD89-91FFF3EEBE65}",NA,1,0,1,1,0
"{930C07F2-5EBA-45DA-A1A4-3A6A7DB1134C}",NA,1,0,0,1,0
"{535722DE-F859-4B08-AB11-D76D6991FAC0}",NA,NA,NA,NA,NA,NA
"{34A908BD-2C40-4CBD-822A-6042E698119A}",NA,0,0,0,2,1
"{C92FAF6C-156E-41A8-9295-9F3441E669BE}",NA,1,0,1,1,0
"{45AB6F82-99D9-4710-B748-19F8F9D486FD}",1,0,0,0,1,0
"{8579C6BB-B0D5-4661-9BD1-74697693065B}",NA,0,0,0,1,0
"{0BFBDD96-32A0-4F71-988F-F74E579224EE}",NA,NA,NA,NA,NA,NA
"{BD26D472-B2A5-4380-86D0-FAF06CCAA539}",NA,1,0,1,1,0
"{AC6E4486-C5C7-48AD-90BA-EA7C9043DC81}",NA,0,0,1,1,0
"{63D85253-6B3F-48E6-9408-A1070A045200}",NA,1,1,0,1,0
"{024DA45E-5E96-48AF-A12E-8898D691025C}",1,0,0,1,3,1
"{D87C7402-1ADB-410E-B9F1-BB96AA782319}",NA,1,1,0,1,0
"{6B09A65D-904D-4822-99CF-32D4EF27F601}",1,NA,NA,NA,NA,NA
"{0341E885-8010-4FC1-BA28-93A9E9C4CAAF}",NA,1,0,1,1,0
"{C94B8066-29F9-4A7F-9C6D-165D8A538213}",NA,NA,1,0,7,0
"{92C64BD9-7851-4752-B827-7DA3737D15C8}",NA,NA,0,1,7,0
"{0192FEC2-8E56-45DD-B4B0-07C7449EB03A}",NA,0,0,1,1,0
"{E2FF1700-A485-440C-B208-8C95EADE1301}",NA,0,0,0,1,0
"{6F9A0B4B-B089-426E-8F55-B331CE564035}",NA,NA,NA,NA,NA,NA
"{BEB8BA37-DD5F-42EA-86BD-A310CAB847FE}",NA,1,0,0,1,0
"{BABD22FB-70AF-4020-ADE1-DA20411C3DE6}",NA,NA,NA,NA,NA,NA
"{5653E796-5296-4006-8168-C62D399790ED}",NA,0,0,0,1,0
"{6831A76A-69DA-4DF8-8BB5-F624385AB2C6}",NA,0,0,0,1,0
"{A8774C79-BF14-4A8B-BA74-5494E958AE66}",NA,0,0,1,1,0
"{83FC2F66-7C91-4333-A339-B216208D1940}",1,0,0,1,1,0
"{5AC436CE-F9B4-4121-8FF5-12665BE7FE52}",NA,0,0,0,1,0
"{61D3F14E-C6AC-4932-83FF-71369010F96C}",NA,NA,NA,NA,NA,NA
"{4DFAF473-0B6C-43A0-ADEC-C16994828AC8}",NA,1,0,0,1,0
"{6CEA5EAE-2470-44D0-BA6D-59377826C405}",NA,1,0,0,1,0
"{9B709D13-377F-4D43-BFCF-1F1A1E2FD0A9}",NA,0,0,0,1,0
"{06EA218B-9E32-4AA7-9689-D8FCC678169D}",NA,1,0,0,1,0
"{3CB25C26-C35E-4FD1-B9BF-3828F84B681A}",NA,1,0,0,1,0
"{E6AC2B25-6F84-4E6D-8357-B680974E594D}",NA,1,0,0,1,0
"{CEE340E1-A59A-432F-81CA-66D945108C00}",NA,NA,NA,NA,NA,NA
"{1DC764CB-B3C5-48DD-861A-D3770A1C230D}",NA,0,0,0,1,0
"{5B3EC1DD-0563-4C49-BAA0-B899CB5CA090}",NA,0,0,0,1,0
"{E2E339E7-A594-4E80-B324-FD72ADF28472}",1,0,0,0,1,0
"{5C3CA3D9-789D-493A-8389-B6B6593ADCED}",NA,0,0,0,1,0
"{653CC57E-EBDA-4ACB-B9ED-2C40ABED3B59}",NA,NA,NA,NA,NA,NA
"{103FF732-8103-4D4A-B94F-7710CFE11DA8}",NA,0,0,0,1,0
"{ECE9872E-E478-4947-BF75-048670512C11}",NA,0,0,0,1,0
"{9DCA1972-5948-4927-911B-CFE19C63C755}",NA,0,0,0,1,0
"{C2D0A8B2-187C-440A-8F92-F7359DFC41FA}",NA,NA,NA,NA,NA,NA
"{8E1699DD-4F95-4C98-9301-D3EC3BB76C03}",NA,NA,NA,NA,NA,NA
"{C99895C8-6376-41DF-AD42-EF51E05F57B2}",NA,0,0,0,1,0
"{7CF6D34C-04C1-445A-ACC0-F8EEAEB5A490}",NA,1,0,0,1,0
"{7C045AB5-1168-4DE1-96AA-BDC048AB284E}",NA,0,0,0,1,0
"{21532F2C-75B2-4B5C-9EAE-5FEB41BF58D9}",NA,NA,NA,NA,NA,NA
"{FFA8FEAF-446B-43F0-A6DD-50EE93C02C31}",NA,NA,NA,NA,NA,NA
"{1AE0333B-9E63-460E-A184-B4E27DDBD6E4}",NA,1,0,0,1,0
"{038DA4AC-8BF6-4ED2-B2BE-8C07EDA62C9B}",NA,0,0,1,1,0
"{D77E5643-C111-4944-851B-5367E95785E8}",NA,0,0,0,1,0
"{B046080B-8432-4457-8631-CAD7330E336F}",NA,1,0,1,1,0
"{C57D593A-15C4-4A56-9AF4-B46FC847DCDB}",NA,1,0,0,1,0
"{734649EC-78C9-4BF5-A5DE-978FA0638E19}",NA,1,0,1,1,0
"{F7E3B758-AC83-4C65-AA39-4359CC5C73DF}",NA,NA,NA,NA,NA,NA
"{0BFA51EC-0C22-4D31-A24B-D19EFE6A66CF}",NA,0,0,1,1,0
"{4CCEEF2F-5A06-43AD-8FDD-A1E5E0F7F34F}",NA,NA,NA,NA,NA,NA
"{6EDCECFC-EC08-4B38-B58A-36DEEDC091C9}",NA,1,0,1,1,0
"{9FE9408B-A802-4DC1-A4B4-A2B709267C6A}",NA,NA,NA,NA,NA,NA
"{D653CFCC-800D-4C93-85BC-0CDB3E4107B4}",NA,NA,NA,NA,NA,NA
"{22207356-E89D-4330-A1E8-64DA48353ECF}",NA,0,0,0,1,0
"{E8D016FA-9964-42D6-A8E1-EBDCC0730601}",NA,1,0,0,1,0
"{78A7E480-859F-474E-B502-C5981DB8FF9F}",NA,0,0,1,1,0
"{116E6151-BDDD-4BF2-9934-D33040F99EB8}",NA,0,0,0,1,0
"{66A67CC8-8FC4-4F74-91FC-7FAC77FC0157}",NA,0,0,0,1,0
"{D5660576-173A-4290-B6E4-58221E03A379}",NA,NA,NA,NA,NA,NA
"{A7FAFC72-C4F0-4478-BD48-38A5937261CA}",NA,1,0,0,1,0
"{2154DF65-0799-482A-BC9C-4A7AE9117F43}",NA,1,0,0,1,0
"{451041D7-17A5-4BBD-A259-B06264283588}",NA,0,0,0,1,0
"{C97C04D7-9412-4937-9FEB-66B1232DEFD5}",1,0,0,0,1,0
"{79C96999-4FBD-4F99-8EB3-986F59E7C2A9}",NA,0,0,0,1,0
"{54BBD23C-F57E-4848-9773-52D79B6614B4}",NA,1,0,0,1,0
"{A091C50D-D42D-48DA-AF52-80A11D53CF09}",NA,0,0,0,1,0
"{EB1E004D-0A86-4689-9EF5-25298FDEA812}",NA,0,0,1,1,0
"{5FBCB1CC-9C9E-40A4-AFE5-E14EBC5F6ED6}",NA,0,0,0,1,0
"{ADF60617-C55E-49C0-B35F-3012558546AA}",NA,1,0,0,1,0
"{B6FC55AD-04F5-429B-93D9-20B1154AF22E}",NA,0,0,0,1,0
"{EF508C6D-415A-4AB5-9434-3C15A4A89C3D}",NA,0,0,0,1,0
"{DCCF36A7-9B0D-4B7F-913F-E2CEA9DBB069}",NA,0,1,1,1,0
"{B232B8E1-FB0D-40CB-B0C9-63AFB0EA97F7}",NA,1,0,0,1,0
"{757BBCDC-A492-4479-85BE-C993F0983537}",1,0,0,0,1,0
"{F74FB613-25B9-42AA-9AD4-8E0B5AC58D02}",NA,NA,NA,NA,NA,NA
"{B8942A57-459C-48F6-89C0-ED32ADD7EF69}",NA,NA,NA,NA,NA,NA
"{89C3CBD4-0B14-41C9-A467-2270A1D39782}",NA,1,0,0,1,0
"{2B62BC2C-E889-4C86-8212-7FF3478D7C9D}",NA,1,0,1,1,0
"{45C7A416-E436-4328-BD6F-38405ED321A1}",NA,1,0,0,1,0
"{F2AD7698-06A7-47A7-9F79-D8CD8E641391}",NA,1,0,0,1,0
"{9CBFC11B-3A88-41B8-9164-C6C0A3E09E71}",NA,0,0,1,1,0
"{8BAE85A1-F59A-4ACC-86BE-02AF748E606C}",NA,1,0,0,1,0
"{434AE2D5-B8EB-4972-8BEB-52E435E2FC1E}",NA,NA,NA,NA,NA,NA
"{17740E92-FAA9-44B5-8DDE-53ED76A1B0F3}",NA,0,0,0,1,0
"{75AC9C7D-1D05-4371-8E44-4922287B06FC}",NA,NA,NA,NA,NA,NA
"{DDB0B0F5-D79C-4F1B-BED4-8A446A6912A8}",NA,NA,NA,NA,NA,NA
"{48347869-ED07-429C-9FF8-697F0F55E161}",NA,0,0,1,1,0
"{DA4A7960-822A-4278-BD16-21D91C1193D3}",1,NA,0,0,7,0
"{14927CFA-4896-4DB3-BEE2-4B89CD21755D}",2,1,0,0,1,0
"{1E18687F-BE8B-42B5-A3A7-B39A9CC9FF98}",1,1,1,0,1,0
"{76E6D8B0-84A8-490D-8D8A-508697E5DE4D}",NA,1,0,0,1,0
"{603AAC36-16B0-4AF1-A133-E6CC9017B835}",NA,0,0,1,1,0
"{DF206EA0-2B37-448E-9554-E0A627FB82B6}",NA,0,0,0,1,0
"{D59BC334-D252-42C0-ABBD-9ED5A5131B76}",NA,NA,NA,NA,NA,NA
"{96F478B2-22E2-4125-891A-43A5D59D9783}",NA,1,0,0,1,0
"{43A305DA-E72D-4016-956F-EEE72DF6B09D}",NA,0,0,0,1,0
"{6954DB5F-2E34-4F4C-BEA4-2708435EC7B5}",NA,0,0,0,1,0
"{8075E930-E983-4446-857A-B6C70F87158C}",NA,0,0,0,1,0
"{E0D0F435-9B45-4AAD-BB77-2120E7F283C6}",NA,0,0,0,1,0
"{72CE7DE7-B9FC-4148-8E42-CFDBAF32E0B0}",1,1,0,0,3,1
"{43409076-2DFB-43B3-B275-14F54FAE9A7F}",NA,NA,NA,NA,NA,NA
"{FEC7A5B7-CA3A-42FC-96FD-47AD5EBD6E4B}",NA,1,0,0,1,0
"{968C7177-C92E-4389-8934-3FCB5F8293CB}",NA,0,1,0,1,0
"{2EAB279B-7F59-4D90-B79D-7E99C4675A54}",NA,1,0,0,1,0
"{13536237-3F93-47B7-8F80-53F98A985CDF}",NA,1,0,0,1,0
"{2D8CC7D8-358E-4F37-8738-870804377254}",NA,1,0,0,1,0
"{26DD9C37-D8CD-4100-9E32-BD40E1B44A69}",NA,NA,NA,NA,NA,NA
"{622E964B-ADF8-4A47-9904-05EA016DEF9B}",NA,0,0,0,1,0
"{31268DAE-0AD5-48E9-9AD8-B83C43F694FF}",NA,0,0,0,1,0
"{9C70659A-41C2-4663-9AC1-01074C2DF061}",NA,1,0,0,1,0
"{2B95C5E0-FCD6-4A6B-8BEB-99E03DAF549D}",1,1,0,0,1,0
"{7284A1B8-6869-4BF8-9F18-68D71842D427}",NA,0,0,0,1,0
"{21D52FAB-CCFA-4A8E-933C-E7AF5CD73C8C}",NA,1,0,1,1,0
"{3CF70210-52EA-4CF5-9939-539685013E33}",NA,NA,NA,NA,NA,NA
"{6032EF43-2431-40F6-9BBC-3A4FDC6B7218}",NA,0,0,0,1,0
"{23F29E2A-F509-4C5A-A949-7650363A8222}",NA,1,0,0,1,0
"{F98715CC-9009-4842-A1C4-2A2F6D2DB162}",NA,0,0,0,1,0
"{C19E2FAC-4454-43E6-A8CD-108A1C2F0DF4}",NA,1,0,0,1,0
"{BEFDEF4A-11C6-49B0-8429-E6946DB7E7C4}",NA,0,0,0,2,1
"{37DE3B46-E5D8-48F0-9C6A-F647716445BE}",NA,0,0,0,1,0
"{4EA86B4E-4735-4D77-9EBA-E79C1F3DDE2D}",NA,1,0,1,1,0
"{060FB7A2-CB11-4B8D-95FF-09E060C26936}",1,0,0,1,1,0
"{0B14944E-2148-4F56-8C2A-DAD91D9AC63D}",NA,1,0,0,1,0
"{847A19E7-AF2E-443E-9449-43A635A5E080}",NA,1,0,0,1,0
"{45A438F7-9746-436F-9914-F57433B47EF3}",NA,0,0,0,1,0
"{9CF663BF-A748-4D42-A866-E35BFFF823EF}",NA,1,0,0,2,1
"{3FC16FCB-069A-4704-A4C8-93FE6C78748B}",NA,0,0,0,1,0
"{6D76842F-B799-41C9-AA4E-BE8F46AF0952}",NA,1,0,0,1,0
"{95AA76F7-8DAE-47D8-BA03-65B8E44FF64C}",NA,0,0,0,1,0
"{9DF26E7D-BB8A-49F0-8689-44BFD4DFCF41}",NA,0,0,1,1,0
"{265DBF3E-9CDE-4C60-8F6B-9CBDAAA89E13}",NA,0,0,0,1,0
"{599B6A07-BC9B-4F02-9757-32379D900718}",NA,1,0,0,1,0
"{7F31274B-E170-42EB-BC6E-892FE65DB069}",NA,0,0,0,1,0
"{18E9029D-C74D-4468-A6C1-8C7C7F3AAF1F}",NA,NA,0,0,7,0
"{5F564075-AF0B-4CDB-9E42-36404AAF871F}",NA,NA,0,1,7,0
"{D1DA35D1-F879-4676-A34D-1BB7A7F70140}",NA,0,0,0,1,0
"{E2E4D604-148A-4867-905B-3CB60D4C4E4C}",NA,0,0,0,1,0
"{E06607C7-1AD1-4E13-BB46-F1A971BDBAC6}",NA,0,0,0,1,0
"{D11FCE95-920E-4D62-B4A1-1F0CA63EEA8A}",NA,NA,NA,NA,NA,NA
"{1B3F5273-3FFC-4159-B1C1-147805B0201E}",NA,0,0,0,2,1
"{0C6A91FD-C283-4FC0-9EE7-6DD6EA91E1B8}",NA,0,0,0,2,1
"{B24A50EE-2323-4B21-B89B-9EA7A91D8B7B}",2,1,0,0,1,0
"{3177C9CA-3D47-40FD-8A96-2CB2E17754B9}",NA,0,1,0,1,0
"{668471EE-C5CA-4E74-978F-688D098A2125}",NA,1,0,0,1,0
"{2025985C-3AEF-4742-9BDE-398235FD30C9}",NA,1,0,0,1,0
"{FED502DA-49EE-40FC-9A09-B3E0D99E3F16}",NA,NA,NA,NA,NA,NA
"{289F6CC2-128C-4D96-A543-B93AC67FF8C9}",NA,1,0,1,1,0
"{21E923A1-AA80-400D-81B3-86105F164B84}",NA,0,0,0,1,0
"{244489F3-CFC7-465F-81AF-D729712782CD}",NA,1,0,1,1,0
"{08A77472-37C8-4208-B452-EE8BD3D2B6CD}",NA,1,0,0,1,0
"{9EFB5295-FA50-4D61-8FE9-F75EF5307B5C}",NA,0,0,0,1,0
"{03CB940D-6B52-4E8A-99A9-0951D306E989}",NA,1,0,1,1,0
"{68675220-309C-4E27-AD19-72361DC4BC24}",NA,0,0,0,1,0
"{159BF8F6-6F2D-4647-80A9-1BE70FA20B62}",NA,NA,NA,NA,NA,NA
"{3AE94F0C-1047-4368-9779-A81A0AA4F2DA}",NA,0,0,0,1,0
"{D28C8B34-310D-484F-92D2-A400F8FBE68A}",1,1,0,0,1,0
"{0FDE6879-E0D5-4BC9-A717-BEEDEA9756A6}",1,1,0,0,1,0
"{D57B41B8-DC68-4548-9361-0FB1B92B6425}",1,0,0,0,1,0
"{96247FBF-1CA5-40BB-A369-B5694A96E2E6}",1,1,0,0,1,0
"{BDBA1BA9-108D-48B4-A55F-EBAE318A04BE}",NA,0,0,0,1,0
"{CA698C59-C454-4E34-A41D-3DCAF5BE28BA}",NA,0,1,0,1,0
"{3AA0D3CC-18AA-4B56-B4BA-34901FA0D19B}",NA,1,0,0,1,0
"{3CFDCE9F-869A-4EE8-B28C-427A748DF871}",NA,1,0,0,1,0
"{7B732F64-702D-42DC-89B2-741BE4495208}",1,1,0,0,1,0
"{3E46E8F5-0A5B-4529-BDC4-8CE0E3071D5E}",NA,1,0,0,1,0
"{50025A32-2DA3-436F-A9FA-61A2475ED413}",NA,1,0,0,1,0
"{276238CD-3029-4FE2-8875-F11F64260D68}",NA,NA,NA,NA,NA,NA
"{6744273A-CA99-43FA-BBD8-733846B86D8C}",NA,1,0,1,1,0
"{F78B7385-5CFC-4F0E-BA74-7B442201D7BA}",NA,NA,NA,NA,NA,NA
"{27254DEB-E147-43FA-9907-6F0BD4CCB345}",NA,1,0,0,1,0
"{738A5EA2-A710-434B-8EAE-75EDDFDF1257}",NA,NA,NA,NA,NA,NA
"{6DD83414-64CF-45F8-8987-7F5EF0690A8C}",NA,1,0,0,1,0
"{D9FA588D-4125-47E7-BD21-841E9BD083BF}",2,NA,NA,NA,NA,NA
"{808A3547-BC39-43B0-971D-2EB7872D6A02}",NA,1,0,0,1,0
"{65AC64A7-256F-4A2E-9006-229AFF8A3273}",NA,1,0,0,1,0
"{C0EC0383-C6DD-47A5-93AD-7F4F84C8E4AF}",NA,NA,NA,NA,NA,NA
"{707837CE-2CE0-4182-9A32-EE6D66BE7302}",NA,1,0,0,1,0
"{D577AC98-405E-4462-A90A-B64F6276F467}",NA,NA,NA,NA,NA,NA
"{B21B8B7B-FF9D-4244-BD56-0B98251E05E6}",NA,NA,NA,NA,NA,NA
"{35872736-A6C7-47F6-9EFD-A628E2FB55B4}",NA,1,0,0,1,0
"{E7F70EF7-F759-4DCA-B7D2-94FB8A28AABB}",NA,NA,NA,NA,NA,NA
"{8BBB441C-E187-4304-AD93-FB6AB14D7F80}",1,1,0,0,1,0
"{7B2D9951-0CE8-4141-BB55-6DF5F74FC892}",NA,0,0,0,1,0
"{4919931D-2B44-438E-8696-B89DAB1C9364}",NA,NA,NA,NA,NA,NA
"{2358A475-DE1C-4E67-B208-A351269775AA}",2,0,0,0,1,0
"{720D622A-672D-4AD4-A8F5-BA41E91AD355}",NA,0,0,0,1,0
"{00E3732C-A654-4979-8C0A-19237D703EBE}",NA,0,0,0,1,0
"{1FD175FE-77A0-44A6-A601-E3E1E7D41AA9}",NA,NA,NA,NA,NA,NA
"{7144B54D-6A35-4993-8067-AE17FBC7F08D}",NA,0,0,0,1,0
"{F0388567-CE95-41E7-865C-77AFCAED2357}",NA,0,0,0,1,0
"{A90801DD-B2E2-4DAF-A40C-B57992D8F420}",NA,0,0,0,1,0
"{0C0C026D-1448-467C-90DD-6DAFE5F45014}",NA,0,0,0,1,0
"{509EE22B-D4AE-43D9-B6FF-DAFD78B077A7}",1,0,0,1,1,0
"{CA2C9624-361F-444E-BC68-553D33237F2E}",NA,0,0,0,1,0
"{D1E55896-02E9-49E1-93D7-DAFCC8A33623}",NA,0,0,1,1,0
"{4E1BA1F3-E1FD-4019-BE0E-79F2A4226126}",NA,0,0,1,1,0
"{B3B3D1E9-FC69-4C06-982F-05321A54E87A}",NA,0,0,0,1,0
"{98D050B8-F9EB-4755-B4D6-338E14E5B286}",NA,1,0,0,1,0
"{8BA1050D-CC49-446D-B434-D6DA6A252F7A}",NA,1,0,0,1,0
"{30A989F9-BE29-4F03-AD49-2B077744135E}",NA,0,1,0,1,0
"{253C4481-2C2F-44AA-B718-BCAF3823D719}",NA,1,0,0,1,0
"{BC5C1183-94AB-4672-A00B-EB6C44E833E5}",NA,1,0,0,1,0
"{58B86286-3C74-41C5-9F1E-449E4F72ACA5}",NA,1,0,0,1,0
"{0B67BB84-323E-4065-A308-54C9635E0734}",NA,NA,NA,NA,NA,NA
"{7D827B96-4BFD-48B0-BA40-9A6A242E2D07}",NA,NA,NA,NA,NA,NA
"{0BB27179-9AAA-40A1-BA46-8B7B24FDC6A1}",NA,NA,NA,NA,NA,NA
"{2AC659BF-C3B5-4609-9131-608F78060896}",1,1,0,0,1,0
"{8F048BDA-E3E7-4BE9-86D0-56FA0B867669}",NA,0,1,0,1,0
"{7CC0D0E7-AB0F-4F12-AFBB-7AE8F6D22906}",NA,0,0,0,1,0
"{13C969A6-F869-4390-9355-F9F136F8723F}",NA,0,0,0,1,0
"{0EBEC735-F9E6-4DAF-9ECC-B513B515BEFA}",NA,NA,NA,NA,NA,NA
"{A426ECA4-B97E-4B34-B951-788EEFB8CAB6}",NA,1,0,0,1,0
"{EA7B4179-8863-4091-8FDB-91521B64DAC1}",NA,0,0,0,1,0
"{D472DA1E-A622-41BF-A438-E0505D682E14}",NA,0,0,0,1,0
"{26D47B24-80DB-4290-B042-C98BBE528E0C}",NA,NA,NA,NA,NA,NA
"{AE4D4315-5947-4BF9-96CC-D4741C4EF533}",NA,0,0,0,1,0
"{7DD72F8D-26FB-4401-BCD0-63C81420D008}",NA,0,0,0,1,0
"{BE36F6ED-F8AE-4B5B-AA07-CC180C872C2A}",NA,0,1,0,1,0
"{D841BCA6-85AD-409A-B186-BD109E6510DE}",NA,NA,NA,NA,NA,NA
"{20F9B822-4B98-4C8D-9C86-24125AB9F33D}",NA,NA,NA,NA,NA,NA
"{D7F70D1B-2583-428B-ABA5-CA9554E4267C}",NA,0,0,0,1,0
"{8DADF1FC-8E03-4C89-8A81-54AD4B6FC491}",NA,NA,NA,NA,NA,NA
"{EFB0A795-D304-4730-9133-61A37E7EA899}",NA,0,0,0,1,0
"{913568CF-A959-44BD-AB16-443204A71EAA}",NA,0,0,0,1,0
"{2800DA5E-99A8-4CDE-A945-B7A14E7802F5}",NA,0,0,0,1,0
"{868B7DE7-20DB-4B6F-820B-263BF608C58E}",NA,1,0,0,1,0
"{AF2788AE-DA98-42F1-9F1E-E2835D3C1EC8}",NA,0,0,0,1,0
"{71EC3AE6-7721-4C50-A310-52FA99D30395}",NA,0,0,0,1,0
"{79B437A6-9AC2-4DA7-86B1-37B307C28984}",NA,0,0,0,7,0
"{EE28A3B9-AF9A-4008-ADD3-E5AEA0CEDC49}",NA,1,0,0,1,0
"{D1C1A333-99F0-4EB5-8C7B-FDEA6C9E98FE}",NA,NA,NA,NA,NA,NA
"{635A53BF-A8B9-49F6-8ED6-464BD06F9099}",NA,0,0,0,1,0
"{D37A6EA4-D265-45BC-ABB0-E7F89652A0F5}",NA,1,0,0,1,0
"{8302EC8C-FC80-461E-B26E-E37D3FB36337}",NA,1,0,1,1,0
"{38E3FBAD-8DDF-42EB-B2B0-A44757F82596}",NA,0,0,0,1,0
"{7E6E94A4-CAB0-46C0-8E42-0B07650D9D03}",NA,1,0,0,1,0
"{CDA88804-7403-4FB8-B4FA-2001803D882B}",NA,0,0,0,1,0
"{05391EE6-C58B-4738-A46D-B6233B73CE63}",NA,0,0,0,1,0
"{FFD8AAEF-927A-424C-B2CF-CEA6F69DBA15}",NA,1,0,0,7,0
"{7FC4835F-93B3-4211-9C94-028114C8908F}",NA,NA,0,0,7,0
"{48BF6F30-E62B-4B2F-A0D8-A804BBDC48F9}",NA,0,1,0,1,0
"{5E7E56A8-E48C-4BA6-BAFA-48913321DC45}",NA,0,1,0,7,0
"{C4FE6EE8-41F2-4BAD-A291-F27FFF5CDD74}",NA,1,0,0,7,0
"{0AFBDA65-E7EB-49FE-B3CB-0B4648E5A15E}",NA,NA,NA,NA,NA,NA
"{11543799-7D5E-487E-A8B0-FFFD0F94969B}",2,1,0,0,1,0
"{BE019630-8AE5-43F4-B27F-80C2BE2D8EF0}",NA,0,0,0,1,0
"{84E10060-8AFB-406E-8B13-025E15C82AC1}",NA,1,0,0,1,0
"{6F0BFCB4-82AC-47EC-BAB1-F67362956A63}",NA,NA,NA,NA,NA,NA
"{FA82AF02-E52F-4299-B93B-50259792EE9C}",NA,0,0,0,1,0
"{3D132BD9-50DD-4AC6-8328-31EF25D43920}",NA,NA,NA,NA,NA,NA
"{913212B7-3D31-4A08-8AA8-6DF0ABBECCC3}",1,0,0,0,3,1
"{F9EDA4B9-AA73-404B-AC57-A7DE472F3FDA}",1,0,0,0,1,0
"{DDD536A0-EEAD-4A49-BF3B-FF3876ECF99C}",NA,NA,NA,NA,NA,NA
"{C77DB160-6250-4706-B0A7-2649E311BE09}",NA,1,0,0,1,0
"{E0B6AFE5-0415-464E-A2F6-DDC8C65A3986}",NA,1,0,0,1,0
"{330CDEF5-421C-4142-8A06-A4A3A376C983}",NA,0,0,1,1,0
"{57ED2B81-8D16-4A56-8028-F0ADF6B43AA2}",2,1,0,0,1,0
"{8F165C91-5EA8-4462-AD97-67B1CDC68A0E}",NA,0,0,0,1,0
"{0BD9790F-BE07-4FCE-B2E2-B41235CA83F9}",NA,0,0,1,1,0
"{F734000F-AF75-4FA4-AC22-DB5B75AFC671}",NA,1,0,0,1,0
"{12AA2D65-4183-4896-B85F-6EC4C0FF1B81}",NA,0,0,0,1,0
"{A27CBFFB-153A-4B4C-B29C-A6447A83C7A3}",NA,1,0,1,1,0
"{D3695E61-0463-4335-A6F5-5C87137A000B}",NA,0,0,0,1,0
"{4BED36C9-95A0-4D3B-89DC-0B6A978E7FE7}",NA,NA,NA,NA,NA,NA
"{884C6AC5-3A2A-44F2-BB05-E994EA457306}",NA,0,0,0,1,0
"{7C256F3C-6097-4622-BE4E-3D2116B55258}",NA,0,0,1,2,1
"{BEB94647-E5FC-4496-9411-14C257EFBC45}",NA,0,0,1,1,0
"{4496253D-BCB5-410B-BA08-5776DB5B40EC}",NA,0,0,0,1,0
"{DABCFC1B-9AA4-46BB-903C-F83F0164BBFB}",NA,1,0,0,1,0
"{4AE21ADF-EB90-4B82-9D81-2EAE5A87930B}",NA,0,0,0,1,0
"{F7C1AD4B-0526-4953-AE97-76A422428A09}",NA,0,0,1,1,0
"{12BF0FB5-39FF-4DF0-9753-17EC8C1ECD4C}",NA,1,0,0,1,0
"{9E306F85-92BD-49B7-AB78-053DD79DD5EF}",NA,1,0,0,1,0
"{537485DD-A76D-42EF-9F26-CF756E2DFC1D}",NA,NA,NA,NA,NA,NA
"{8DC6DF00-6783-4D7D-A9A7-DB1346BE0B49}",NA,0,0,0,1,0
"{EA9B6DFB-C0A2-4BE7-8BAD-8D982B625985}",NA,NA,NA,NA,NA,NA
"{F3832FFD-64E7-40BE-B32D-2B90A32165E4}",NA,0,0,0,1,0
"{D862F222-F320-4903-994F-7804A9073F77}",NA,1,0,0,1,0
"{34BEE030-098C-44C2-B7EF-9080F939D398}",NA,0,0,0,1,0
"{379064E2-0AA1-4862-BB8E-89EA05289728}",NA,0,0,0,1,0
"{25B74EC6-2736-4D09-BABB-C0BBE4963F6A}",NA,1,0,0,1,0
"{4CB45B38-AA9A-49D0-AFB9-B6DC26B8D2E8}",1,0,0,0,1,0
"{65186499-2E67-428F-BFA6-098006B95130}",NA,0,0,0,1,0
"{DAFF09E1-E66E-4055-8A2F-2B824CA5DF51}",NA,1,0,0,1,0
"{2331EDEC-3A44-4684-918B-9CC796C9D1B3}",NA,1,0,1,1,0
"{8767B277-CC2C-4BCA-B334-85F1C4964C8F}",NA,NA,NA,NA,NA,NA
"{F54BE665-7437-4827-9ADC-033DFD1A121B}",NA,0,0,0,1,0
"{117B753F-2F30-48FA-9051-A5A79B380E70}",1,0,0,0,1,0
"{1E02E13D-4519-418A-AA51-2094A889E1D7}",NA,1,0,0,1,0
"{D9A73DD9-CE98-425A-9044-50788CD3D923}",NA,0,0,0,1,0
"{E9E9EEC0-0ABF-44D5-ABE4-11D54CAF96AD}",NA,1,0,0,1,0
"{BAF6C46E-4740-415C-AFF2-5F3F876A0CAA}",NA,0,0,0,1,0
"{DF7C80F9-2A70-4DB3-8D6C-22336D7B5AB7}",NA,1,0,1,1,0
"{10BC3266-6960-4D77-B401-C53A08AAC370}",NA,1,0,0,1,0
"{3E7F3069-75CE-4BC9-BEE0-4BE903BAD4B8}",NA,1,0,0,2,1
"{CFA52CB1-11EC-47A1-9504-6C733F536CA6}",NA,0,0,0,1,0
"{3EC65F1F-42C1-4358-BAFD-33EFEE1F467D}",NA,1,0,0,1,0
"{8DA25ABB-9234-4E14-AB4A-29BE90CA2381}",NA,NA,NA,NA,NA,NA
"{1DE7A3E7-53B4-4536-99FA-4CFA046CAA17}",NA,1,0,0,1,0
"{6912E798-34DB-434C-887E-9B5D5097DDD7}",NA,1,0,1,1,0
"{E109E515-E018-4330-9B33-B91441168D9B}",NA,1,0,0,7,0
"{00C76203-7AF0-4BF4-93E1-CFF4CD924A8E}",NA,1,1,0,1,0
"{C14C510F-2378-44C6-9BA2-3CADAD627256}",NA,1,0,1,1,0
"{78E5E25F-7395-40A8-8852-397978C078F5}",NA,0,0,0,1,0
"{ECF18130-4F02-4638-B655-81100069F89B}",NA,NA,0,0,7,0
"{758ECF66-023B-4EF7-B404-37114E388AAC}",NA,0,1,0,1,0
"{5E98E9AD-4762-40D9-8DE4-2C7A44551A0B}",NA,1,0,0,1,0
"{D31F85A9-9DFC-427D-9B5B-72ED55E82666}",NA,1,0,1,1,0
"{797AB24D-7D42-4D3E-99DF-9CD309263825}",1,0,1,0,1,0
"{888E8672-C607-4A9F-B8AC-CAF74C53D2CC}",1,0,0,0,3,1
"{15693211-477A-4EF4-8C16-44BF029EB14A}",NA,NA,NA,NA,NA,NA
"{0ABF6CF8-6619-4AAB-8419-EF6D3D69B147}",NA,0,0,0,1,0
"{7148967B-3414-4C41-9BC3-E8D18EEB3A7E}",NA,NA,NA,NA,NA,NA
"{3712684E-50FD-4FAA-AD3A-84F3B2F36BCD}",NA,1,0,0,1,0
"{6E20519A-196C-4846-8A39-FFCE7140F23B}",NA,1,0,1,1,0
"{8B3B7216-A784-49C2-B037-FB497E5EB449}",NA,NA,NA,NA,NA,NA
"{574F307A-10AD-45F4-976F-1358E9F5477B}",NA,NA,NA,NA,NA,NA
"{9FCE988D-AD9C-48B1-A3D0-1D0773DE1D1F}",NA,NA,NA,NA,NA,NA
"{BD7D9AF1-960E-4A9F-8098-97F85C0A1533}",NA,1,0,0,1,0
"{0708D6E0-422C-4448-8109-4D70BA463F51}",NA,0,0,0,1,0
"{D2123327-DACA-4D0E-AA13-8508489DA4FB}",NA,1,0,0,1,0
"{F0D47FCF-C6AB-44EF-BAAB-7FCBE26AEB78}",1,1,0,0,1,0
"{71CA943E-A7F1-44DD-9F57-F59067361F5B}",NA,1,0,0,1,0
"{CB1E2F56-F18F-4257-A871-358E32171B95}",NA,1,0,0,1,0
"{7657C450-5D9F-485C-B355-CAEA087D4B1A}",NA,1,0,0,1,0
"{2F34331A-A3BB-42FB-A7F8-41929332AFF9}",NA,1,0,1,1,0
"{21C3DD09-B65E-44C6-8065-46007D020443}",NA,0,0,0,1,0
"{3BC58457-5054-4B8C-A8C6-3367B8A886F4}",1,0,0,0,7,0
"{97A6B376-4774-46BA-81F7-7FADA21D61F5}",NA,1,0,0,7,0
"{383BD477-6948-4EC4-9AD1-BD5B82A8181A}",NA,1,0,0,1,0
"{62D87792-E47E-46C1-AD94-085B558CAD3A}",NA,NA,0,NA,7,0
"{AFC00470-5677-40EE-95D8-42DBA76EFB75}",NA,NA,NA,NA,NA,NA
"{E04B10E4-E0B5-4A7D-BF7F-B19B5FC9B9C0}",NA,1,0,1,1,0
"{1613F48E-9A07-4EC3-B0D0-FE774A24875F}",NA,1,0,0,1,0
"{F381E4F6-0808-485C-8177-B716B84BD078}",NA,NA,NA,NA,NA,NA
"{7753D406-998E-4BE4-BA83-34DA8CC28175}",NA,0,0,0,1,0
"{7F485C7A-058D-41D4-8C25-B16EF4CE14F2}",NA,0,0,0,1,0
"{431D2E69-C03E-4395-98AE-DFA89F88D342}",NA,0,0,0,1,0
"{D05F3995-EBCA-449F-B21F-D7C1CFB15E92}",NA,NA,NA,NA,NA,NA
"{23582E61-5CD1-4BAD-8412-F868EB617CD3}",NA,0,0,0,1,0
"{0AC38866-4EA2-45DB-B295-9D4B27797029}",NA,1,0,0,1,0
"{653CD19E-CF7C-4BD6-8B7B-CD493A0DFA3F}",NA,0,0,0,1,0
"{DDABC592-7265-431A-BC12-BEAAA09ABEBD}",NA,0,0,0,1,0
"{EBA5E5DF-7668-435C-98B9-4AC63566262F}",NA,1,0,0,1,0
"{923C77F8-334E-4634-9399-FA33A990E602}",NA,0,0,0,1,0
"{3FB6977C-CC44-4AB3-AF3C-54645733A440}",NA,0,1,0,1,0
"{4FFFEB4C-A56B-429A-8B06-2CB9C1D21732}",NA,1,0,1,1,0
"{19BAFD70-3F8B-4937-A62E-ED7BD085B69F}",NA,1,1,0,2,1
"{E7AB5F3C-5E42-4E04-94A0-1425209205C3}",NA,0,0,0,1,0
"{C07C042B-A483-4622-97DF-6805B41AD31A}",NA,0,0,0,1,0
"{97F343A4-AE08-4CCC-AF35-F759FDCF869D}",NA,0,0,0,1,0
"{46E681D4-E3D7-4D6F-862A-5D12A8564770}",NA,NA,0,NA,7,0
"{CC4B27E9-A8DF-4117-8D47-B5DA1EE47860}",1,0,0,0,1,0
"{EA75A464-FADB-455E-AEF0-375B045BE3CC}",NA,0,0,0,1,0
"{9E5BECA2-47E1-4274-ADC3-5D17C3DABC60}",NA,1,1,0,1,0
"{7F9AEB3E-3DB3-41A8-A2B9-80E0FB6BE225}",NA,0,0,0,1,0
"{DE7FB58E-19C6-4CFF-9619-FEC1206314D3}",NA,NA,NA,NA,NA,NA
"{E8680250-FD64-42FE-86CF-86DB6746AF8D}",NA,0,0,0,1,0
"{66DBA4B1-9B8C-42A1-9F09-71012993DF82}",NA,0,0,0,1,0
"{AF480CAF-2D9C-431E-83E6-11BE69034546}",NA,1,0,0,1,0
"{9850260B-16D6-4355-8A3F-834CB8C250FF}",NA,NA,NA,NA,NA,NA
"{7A21E34D-E5C4-4041-8D2A-0842005BD9AA}",NA,0,0,0,1,0
"{A313CC18-634D-4C83-B2C9-F9A3D1B09FBD}",NA,NA,0,NA,7,0
"{49C78250-4446-41D4-B488-AEF3039E5698}",NA,0,0,0,1,0
"{81BE4884-A2C7-4F29-91E0-09E00EC3534C}",NA,1,0,0,1,0
"{AE16E2B3-9EB1-485E-89CA-E91D24C2F300}",NA,1,0,0,1,0
"{12F6FCB9-BD8E-4786-A813-366C28AC5F3F}",NA,0,0,0,1,0
"{4F5C2947-5888-40D8-9200-E4883BC2D003}",NA,0,0,0,1,0
"{0A2E7A76-1EFD-414F-BC79-12A5D37F74FD}",NA,1,0,0,1,0
"{C05FAC3C-8301-4E65-9589-0CA580BE274F}",NA,NA,NA,NA,7,0
"{BF69CA5F-EF6E-4A1C-A144-72084AEA2D7F}",NA,1,0,0,1,0
"{F8D45916-1884-439A-909B-0744550F8CF9}",1,0,0,0,1,0
"{92A105B1-9A3A-40F0-B44C-1F9D9E599BDF}",NA,0,0,0,1,0
"{C008E95F-3E36-46DC-8614-FD51D787F44C}",1,0,0,1,1,0
"{971C8A17-9236-4063-A47A-3BC9D3290B00}",NA,0,0,0,1,0
"{3B8F1CC4-DC10-4300-AB81-CE424CD6CC03}",NA,0,0,0,1,0
"{FB87EB16-DE68-4E1B-BD10-C60002D70BC3}",NA,1,0,0,1,0
"{DF82979D-6481-4970-9604-B052188984D5}",NA,1,0,0,1,0
"{0939937D-1860-4FCC-80A6-9A743F7B1A7A}",NA,0,0,0,1,0
"{BDE59D61-5AE1-4782-8281-4CAB72AC3DA1}",NA,1,0,0,1,0
"{D20E1D47-9795-4D3E-917B-0F6EDF5674E7}",NA,1,0,1,1,0
"{F88FEE9A-A2E9-4D85-93C5-086EAD011362}",NA,NA,0,0,7,0
"{E577C5A5-17A9-4D14-8E41-E3516EC1108A}",NA,0,0,0,1,0
"{F473E993-DF17-4033-857A-05E4CD82937A}",NA,0,0,0,1,0
"{D52DE973-75FE-425B-B30E-0949959FB365}",NA,0,0,0,1,0
"{150CC90A-3287-47E1-8062-B5A1B391D947}",NA,0,0,0,1,0
"{9B24A281-CD02-4661-9DC7-8FC7D2029DB5}",NA,0,0,0,1,0
"{BABB534C-B72B-434B-B8F8-2EE378FDC323}",NA,NA,NA,NA,NA,NA
"{325B6DD9-4692-4930-8773-708A9E6DB3FA}",NA,0,0,0,1,0
"{D208FB57-9D1C-4241-8A81-674DE27F7FA4}",NA,NA,NA,NA,NA,NA
"{2C9692AE-8C0E-4B64-A6BF-42727CD4C6AB}",NA,0,0,0,1,0
"{8A80FE1C-D170-4C76-BB9B-96A6A02930A2}",NA,1,0,0,2,1
"{D87BD4D9-69DA-4756-9DFA-D0649C405519}",NA,NA,0,NA,7,0
"{170D1B1C-F3E6-476B-818D-C7BE979238AE}",NA,0,0,0,1,0
"{E0D3B866-C867-4C0B-BE00-1532F42C8180}",NA,0,0,0,1,0
"{CF5CEBBF-95B2-46A7-97C8-53568E156A7D}",NA,0,1,0,1,0
"{648286AC-1B6E-415F-8E9D-1AAC84BBE5AC}",NA,1,0,0,1,0
"{450BAFCE-BDB6-4330-9241-A3A06E29796F}",NA,0,0,0,1,0
"{1648C708-A3AE-4867-B206-1377F684D88B}",NA,1,0,0,1,0
"{BA14A6E0-2E34-48C7-9E07-B840C646AC1E}",NA,0,0,1,1,0
"{9F0C8CD4-D979-46DD-B647-108AC03FDA97}",NA,0,0,0,1,0
"{7D26E3DE-9A61-4F08-B34E-B25B92C9EB6E}",NA,0,0,0,1,0
"{B624E4E1-3983-4AC5-9784-2C54C98AA360}",NA,0,0,0,1,0
"{C626D244-E832-4F59-A331-39B94D66540C}",NA,NA,NA,NA,NA,NA
"{B0E5F613-0D21-4A31-B739-621BB8D29B23}",NA,0,0,1,1,0
"{7E5EEF22-9C34-415A-9B09-24CD3F3B7ACF}",NA,NA,NA,NA,NA,NA
"{1B5C7F70-5425-434F-91DC-1BCF6CE92A81}",NA,NA,NA,NA,NA,NA
"{A5C67C87-2FD4-4C51-BEAA-76C7D8FF9B89}",NA,1,0,0,1,0
"{04C7E982-6200-44E3-BE74-B7A4D274A80D}",NA,NA,NA,NA,NA,NA
"{4DD573A0-550E-4B4A-85AC-200997EEF4A2}",NA,0,0,1,1,0
"{540446E9-D6A2-44D7-9384-D9369A7C1636}",NA,0,0,0,1,0
"{A670B9B4-7D08-4B48-876E-06944708C64C}",NA,1,0,0,1,0
"{4E2600B2-3245-49BA-BF00-2DB964978431}",NA,NA,NA,NA,NA,NA
"{295BB8C1-E9DB-418F-AA8F-AC819C50E70F}",NA,1,0,0,1,0
"{744B8F34-09C0-4BC4-A1B5-4DC41C401B3E}",NA,NA,NA,NA,NA,NA
"{54416E65-2863-45ED-83C3-BB347F328A70}",NA,0,1,0,1,0
"{1D196003-A714-4C41-BFC4-3B11CBAA2877}",NA,1,0,0,1,0
"{66F94981-5CC6-4E05-8A4F-4F3D89CEFD9D}",NA,NA,NA,NA,NA,NA
"{4A7D1959-28FF-4B7E-BA3C-59F182A9EAC8}",NA,0,0,0,1,0
"{945B0882-6A3A-4F5A-A10A-665E77E49230}",NA,1,0,1,1,0
"{E3D73486-3819-429B-BB09-105D578207BB}",NA,1,0,1,1,0
"{7C2EE6A2-8CEA-4F49-9743-A7E04A466F6D}",NA,0,0,0,1,0
"{CA93810F-86F9-435D-B8A2-C64257DBABEC}",NA,1,0,0,1,0
"{D0544E94-4A56-47FC-807D-30280263BF56}",NA,1,0,0,1,0
"{667DC676-ABB8-49E0-820C-B64E16050DD8}",NA,0,0,0,1,0
"{6CE07CEC-4489-48E6-8D92-426BC591A9A1}",NA,0,0,0,1,0
"{BFA58A53-8AAB-4C89-B3E7-0AFFA588B291}",NA,0,0,0,1,0
"{4853348F-8BA2-4C41-A4FD-685A3FC12F3C}",NA,1,0,0,2,1
"{7ED29D1F-CEDF-4157-9479-A1930FDA83AD}",NA,0,0,0,1,0
"{8C300BAA-C8AA-4738-A9A7-1CF20D3E9771}",NA,NA,NA,NA,NA,NA
"{306B17DF-923D-40D4-994D-95FDF56B5407}",NA,0,0,1,1,0
"{DAB30352-C161-46CE-9C6B-9E01262479C1}",1,1,0,0,1,0
"{1D514365-A21F-40C7-8118-E508B4668CD4}",NA,NA,NA,NA,NA,NA
"{A84C35B2-9557-41AB-BB89-4D5ABC4F191B}",1,1,0,0,1,0
"{3C84E456-5ACC-4C97-992B-8E101D7BD99D}",NA,NA,NA,NA,NA,NA
"{D788F7D7-4D2E-4B93-BE44-BA20654D819C}",NA,NA,NA,NA,NA,NA
"{D3E78440-28FB-4FE0-A89C-B85DA943AA3C}",NA,1,0,0,1,0
"{A27186E3-0891-4CAF-9BD0-9B02B4845F92}",NA,1,1,0,1,0
"{F3D1F800-62F3-4AAF-A776-0EA0EBA9C2FD}",1,1,0,0,1,0
"{913EE112-8334-43B1-81E8-FCE432EEE3B6}",NA,NA,NA,NA,NA,NA
"{BFAA711D-C8E5-4744-8B4B-F5D5A500C29B}",NA,NA,NA,NA,NA,NA
"{AFA8B6C6-A1F8-4B4F-B0C2-D44AC75E5CA3}",NA,0,0,0,1,0
"{89BD53EB-643B-4DB9-8CDE-92D98CBD9525}",NA,NA,NA,NA,NA,NA
"{625A27F4-933E-4A8B-AF63-EE6B1519C5D3}",NA,NA,NA,NA,NA,NA
"{F7FCF0A6-9FAE-4120-8632-A0878D0CE49F}",NA,0,0,0,1,0
"{13B9B147-A1EB-42BF-9963-32C7B50D49EE}",NA,0,0,0,1,0
"{5392DEC8-028C-43CB-9B75-FD510EF3F111}",NA,0,0,0,1,0
"{3E51BF96-348C-4354-B201-BCE8ADC90AE8}",NA,1,0,0,1,0
"{B07AED7E-ED04-4DED-BEA3-6B421346C09D}",NA,1,1,1,1,0
"{28D79D29-6AFC-4E5F-9314-2D4FD98AB0E6}",NA,0,0,0,1,0
"{647F7A2E-4985-4EAD-8748-16270EB55FF5}",1,NA,NA,NA,NA,NA
"{66DC3516-3B35-41FF-AB1C-6951A5D6B91A}",NA,0,0,0,1,0
"{DEDB131D-9768-4634-997F-1136D0B0988E}",NA,1,0,0,1,0
"{035A978E-B09A-40D6-AAAA-6CC08AE083F6}",NA,NA,NA,NA,NA,NA
"{564CF611-77E1-475C-991C-555F81BCC4EA}",NA,NA,NA,NA,NA,NA
"{B3ECFFF8-2DD1-42D9-B1E2-E97D16A00569}",1,1,0,0,1,0
"{8AA8CA4D-4268-4DFD-914C-DEC24E63284C}",NA,1,0,0,1,0
"{FE15255F-828C-49EA-8C20-BD28175A1D90}",NA,0,0,0,1,0
"{36581EC8-4F58-4F2E-A150-AD065822D6AC}",NA,NA,NA,NA,NA,NA
"{D71A3469-CE65-49AD-91ED-64B979650DC7}",1,1,0,0,1,0
"{69DFB570-F52B-4A56-A384-C2494F8BA598}",NA,NA,NA,NA,NA,NA
"{C05C7F95-9171-45C3-86EB-53D16D69F76D}",NA,1,0,0,1,0
"{98881684-24C1-4BF6-AAB4-41A9BC9B2320}",NA,0,0,0,1,0
"{48083EB3-950F-4D27-B5FC-2CDEF1AD2FDF}",NA,0,0,0,1,0
"{0F8ACEF9-6E64-43E5-910F-B0960502F019}",2,1,0,1,3,1
"{7DE8F861-89DB-4F87-B276-F542FF64C3D6}",NA,0,0,0,1,0
"{E134B357-DB56-489C-8740-C7B44B40CF44}",NA,0,0,0,1,0
"{AC25875A-39D9-44DA-9DBC-429291365F92}",NA,NA,0,NA,7,0
"{27822964-83EF-4C80-AD52-1F90E7816FE1}",NA,1,0,0,1,0
"{E20334AB-4F6E-4CD1-8700-C1CA8C3DDCE0}",NA,0,0,0,1,0
"{64EDFEE9-F91F-4F17-8110-E398D8C9F8D7}",NA,0,0,0,1,0
"{F3BB645E-C0DB-413B-97C1-4E33B0A5A3D4}",NA,1,0,0,1,0
"{3119E9EB-2248-4E6F-9064-719F1ECE7902}",1,1,0,0,1,0
"{D3ADD6CC-1DAB-4902-87DF-6504C2978AD3}",NA,1,1,0,1,0
"{770DBA9F-DAFA-449E-9644-BA9340D874DD}",NA,1,0,0,1,0
"{6B4F4982-1909-4E4E-9928-037BCFD0A6F0}",NA,1,0,0,1,0
"{BB4B634A-3B5E-4C70-8AC6-19902558A4B5}",NA,0,0,0,1,0
"{B01CE098-63D1-41FB-9973-8424FE55FB1D}",NA,0,0,0,1,0
"{E162F04E-5F29-4303-811B-70A02BCE6302}",NA,0,0,0,1,0
"{F0BA8FA2-DEF9-4BA7-977D-1DAF25761D48}",NA,0,0,1,1,0
"{49F42AAD-C303-4C23-B32F-8E09683F80D5}",NA,NA,NA,NA,NA,NA
"{98F1D319-2202-42B5-9F04-D3092DA1000D}",1,0,0,0,1,0
"{411D7752-4D04-4812-82B3-9200095517A5}",NA,1,0,0,1,0
"{96BF1526-8CED-4DC9-98B1-313AAED84758}",NA,1,0,0,1,0
"{8CC48C13-026C-479F-ABB3-3318D9C9671F}",NA,0,0,0,1,0
"{8B1A43E1-4E77-42BC-AE73-E468977C50F1}",NA,1,1,0,1,0
"{39C26710-8A19-4880-8F22-EC869C7B858F}",NA,0,0,0,1,0
"{ED0EA1DA-D50A-4B22-8B21-67DE6EB1EA20}",NA,NA,NA,NA,NA,NA
"{8D2E2B26-9049-470F-815D-A3D3A42D01FF}",NA,0,1,0,1,0
"{D8A04DCA-0C49-4B2D-B5D3-86F25EB2B2D1}",NA,0,0,0,1,0
"{F9B6FC76-0E03-4FB6-BA66-C559FD64EEEB}",NA,0,0,0,1,0
"{ABC33939-A0AF-444E-B78B-D82FFC293212}",NA,1,0,0,1,0
"{BD2884BC-8204-4E50-B555-502B284ADB3E}",NA,1,0,0,1,0
"{BD778196-F716-40B7-8547-9B0C3E9AD99D}",NA,0,1,0,1,0
"{5176BE60-9A36-4DC1-B429-FA5532B4370E}",NA,1,1,0,1,0
"{0CED370A-B315-48C3-BD2E-926EA5407081}",NA,0,0,0,1,0
"{7F07B30C-D1D1-4BBB-88C4-83810926926D}",NA,NA,NA,NA,NA,NA
"{0A5EB8D4-28B2-40C9-8BB0-D26416278966}",NA,0,0,0,1,0
"{E4892D5F-8130-4503-A904-4D4ABC54238B}",NA,1,0,1,1,0
"{7CF28A33-8FBC-47D9-9569-92E6BFF13892}",1,NA,NA,NA,NA,NA
"{150175E6-CD4B-4134-B043-18E494EF0B49}",NA,1,0,0,1,0
"{BB28B65F-FDC5-4430-8AA1-B6F154A5E3CB}",NA,1,0,0,1,0
"{284F8B5B-3F05-4E85-BE24-9E43D0CFB9F5}",NA,0,0,0,2,1
"{6CCAAB75-9F28-4DB4-8ED6-3FE6791AD7CD}",NA,1,0,1,1,0
"{FAC098FC-E297-4D27-AE75-E17DD8830B7D}",NA,0,0,0,1,0
"{D54CD088-DAF4-42FF-8657-01268A34B624}",1,NA,NA,NA,NA,NA
"{EADBC90C-7CF9-4B26-9CB9-5C71463E406B}",NA,0,0,0,1,0
"{9399F2F3-D6B4-4A6E-BE33-C0E9D28FF41E}",NA,1,0,1,1,0
"{B9314613-C872-47EC-9F68-159C22BEE8DB}",NA,1,0,1,1,0
"{D6974089-F92E-4D2C-8B21-AC1AE38E9C75}",1,0,1,1,1,0
"{44065E84-3340-4C17-9564-A44FDA59169E}",NA,0,0,0,1,0
"{3380DC84-99C1-499B-948F-4AE7CA2FD92C}",NA,0,0,0,1,0
"{E736AAB8-A380-4786-9183-1AD21946B0FF}",NA,0,0,0,1,0
"{BD4C9E14-EA2A-4017-8B59-414F3C355F1F}",NA,1,0,0,1,0
"{604AB713-0B1C-4612-B09E-B17F508C017E}",NA,1,0,0,1,0
"{CBE74B15-A669-4323-8EC4-3BECC3CBBCEA}",NA,0,0,0,1,0
"{1B6E82D2-8225-4B62-9831-4AADBB20DFEA}",NA,1,0,0,1,0
"{03F3CE60-9F3D-48F3-92E1-EDC369136A40}",NA,1,0,0,1,0
"{75E4689C-5C74-48CE-8DF0-538D3FB10EAF}",1,NA,NA,NA,NA,NA
"{72F8DC4C-4195-4256-A7F1-AA824BC97E85}",1,1,0,0,4,1
"{164EC48B-AE07-48B7-9C65-12EC344E74D3}",1,0,0,0,1,0
"{DF88CFD3-24B2-4931-B48C-2C03489D9311}",NA,NA,NA,NA,NA,NA
"{FFFA5F34-2AB4-435E-A1B6-B7E97CAC19E4}",NA,0,1,0,1,0
"{22294D50-BB51-4815-8530-CA0F47DFAF2D}",NA,0,0,0,1,0
"{4DF2DDDB-FCCD-40A4-880F-B0B70B5A5F9E}",NA,1,0,0,1,0
"{77F0209C-BD28-4B8D-B507-3024522838CF}",NA,0,1,1,1,0
"{9E2648CF-FF7F-44CB-A725-F4D09274732F}",NA,0,0,1,1,0
"{ED5BEA9F-009E-4ACA-894D-6DBC6C9E9F9E}",NA,0,1,0,1,0
"{A0FAC964-9110-4671-A14E-A6CFF3D6F4C2}",NA,1,0,0,1,0
"{D1A1D3D9-DAB1-4E4C-82B6-7448BF9A4FFC}",NA,0,0,1,7,0
"{A1A0EF33-D815-45F9-820A-24B84997F196}",NA,1,0,0,1,0
"{B872088B-8059-4DAD-B647-F48567688A50}",NA,1,0,0,1,0
"{5D3898C5-EFFA-406E-A0F6-056930EF7065}",NA,1,0,0,1,0
"{E9857A7F-2B32-4D7F-ADEB-52EB41E70FBE}",NA,NA,0,NA,7,0
"{AEE61112-973D-4AFD-8210-1E1471AF3A16}",NA,NA,NA,NA,NA,NA
"{C480D0F1-309E-4465-9511-2E8B0608C020}",NA,1,0,0,1,0
"{CBC8AD4A-A8A3-4D20-86CF-D7DBB4183091}",NA,1,1,0,1,0
"{4E37C8B1-68F8-4EF4-B6FD-532D35272388}",NA,1,0,0,1,0
"{79323C4D-848C-4EC9-91E4-FAC687C44FFE}",NA,1,0,1,1,0
"{507D76AD-BD79-4161-B4E4-87CABD372A97}",NA,1,0,0,1,0
"{040553CD-B7AE-4D2C-B621-29C4BAEB6256}",NA,1,0,0,1,0
"{92A87BF4-67FE-4F18-BAFF-5AB15C95B96D}",NA,NA,NA,NA,NA,NA
"{2E8DD486-01B8-440C-B6FC-F1C3E7562436}",NA,0,0,0,1,0
"{C5A94445-4740-44B7-85A7-603ADCA2EC7F}",NA,1,0,0,1,0
"{5EE3E6DD-9D39-4E9B-A71E-D00ED7CF4CE3}",NA,0,0,0,1,0
"{2B251F76-90D9-48BD-8CCF-03AA85B07B19}",NA,1,0,0,1,0
"{E19EB7BD-D256-4348-B107-51ADD9D0B291}",NA,0,0,0,1,0
"{8E08FC9D-C7D2-4DFE-8DCA-90F9CCCA1DAB}",NA,0,0,0,2,1
"{DCD15381-6BD5-43C8-B089-E540BAF9A340}",NA,0,0,0,1,0
"{ED6500DE-1E73-4EE7-A577-F24AD6F2AB8C}",NA,0,0,0,2,1
"{795771FD-A41F-4C7A-AFED-88431FF2D689}",NA,1,0,0,1,0
"{523B0845-E9D3-45EF-87F6-D7B347189DA4}",NA,1,1,1,1,0
"{856E83DB-4D89-4588-8347-1DD8F64FE86A}",NA,1,0,0,1,0
"{05599C56-FB3D-4C1F-8944-DD34CC212258}",NA,1,0,0,1,0
"{85BC8EDA-64CA-461C-AF3B-F6534D2E3136}",NA,1,0,0,1,0
"{E2E60A37-B79B-4690-9FD3-5426D76A091E}",NA,1,0,0,1,0
"{04F80A89-5B2D-49AF-88C6-08C2580E2871}",NA,1,0,0,1,0
"{872118C8-7A04-42F2-B585-7B1BE9727514}",NA,0,0,0,1,0
"{2EF92CD0-54E0-4A1B-9A9F-F316608A4E2C}",NA,0,0,0,1,0
"{A1A696E2-1F15-4D79-B0BE-96D22CBF2A70}",NA,NA,NA,NA,NA,NA
"{CE8D5DB1-E63B-4649-A5A6-FC9143364A05}",NA,1,0,0,1,0
"{89CB936C-D023-4B22-88C2-6D1A7A10EDF1}",NA,0,0,0,1,0
"{3CB2A9F2-7548-4086-A4AC-B062CED765C0}",NA,1,0,0,1,0
"{24B7B9C5-EF48-476E-92A6-5E7583B83863}",NA,1,0,0,1,0
"{3959C723-D03C-42DE-8960-101EEE87DAC9}",NA,0,0,0,1,0
"{B4E69211-7C59-48E6-A9DE-62DAA0D1FCCD}",NA,0,0,0,1,0
"{9D5D85D8-47AB-4B1B-8B04-3FF6A01BEB6A}",1,1,0,0,1,0
"{5C3E1E50-9C21-4726-8644-0D5154ABC471}",NA,1,0,0,7,0
"{82BDD69D-6284-4EBD-9D1D-AEE1D41942F9}",NA,1,0,1,1,0
"{2398051F-BA1F-48F5-81E1-6742B39779A0}",NA,1,0,0,1,0
"{0D908B25-93A3-40CE-8F2B-324C7132ED16}",1,0,0,1,3,1
"{9450B45F-1BD5-40E7-AFAA-7DE2CF4FC6C5}",NA,0,0,1,1,0
"{DD2C3F67-88C0-4FC6-A9D1-9FCBE6A405DA}",NA,0,0,0,1,0
"{862D0F23-0D22-4839-8F23-C7F5828CAFAD}",NA,0,0,0,1,0
"{E6C25BA3-A8E8-49A5-BFA6-E21195DCFF65}",NA,0,0,1,1,0
"{E1B89310-DE10-4C45-B538-BA432A3F8196}",NA,0,0,0,1,0
"{2B9009F8-E39B-47DA-903C-CF9E39F08D05}",NA,NA,NA,NA,NA,NA
"{AFB49653-EF16-4DCC-87EC-832A9D4B2521}",NA,0,0,0,1,0
"{96C5D58C-9A04-4827-A829-E646215D546D}",NA,0,0,0,1,0
"{B2C2169D-C011-43C5-BB5C-8F5C055328D3}",NA,0,0,1,1,0
"{BA6710B6-D128-4A4A-AB4D-2FA4EDFDB2EA}",NA,NA,NA,NA,NA,NA
"{88DD63DA-8A9E-4B30-87C6-12B7714ABF04}",NA,0,0,0,1,0
"{E2802ECC-6FBD-43AA-B347-70FB0799D30F}",NA,0,0,0,1,0
"{40A80B7F-2229-4ECC-B99B-76D81A91CCAD}",NA,0,0,1,1,0
"{73CD2713-100C-4D95-9288-1473DE6B585C}",NA,0,0,0,1,0
"{EA95222B-AB94-40C2-B965-DA61A41911E7}",NA,0,0,0,1,0
"{30280258-55F5-42CB-B221-F0355489A3BD}",NA,0,0,0,1,0
"{9A6F0F91-AFDC-4173-B91C-2418B742B0BA}",NA,1,1,0,1,0
"{488F7A04-4774-4E7B-BC17-C846683CECD5}",NA,0,0,0,1,0
"{9F2EDD5B-ED78-4969-B935-EB81CA3BF0B4}",NA,1,0,0,1,0
"{DD7373BD-302E-4E02-AF6C-99C068A130BF}",NA,1,0,0,1,0
"{826C483A-362A-4D04-ABFB-C2E18C953E34}",NA,NA,NA,NA,NA,NA
"{CFD3AAAC-9530-4ADF-8328-C2B230EE113D}",NA,1,0,0,1,0
"{C4226F96-00BD-4AFD-B0C7-38A417AD5F8A}",NA,0,0,0,1,0
"{9BBA07DD-CCA2-4A32-AF43-2BBC2F330CFB}",1,0,0,1,1,0
"{6B06F1E0-3EFC-44F6-87FC-EEDF04A649E2}",NA,0,0,0,1,0
"{07E5DCD3-9D46-4604-A634-17D5A0FE50EA}",NA,1,0,0,1,0
"{2F2DC0C3-3060-4C58-AA16-B0D33076E5DF}",NA,0,1,0,1,0
"{E98A243A-6379-4B10-A41F-8C9F48DDB7A8}",NA,1,0,0,1,0
"{3CBE9728-DBC9-4CE8-A45E-49FAA8FFC108}",NA,NA,NA,NA,NA,NA
"{BC4CF5C4-E099-4213-95E2-A79E48ADA6A5}",NA,1,0,0,1,0
"{4D9A6917-DC87-4372-B4FC-C0E96BAD751C}",NA,NA,NA,NA,NA,NA
"{E0175504-B319-47F4-9457-BC42B215F88F}",NA,NA,NA,NA,NA,NA
"{B85A9E7D-158E-4DB9-A560-894DA80833AF}",NA,0,0,0,1,0
"{09B04FD7-6851-491E-98E1-D97356151046}",1,1,0,0,1,0
"{2E88F71A-A11A-4793-BC65-E2460C8700B6}",1,0,0,0,1,0
"{16F184C8-A583-4C53-B96C-139808C33406}",NA,NA,NA,NA,NA,NA
"{E66C45BA-EB32-4BE5-8704-AF36B63C80C8}",NA,NA,NA,NA,NA,NA
"{9DEA54CC-4DC4-4FF3-913D-D58DB69CEE00}",NA,1,0,0,1,0
"{DFB24AF7-C8F5-4B04-92EF-48B100AC7E25}",NA,1,0,0,1,0
"{5A865417-480B-43FE-8F83-80DA2FA27FE0}",NA,1,0,1,1,0
"{DFAC40DF-252F-40BF-81F3-34AED93F4C9D}",NA,0,0,0,1,0
"{DED86491-D204-4D41-9704-F7AC52606512}",NA,0,0,0,1,0
"{B3465559-CCA5-48AC-8109-146E27C98914}",NA,NA,NA,NA,NA,NA
"{7626B59D-757B-4404-BA67-A1C069DB8FFD}",NA,1,0,0,1,0
"{4676A0BB-9DCB-4944-8F46-9CD1AD9953D9}",NA,0,0,0,1,0
"{C7CDFBCB-2ECF-4548-9887-31503921C386}",NA,1,0,0,1,0
"{1E76304B-0181-4A4F-95E7-226A91507C30}",NA,1,0,0,1,0
"{BB15478F-CAF2-408F-88E9-D16781437626}",NA,NA,NA,NA,NA,NA
"{0B3F759B-1F00-485C-808A-9B618222E001}",NA,1,0,0,1,0
"{9F6219BD-45BD-4D05-96C9-068C786DA930}",NA,0,0,0,1,0
"{384DF147-E2CF-46D3-BC19-A2EA817708B4}",1,1,0,0,1,0
"{45689789-5B6C-423E-A65B-FA0E572ECFD7}",NA,0,0,0,1,0
"{F4600B69-FD2E-4A72-86BA-D414C3003D0B}",NA,0,0,0,1,0
"{DADD8AAB-FDF9-4BE4-B26E-E0927A03AAAE}",NA,NA,NA,NA,NA,NA
"{14E9D777-9FCD-49EC-934D-2BFE5CCE59EE}",NA,NA,NA,NA,NA,NA
"{CC9091ED-639A-418C-AD24-6D26C4B6E695}",1,0,0,0,1,0
"{3B777A5E-0BEB-4046-B1C4-3FF52758007C}",NA,1,0,0,1,0
"{CD8105AA-E2F5-4750-B731-4D80DF012755}",NA,1,1,0,1,0
"{A2EB1EAB-8CBF-47DF-B14A-CC9E66804977}",NA,1,0,0,1,0
"{FE2D7C13-4B84-46DF-9F31-C19D313BADA9}",NA,0,0,0,1,0
"{C5813905-C4AA-4812-BA68-3B2BCF659E74}",NA,1,0,1,1,0
"{9BC0EF38-D575-4FDB-AD22-9D272EBDBD44}",NA,NA,NA,NA,NA,NA
"{8397C6D7-68F7-4434-A22C-5FB40EE34229}",NA,0,0,0,1,0
"{0FC36B15-36CB-4293-A0A9-68E3A627D1B1}",NA,0,0,0,1,0
"{B896793B-E45F-42FE-9921-FA15E0820F33}",NA,1,0,0,1,0
"{7257D6E5-A8FA-441B-AEA2-71D07C7577B5}",NA,0,0,0,1,0
"{074A50FD-A0C2-4C51-90FA-CA135BD83E8F}",NA,0,1,0,1,0
"{6C46BC54-50D2-4436-99F2-FAA918E206AC}",NA,0,0,0,1,0
"{78B6419D-5B0E-4AC9-93EA-562E4F9E8F5D}",NA,1,0,1,1,0
"{368FA7A4-8B32-4DE6-8094-E460612E78F9}",NA,0,0,0,1,0
"{350FBD5D-0275-4704-BE59-2CDD3A3A4B9E}",NA,0,0,0,1,0
"{F2B40D9C-AABC-4FC3-A048-16A2618C0BE3}",NA,NA,NA,NA,NA,NA
"{B88E426D-70B7-4CB6-95C7-43C97AD7F8A5}",NA,0,0,0,1,0
"{14FA3213-6679-4BD9-8B91-7A6E168E9CA7}",NA,NA,NA,NA,NA,NA
"{8DD91AF3-4F31-4F2E-B3FC-E78607B4CDB2}",NA,0,0,0,1,0
"{0AC102D3-B1A4-4323-BDDD-E44C4110D97A}",NA,1,0,0,1,0
"{1079DF9C-43A7-4612-90D3-E585EE81506A}",1,NA,NA,NA,NA,NA
"{02A0168D-E23A-4CD7-A9B3-26BFF3BAD6E1}",1,NA,NA,NA,NA,NA
"{546EEBFE-5A8A-4499-AAB5-DF0522CC3C33}",NA,0,0,0,1,0
"{9BE6915B-02BA-4584-A929-7E9F100D63BE}",NA,NA,NA,NA,NA,NA
"{23540B37-871D-47DE-BB23-217622A9DB9E}",NA,1,0,0,1,0
"{B1078A1B-FEFC-46A5-ACD8-B89575D6E4FF}",NA,NA,NA,NA,NA,NA
"{CFEB4BE5-0B64-4457-8918-2D3BFFB3BF3F}",2,0,0,0,1,0
"{D36C0BF3-F900-4E65-A4C0-8BC91A786060}",NA,0,0,0,1,0
"{AA9CCDFE-64F8-42C6-9D51-83825CF6F20B}",NA,0,0,0,1,0
"{5C07D849-1743-4FBB-8754-6CC3E7C172D6}",NA,0,1,0,1,0
"{4D9C3A62-AB6D-4D0F-BC61-279A54994A48}",NA,1,0,0,1,0
"{39DEC669-761D-4099-8A0F-55D16BEAF9EA}",NA,NA,NA,NA,NA,NA
"{F2A16BED-DE3F-454B-B421-2A0CDB2BED74}",NA,1,0,0,1,0
"{DE9B0BC0-7343-4B0C-AA4B-3032704675AB}",NA,1,0,0,1,0
"{066CC98A-B1F1-4E7C-BBD2-550C58A468E7}",NA,0,0,0,1,0
"{D3E8A590-9408-40B0-A2DE-18C3F302765F}",NA,1,0,0,1,0
"{AD01791A-76D0-4A76-9469-554EFAAA375B}",NA,NA,NA,NA,NA,NA
"{53564AFB-D624-4EEB-950E-BE976600A846}",NA,NA,0,NA,7,0
"{07513887-1EB7-47D2-948D-4B33E15F876D}",NA,0,0,0,1,0
"{09D8DB47-2B75-4E5D-B693-E4033158ED64}",NA,NA,NA,NA,NA,NA
"{02F376EF-66DD-43B6-BE67-9842F950168F}",NA,0,0,0,1,0
"{BC6E0514-8E75-4762-8E07-39BD4228A641}",NA,0,0,0,1,0
"{37FCAF90-69C3-46C6-8063-E4A12F82FA5E}",NA,0,0,0,2,1
"{65F7C088-0BE4-49A3-9464-038954C6BFF8}",NA,NA,NA,NA,NA,NA
"{B29B56F3-76E0-472A-BBF1-CDA1B8CA281C}",NA,1,0,0,1,0
"{A6BA7955-E292-4662-8416-2C26E53B0F94}",NA,0,0,0,1,0
"{D2CAECA3-61D9-492B-97B8-1F0D84192FF3}",NA,0,0,0,1,0
"{D556593B-6329-4EB4-9BB2-F756EB656A72}",2,0,0,1,1,0
"{A39E85A5-E397-47BE-B6A1-A1EEBB63FB3A}",NA,0,0,0,1,0
"{89BF1706-5AAF-4F36-BE53-5D217D2518F9}",1,0,0,0,1,0
"{CE7B4F0C-A76D-4062-8A57-23796B4AD961}",NA,0,0,0,1,0
"{E1202737-74F6-4B64-AD6F-03875BEF609C}",NA,0,0,0,1,0
"{D0851819-418B-40DB-94BC-4933077FBCD7}",NA,0,1,0,1,0
"{2023FE41-E5D4-4C45-92B6-9F3F81358C35}",NA,0,0,1,1,0
"{217E9C4C-8E32-4EE5-BC41-0622C1E83DA2}",NA,1,0,0,1,0
"{2D382083-50B2-4BE2-B15B-3EC8F6A0120C}",NA,1,0,0,1,0
"{98CE2859-F92E-4376-AD69-23DB23333C03}",1,1,0,0,1,0
"{058ACA0B-C050-4E93-AC89-EFD63FB9E8CB}",NA,0,0,0,1,0
"{956471A0-0B9F-442B-9716-A18CD230A456}",NA,1,0,0,1,0
"{AF3E26FD-F4DF-4193-8134-82357785056E}",NA,0,0,0,1,0
"{11D23C81-E21E-44D8-9962-489C5C4A0261}",NA,0,0,0,1,0
"{69D21AD4-6C41-4F7F-8D8E-0356DEF959E0}",NA,0,0,0,1,0
"{6BD97A49-190A-4ECC-82CB-858D0415851C}",NA,0,0,0,1,0
"{96DF9C78-FED7-4056-9720-A0C6091BEA33}",NA,0,0,0,1,0
"{F31AA66C-6EAB-46C1-B2DC-346E232638CA}",NA,NA,NA,NA,NA,NA
"{189D44EF-A5C9-40F3-BC79-6BA143D371B1}",NA,NA,NA,NA,NA,NA
"{7CBDA40C-8519-4C44-BEB5-8BE1FEF34CB1}",NA,1,0,1,1,0
"{9B31AD74-F8A7-41C5-B3D1-C3FD54F7193A}",NA,0,1,0,1,0
"{428FBF82-268A-47DB-A545-0B74FD7258F6}",NA,0,1,0,1,0
"{1930A117-238F-42DD-808E-0B0D178E425F}",NA,NA,NA,NA,NA,NA
"{A9BBB60D-FE02-4AFD-8E9A-766B75DF91DA}",NA,0,0,0,1,0
"{F738B7B5-7BEA-4EA2-9DE1-7B4BB9BF2AD3}",NA,NA,NA,NA,NA,NA
"{F3469D7A-63E6-4104-BADC-FEFA2A236B14}",NA,0,0,0,1,0
"{9CBE5823-7ED8-42CB-A7C3-E4243AB1097F}",NA,0,0,0,1,0
"{D261C421-171D-41D3-9F8C-02C49B664E3E}",NA,0,0,0,1,0
"{6E901DD3-BB7D-4E76-A5F0-04AFFA1E462B}",NA,1,0,1,1,0
"{BF679EAD-BA69-4152-9A51-5DCCA42C1E0D}",NA,0,0,0,1,0
"{D5D91ECC-7D90-4326-B011-4725A60712B1}",NA,0,0,0,1,0
"{9BBC5396-5499-495C-A78D-D45B42A77DF8}",NA,0,1,0,1,0
"{48A64EFD-3397-43AB-B429-24317AE41FB1}",NA,1,0,0,1,0
"{8C97971B-D736-48D1-9FD4-F2CDCE56AC4C}",NA,0,0,0,1,0
"{F4DF045E-BEC6-45E5-91C0-107062C796F9}",NA,0,0,0,1,0
"{D4D6174F-E3F4-409B-BE93-DF514568EE9E}",NA,0,0,1,1,0
"{D9B45495-7DBE-4FA5-BE0E-4919E463018B}",NA,NA,NA,NA,NA,NA
"{E5E2FABF-2AE4-4840-9525-6B7C35B282BF}",NA,NA,NA,NA,NA,NA
"{E03E91BB-47B0-4127-8DB8-5418D49A8D92}",NA,NA,NA,NA,NA,NA
"{AF7C3DB4-4C16-4FDE-8030-11F52A48AD58}",NA,0,0,1,1,0
"{0A5098A7-EEE9-4D85-B158-AE5E6C6CE82E}",1,0,0,0,1,0
"{A4957AA9-1319-407D-A336-506686926E37}",NA,NA,NA,NA,NA,NA
"{28C1E731-B160-4CBF-93BF-755ADA2B14E7}",NA,1,1,0,1,0
"{A1DDA3C7-99B5-470B-BB1E-0C4E864AF9A2}",1,0,0,1,1,0
"{68D2E4EE-D54F-4DA3-8520-2B77D3E650E1}",NA,1,0,0,1,0
"{91C38BE2-A53F-4540-A177-1BF98855AFEC}",NA,0,1,0,1,0
"{350A294C-ABE7-4F06-9BF3-644F4EB3F5E6}",NA,0,1,0,1,0
"{D4541FBE-7DF7-46CC-8BD8-3CA13A618F59}",1,0,0,0,3,1
"{0DE629F2-97A9-4F16-ACF8-509B74B735E7}",NA,0,0,0,1,0
"{50EADB65-0936-4631-9A34-69B57784A62D}",NA,1,0,0,1,0
"{0F4DB231-6C6D-40AB-B5E9-488AFAB997D3}",NA,1,0,0,2,1
"{2D6EE63B-2EA5-4645-9B8E-2F7FFFAF4F80}",NA,NA,NA,NA,NA,NA
"{DF0CD32A-6C0F-43CE-84B2-CA30F910186F}",NA,1,0,0,1,0
"{555CA43F-327E-4903-BB15-7A84032F42BC}",NA,1,0,0,7,0
"{D09B39D0-987C-46E9-820D-C9BB6E0FAB80}",NA,0,NA,0,7,0
"{1D2258CD-8720-42D9-8ECE-019516376925}",NA,1,0,0,1,0
"{0A3AE30F-2073-42DA-A02C-1DCFEAD45BFE}",1,1,0,0,1,0
"{34044506-A687-47BB-8903-7069986D03A2}",NA,1,0,0,1,0
"{ED849C8B-94BE-4308-A717-9EBB25D3386E}",NA,1,0,0,1,0
"{0564B720-151D-4851-87E0-FCBF684D38FC}",NA,0,0,0,1,0
"{B1E06BBB-0DCF-48C7-BB30-1A9DAD4B72BF}",NA,0,0,0,1,0
"{FC2C75D5-FDB6-4768-9CE9-2EAC36B98C2A}",NA,NA,NA,NA,NA,NA
"{AE03FEE1-F18B-49A6-8105-FDF98EC1404B}",NA,1,0,0,1,0
"{3F6E70DF-A853-40A2-8FC4-2E11CCCB10C4}",NA,0,0,1,1,0
"{87994C4D-5D33-402E-8393-6B3D81A8D540}",NA,0,0,0,1,0
"{3C5F03D1-5D51-4361-93F8-8170B5FA1819}",NA,NA,NA,NA,NA,NA
"{54D2451E-8114-4D86-88B8-A0CA8AE81D8B}",1,0,0,0,1,0
"{C5D9AB46-D957-483E-82BF-0F5FFC59FCCE}",NA,1,0,0,1,0
"{81EF9D43-2458-4E9D-9127-D108EE31F14A}",NA,0,0,1,1,0
"{1A9A5A60-65AE-4D0A-B32D-2E9C948D72E7}",NA,1,0,0,1,0
"{1379AB9F-E674-4F9F-884C-6B304482579F}",NA,NA,NA,NA,NA,NA
"{B3643D4A-5271-48D2-A0AA-F92E172DF10D}",NA,0,0,1,1,0
"{D481138A-7F89-45B6-BF30-368FE84D3937}",NA,1,0,0,1,0
"{8D554514-EAD5-4A91-99FF-85140FC5810C}",NA,0,0,0,1,0
"{6998D6C9-6F67-4E44-A8DA-1595913C6C3A}",NA,1,0,0,1,0
"{BA3A70F9-3946-45C6-A7D6-AA6E4FBEB904}",NA,1,0,0,1,0
"{01D40A36-8C1A-4D3A-A489-7F15D307E365}",NA,1,0,0,1,0
"{9303CDDB-FDDD-4AD6-9CAF-6D5930EA0019}",NA,0,0,0,1,0
"{EACA0D21-26DF-4CA2-AD19-1947E72BCA19}",NA,0,0,0,1,0
"{2A24FCE1-00AD-4C6C-8A86-71DF6A32B90B}",NA,0,0,0,1,0
"{B07B8CBB-44AE-4A32-9155-6508ED2CF967}",NA,1,0,0,1,0
"{B4B604CC-94C5-4EAA-BC6C-3230A455D8EC}",NA,1,0,0,1,0
"{0BD6F02A-6960-4A1B-B7EB-99F3F890D8BD}",1,1,0,0,1,0
"{B00E488B-1F63-48BE-A081-E2021C1559FB}",NA,1,0,0,1,0
"{D60281E7-288B-41C3-A41C-CEE72333D806}",NA,NA,NA,NA,NA,NA
"{029C8EF0-6043-4A7F-B200-489612E2B1E5}",NA,1,0,0,1,0
"{B9D422FF-323A-4E6A-82D2-ECCED6DDF52E}",1,1,0,0,1,0
"{AE1906CF-5473-4C17-9BF8-B1727CF8458A}",NA,NA,NA,NA,NA,NA
"{EB649C68-E4AC-4F8A-A341-4FA8454F95D3}",NA,0,0,0,1,0
"{3E771315-BD4F-49EF-894B-2FAE50D80645}",NA,1,0,0,1,0
"{B871941F-9DE0-484F-8721-1FB836E59BD2}",NA,1,0,0,1,0
"{5CA368DA-32F3-45C7-90D0-0B8B365EAEA3}",1,0,0,0,1,0
"{2B026CBF-CE7C-468F-91C7-9301E9FD3304}",NA,1,0,0,1,0
"{49B28DA3-3C06-4DCA-BD00-D4C2759ECC68}",NA,0,0,0,1,0
"{4EF0B293-640F-4B65-AC42-5821BBB80DF1}",NA,NA,NA,NA,NA,NA
"{AC67B42B-3ED4-41E4-93A9-6FAC375FC34D}",NA,1,0,0,1,0
"{3D34C973-6DB1-4CD1-9236-70F31C5271CB}",NA,0,0,0,1,0
"{3E5B0C12-9898-47A0-9E3E-71EC876D3D33}",NA,0,1,0,1,0
"{5DA0AA18-33EE-49E5-B64D-0048006627C9}",NA,1,0,0,1,0
"{F2548F21-3500-487D-BFCB-030BE3880AB9}",1,0,0,0,1,0
"{C1AEE544-0994-47B7-80F8-BECAC7B6CA3E}",1,0,0,1,1,0
"{76CF38BC-6773-4202-97B5-F1661CCF96F8}",NA,0,0,0,1,0
"{895E5EB2-45E6-40AE-AF4A-69034FD87D84}",NA,0,0,0,1,0
"{8E70B85A-4E4C-4F82-A229-2F89654C2AF7}",NA,0,0,0,1,0
"{00FFF86C-66E8-4A53-802F-4A2D6251597B}",NA,0,0,0,1,0
"{20524F8A-AD20-405D-BBB5-9B4129614420}",NA,0,0,1,1,0
"{FC141EFA-1848-4457-8DD6-A0EECAC94607}",NA,1,0,1,1,0
"{40A093D7-39A6-4122-9E45-6846AC4A30B7}",NA,NA,NA,NA,NA,NA
"{ABBF8BA7-683E-476D-AFDF-968F148BF139}",NA,NA,NA,NA,NA,NA
"{E38C36BC-13E8-4381-B29A-3C935E3B1CFB}",NA,0,0,0,1,0
"{139EAF3B-57F4-4C1B-AB0C-08255498137B}",NA,0,0,0,1,0
"{5EF51838-4A8B-4BB6-86D6-9C5A80985A4D}",NA,NA,NA,NA,NA,NA
"{182929A1-2626-4449-AF56-EA8A98E62FBA}",1,1,0,0,1,0
"{7D3C41D1-7B56-4EAD-BE9F-B831B5427E68}",NA,0,0,0,1,0
"{2730075E-7F83-4013-8EDC-711BF13AC545}",NA,NA,NA,NA,NA,NA
"{5654F31B-6445-4AA9-A27D-1957824256B4}",NA,1,0,0,1,0
"{F620C310-AFA0-4682-BD7E-8A3571930DBB}",NA,1,0,0,1,0
"{2B5761E5-E552-4682-81A8-19696B0E08E8}",NA,0,0,0,1,0
"{5A98FEAB-D742-462E-BE8B-CB93D9EDB034}",NA,1,0,0,1,0
"{09183C33-2833-4EF0-8483-2B2F860B0DA4}",NA,0,0,0,1,0
"{ECEA11D0-9BE2-4DED-904F-5EA7F038DDAC}",NA,0,0,0,1,0
"{5F64E6F2-0292-4AC6-8F01-3234CE3BA29A}",NA,1,0,0,1,0
"{5BDE6593-4EFC-4C17-A8E0-38D44D1C0B3A}",NA,0,0,0,1,0
"{627B36A6-9F7D-43D4-96E4-F4CE7E82CFB6}",NA,0,0,0,1,0
"{655EACD1-0C59-408C-BB4B-D6DF282B31E2}",NA,0,0,0,1,0
"{E0D08D7B-7D4D-40DD-9932-02223F313868}",NA,0,0,0,1,0
"{E3517D39-C4F6-488C-8762-B31DA99ECBE6}",NA,NA,0,NA,7,0
"{DB42C53A-694C-4138-A6F1-146169FB6E91}",NA,0,0,0,1,0
"{1C24FFB4-4487-4437-993C-593726D29B0F}",NA,1,0,0,1,0
"{AC25E0B8-7D8F-4D3C-ABE9-9387FB17D4BB}",NA,0,0,0,1,0
"{8C673B72-1619-4076-AD34-BB9BD6446802}",1,0,0,0,1,0
"{1B110154-631E-4366-8C2D-1BA23C0D7F56}",NA,0,0,0,1,0
"{914548C9-AD66-4BF0-A0AE-94193DE37F36}",NA,1,0,0,1,0
"{D152ADCB-9E42-4870-8818-C2EC19D70B65}",1,NA,0,NA,7,0
"{551FED63-EFE4-42B6-883E-52B508FA9E55}",NA,NA,NA,NA,NA,NA
"{7C8E717C-0E0A-4CC3-A0E4-294530BDE006}",NA,1,0,0,1,0
"{32ED430F-6F5F-4A8B-9894-00C10A04D785}",NA,0,0,0,1,0
"{48E703E7-DBC2-4590-8EC3-83FD8EDCE2CB}",NA,0,0,1,1,0
"{7D16A8CF-148E-4AFC-BFAF-2325E33A9D15}",1,1,0,0,1,0
"{E8FE5FD9-27A1-453A-871E-9DCBBE5DE3ED}",NA,1,0,1,1,0
"{465DEC4F-424D-4114-B4A8-F8E987205F30}",NA,1,0,0,1,0
"{DF490E30-4BCA-49FB-B982-48AABDCDEB86}",NA,1,0,0,1,0
"{ABD73F8F-6361-4E66-8896-6E07F808A538}",NA,1,0,0,1,0
"{7AEE24E8-8480-46E3-AC0B-A4FD95484D2F}",NA,0,1,0,1,0
"{825D4572-231C-40D6-B078-7D0B2B1201D6}",1,0,0,0,7,0
"{2D0BE8E3-F7D7-4609-9DBA-1B41E6EDF4BA}",NA,0,0,0,1,0
"{A45936F2-3D35-4AC4-9F80-99366139B01B}",1,0,1,0,1,0
"{BDC949BC-A685-4F09-A983-09ABA964E6F2}",NA,NA,NA,NA,NA,NA
"{D419DFBB-8B09-4BF8-8948-C22EF86370D9}",NA,1,0,0,1,0
"{EE65FA83-FC51-469B-A5CE-E6764321F0B5}",NA,0,0,0,1,0
"{B862025F-1EC2-47D0-8ADA-DF10DD55499B}",NA,0,0,0,1,0
"{63084289-6083-4A11-A7A5-8B24400DDC1A}",1,NA,NA,NA,NA,NA
"{5BC59089-91B2-4E72-AC23-3FBDB8BE5293}",NA,NA,NA,NA,NA,NA
"{952F344F-D372-48EB-A7F5-E070F8782A27}",NA,1,0,1,1,0
"{F4D25C05-CF2E-410B-BF13-7A0D55D6F0AF}",1,0,0,0,1,0
"{8AF33A9A-D2AC-4884-AF97-8AED8FF2FE97}",NA,1,0,0,1,0
"{901F7C09-3407-4597-B482-DCCA0391B153}",1,0,0,0,1,0
"{3B29D25F-3E3F-43DD-BE97-3CC986E54366}",NA,0,0,0,1,0
"{7F5D29C1-8ED5-4F77-B520-2869F684403D}",NA,0,0,0,1,0
"{F0BB6CB9-8693-48E4-A57D-85ED78AE6E27}",NA,0,0,1,1,0
"{BB60F3BA-34BE-439D-AC19-D37E4F00AEC7}",NA,0,0,0,1,0
"{E5A395C5-59DC-41D0-ADB1-31623151E46E}",1,0,0,0,1,0
"{41ADC627-81AD-43F7-83FA-71B47FFE6096}",NA,NA,NA,NA,NA,NA
"{464A3405-2E4D-4193-B5D8-8AB66AAEECA5}",NA,0,0,0,1,0
"{6B8C5F8E-0D90-4298-9CD9-06CCCA8D43C2}",NA,0,0,0,1,0
"{3289C9E9-2190-40FF-9539-0DB606D9988E}",NA,0,0,0,1,0
"{4792B543-AEAA-4B10-8BB3-64C735B1CDBA}",NA,1,0,0,1,0
"{E497E413-BAC4-42F2-9BDE-7B158E7AB61E}",NA,0,0,0,1,0
"{C20A6184-8486-4841-8AA2-6C71D78FC316}",NA,0,0,0,1,0
"{4A7CF0A5-C5C3-41EE-ACD2-A2169A5377ED}",NA,0,0,0,1,0
"{91BD7E2A-53D7-47BC-891A-35C9895E7025}",NA,1,0,0,1,0
"{1ADAD48B-CCB9-42BD-B68E-459C379AD97B}",NA,0,0,0,1,0
"{ED4CAF51-CD73-4163-B658-AA892ADFB493}",NA,0,0,0,1,0
"{E5461C81-4F8D-434E-A75B-CD86948F5FBA}",NA,0,0,0,1,0
"{0726D828-1C9C-4B7D-8676-F28CEB5AFB80}",NA,1,0,1,1,0
"{AF229F01-2299-40C1-82ED-936645C9020F}",NA,1,0,0,1,0
"{DFEDC901-88A1-49F8-80C5-053E0CFD7FE0}",NA,1,0,0,1,0
"{9F4F2392-788D-41E0-8D1B-E2C08AC5F0BB}",1,NA,NA,NA,NA,NA
"{A49BC7F3-7B83-4819-967D-6EBD7071A474}",NA,0,0,0,1,0
"{BEA36082-216C-4707-8D72-3C146A01434F}",NA,0,0,0,1,0
"{BDB67280-45DA-407B-8488-7146D331C4CD}",NA,1,0,0,1,0
"{86C17DDE-E2E8-46FF-8EF4-EFDA33BFC1EC}",NA,0,0,0,1,0
"{52EFF56A-F312-4DFC-91F3-FABA33415D8B}",NA,0,1,1,1,0
"{C51AA42A-721C-474C-85C9-E5C9141E5222}",NA,1,0,0,1,0
"{66E3F2FE-62FD-4A22-89E3-32F8F10F184B}",NA,0,0,0,1,0
"{ACE4A38D-DE87-4533-B4AD-23507081E8E9}",NA,1,0,0,7,0
"{7859D54A-AD1C-4EE6-980B-F0F09BEF2BA5}",NA,0,1,0,1,0
"{286BDB7A-7DE4-4914-8B60-0092D08ED7D1}",NA,1,0,0,1,0
"{9209D6D1-1152-41C8-89CF-CA5B37B3F425}",NA,0,0,0,1,0
"{F00C41D3-1DA9-4FF9-93C4-EC755FE62BA2}",NA,0,0,0,1,0
"{D542B20C-FCCB-475C-AB61-9AD8EE11978C}",NA,1,1,0,1,0
"{57169F70-8992-4506-8BDF-F5C19D2D93F7}",NA,0,0,0,1,0
"{05F52A24-988F-4EA1-8681-EC4B95931FD1}",1,1,0,0,1,0
"{7E043BCF-E203-4A46-A06E-FD1AB6118644}",NA,1,0,1,1,0
"{D4C95357-92DF-46C7-A3EA-CFE6E5A1B070}",NA,NA,NA,NA,NA,NA
"{ADC00B1B-8DEC-413A-90E4-933514E77795}",NA,0,0,0,1,0
"{D019BB36-CCCB-44D4-9F8F-1D49A0F7BCB9}",NA,0,0,0,1,0
"{13588A4B-4D53-4A92-BB7C-F89C27B9F856}",NA,0,0,0,1,0
"{6F429F24-1189-4562-B14F-9EF3E31E1912}",NA,1,0,1,1,0
"{8B3AB029-934D-4B8D-A98D-73ABD0EFFF89}",NA,1,0,0,1,0
"{763133A4-7D9C-4BDD-A6FB-585A8C948889}",NA,0,0,0,1,0
"{C806062E-6210-4351-A70D-486D33CD7C42}",NA,0,0,0,1,0
"{3A449FE3-F657-426F-875C-394DEE6C6C16}",NA,0,0,0,1,0
"{D0B11C27-ED35-448A-AA5D-530F2D1FFA33}",1,0,0,0,1,0
"{751C6991-3021-4FB7-AF09-FB7A52AFD50D}",NA,1,0,0,1,0
"{9659EFC6-D864-4C67-9113-A7448331FE60}",NA,1,0,0,1,0
"{89D62108-F81F-4B86-96E7-C85A282B8739}",NA,1,0,0,1,0
"{5A386827-9685-4FE6-B9F3-421E41164F0C}",NA,1,0,0,1,0
"{782A950D-24FA-4E41-8791-A127C0C67B91}",NA,0,0,0,1,0
"{4BC36064-72DE-4496-9424-401717456283}",NA,1,0,1,1,0
"{774CB88D-4C01-4C4D-A4E9-B4B6879750ED}",NA,0,0,0,1,0
"{3851AC0E-EFFF-453B-B224-71EE642BA88B}",NA,1,0,0,1,0
"{F3112C48-0FF5-40F4-AAFE-1BCC5596F31F}",NA,NA,NA,NA,7,0
"{310F8671-2550-4331-BA7D-B763336F69B0}",NA,NA,0,NA,7,0
"{780D6EA2-9F0C-4CD2-AC8D-E0B85A541215}",1,1,0,0,1,0
"{DF84961C-BE57-4C41-BA50-2B840E661883}",NA,0,0,0,1,0
"{AD903923-F1EE-4D54-862F-5B7DA02B07A5}",NA,1,0,0,1,0
"{6ADBE33F-B7EE-4DCC-A085-30FA2385965E}",NA,NA,NA,NA,NA,NA
"{EF6A86CA-C8D4-4DE9-A72E-E374AB26BC34}",NA,0,0,0,1,0
"{DAA53301-1F5B-4566-A5E0-A0D0C59FA830}",NA,1,0,0,1,0
"{76DD76C5-FBCF-4CB9-B487-FDB462CFD1F9}",NA,0,0,0,1,0
"{B5E2C291-F912-4D98-861C-FD769F0AFA8F}",NA,NA,NA,NA,NA,NA
"{1D575844-E274-4B29-9E68-9E4AC4E6D39E}",NA,0,0,0,1,0
"{1364F3CC-3CA0-4657-8FAB-96D5C2B602BD}",NA,NA,NA,NA,NA,NA
"{55AD8D15-C44C-4D45-8B0E-9856342A4EEB}",NA,NA,NA,NA,NA,NA
"{0D2B9E8E-6F74-4CC7-B07B-0391AA1F9953}",NA,0,0,1,1,0
"{DDE0FDA5-2B8C-4BFF-9F1B-6A97E3B6A6B9}",NA,0,0,0,1,0
"{23B6E580-913B-4EE6-BC79-49BC9D1F87DD}",NA,NA,NA,NA,7,0
"{46857A30-46EA-4B63-94F7-A618768144A6}",NA,0,0,0,1,0
"{E893955F-1F83-490A-AF2B-659E2AC7F9A4}",NA,0,0,0,7,0
"{771F4523-6D76-42A4-B466-06F2E68A147D}",NA,NA,NA,NA,NA,NA
"{205DEAA9-A2A6-4877-9443-9B3653082085}",NA,1,0,0,1,0
"{781EB6F8-17FF-4773-B512-F96EEBFAD241}",NA,0,1,0,1,0
"{DD547A00-E079-45DD-8DEE-89E21AEED2AC}",NA,0,0,0,1,0
"{AB8CC6BE-B8C4-4F78-81D5-487023A6F7D5}",NA,NA,0,NA,7,0
"{A03F2336-B06B-4710-AC3E-8C4689703F5B}",NA,0,0,0,2,1
"{B537C384-9BFD-4B12-A52A-E18304C7CDC9}",NA,1,0,0,7,0
"{01B12742-9972-49F7-8759-B38404A25158}",NA,0,0,0,1,0
"{66B5F8F3-CEAB-4078-A357-43C5F80F41FE}",NA,0,0,0,1,0
"{4C0AA356-80D4-4FAB-97C0-67B6096F631C}",NA,0,0,0,1,0
"{C65E5E14-0F8C-468E-94D5-A8B011375385}",NA,0,0,0,1,0
"{D2E88DF4-36B2-432B-93CA-60C8780C8C3B}",NA,1,0,0,1,0
"{D2B08273-6C0A-4B44-A8DA-5EA8B93D7403}",NA,1,0,0,1,0
"{6CE22D4C-863D-4122-9185-507E65F509FE}",NA,NA,NA,NA,NA,NA
"{E3A3454A-B834-4ABC-99C6-5437FCDE6566}",NA,1,0,0,1,0
"{EE9D5FD3-649A-4C9E-8C9F-D01FC13DBA55}",NA,0,0,0,1,0
"{F9A9CFD9-522E-4576-9E7B-E94DA897E0D0}",NA,0,0,0,1,0
"{06FF4AA9-EE79-4BDF-B018-00167C0BC1F8}",NA,0,0,0,1,0
"{8581F74C-7FE5-48F0-95FF-3BD765972C95}",NA,1,0,0,1,0
"{D0ADB4BA-03A9-4D20-89F5-5E7147A75165}",NA,0,0,0,1,0
"{2DA9C4EC-9994-497D-A684-F76D1A85B3F1}",NA,1,0,0,1,0
"{98A39166-64D5-4B17-A622-6D869C353661}",NA,1,0,0,1,0
"{FF120C91-6D6B-4A28-8ECD-9CF9DA45FF2F}",NA,1,0,1,1,0
"{C8D96D07-88CB-416E-B83E-2DE4C4C24296}",NA,1,0,0,1,0
"{94E61295-97EF-4DBE-86E8-73573420A799}",NA,1,0,0,1,0
"{2F547F25-C6C9-418B-8C95-4B0853F723FE}",NA,1,1,0,1,0
"{9003B987-B06B-4E40-A495-F09BFD03E4EF}",NA,1,0,0,1,0
"{AFCF5B13-85AC-4826-B08E-39886D62BD0C}",NA,0,0,0,1,0
"{2F04C25A-5734-49DF-8935-3E512B9F8053}",NA,NA,NA,NA,7,0
"{F9AA3BB1-3EC9-48D1-BFC1-BC7E5DE8753C}",NA,1,0,0,1,0
"{24EFFF7E-9480-42CC-AFE9-F64916FA5C0A}",2,1,0,0,1,0
"{C9B4A99A-A652-4F23-8F48-EF320749C8A4}",NA,NA,NA,NA,7,0
"{A53D7CC9-5939-4ABF-BDAB-8E9BE5D92CF8}",NA,1,0,0,1,0
"{E56AFC07-92C5-405B-A92C-2498117343C8}",NA,0,0,0,1,0
"{B3B27239-C016-4A0D-8894-2B69EC6A3E9F}",NA,0,0,1,1,0
"{181C1CFE-2A68-4BD1-9845-C29C4253AC49}",NA,0,0,0,1,0
"{7C2D0B0E-DAEC-4CB9-92A8-A3D76D4887E7}",NA,0,0,0,1,0
"{6FDA9664-0B11-41FC-95D7-358F283CBCCC}",NA,0,0,0,1,0
"{670C49C3-2936-48D1-A0F7-BC53A379A298}",NA,1,0,0,1,0
"{3F3A21C3-22B8-462D-8A9E-B72756E7AE10}",NA,NA,NA,NA,NA,NA
"{C8ED8312-B6E8-471B-B43A-8984AF530641}",NA,1,0,1,1,0
"{30BDDF2F-3A5B-4463-914A-864A538BB092}",NA,1,0,0,1,0
"{FE9D159F-D25E-43D4-8F22-CE7C482947F8}",NA,0,0,0,1,0
"{ED3BE765-CA19-4903-B01A-C5DBCCDFA754}",NA,0,0,0,1,0
"{4DAC520E-1826-44ED-B995-EF25D4A9ADA5}",NA,0,0,0,1,0
"{03C81104-923D-4FF2-8E7E-C34FE002546B}",NA,0,0,0,1,0
"{2AE98BEC-EA78-4B40-A2A2-429A72BA7E1E}",NA,0,1,0,1,0
"{FED415DB-5111-4413-98CB-03F8BFC124E6}",NA,1,0,1,1,0
"{204DD1AB-74DB-4134-BFA1-D6DAB7C19974}",NA,0,0,0,1,0
"{2221E0BB-1BAE-4CC4-ABE9-9A8B7C10270A}",NA,1,0,0,1,0
"{5731F102-3924-4031-8897-D1D65C3DF50D}",NA,0,0,0,1,0
"{2B0B6D2E-FCCD-4889-8604-4A477A2BD2F1}",NA,0,0,1,2,1
"{63073FE2-AF08-4B86-98D0-25B9BAFA3431}",NA,1,0,0,1,0
"{5891245B-A10A-468E-95FD-46A586C99B58}",NA,1,0,0,1,0
"{7737DCBE-1CF9-4B76-B183-0C5AD39027A5}",NA,1,0,0,1,0
"{9CBEE89B-4DC6-44C2-AD9D-D16BC7B2C998}",NA,1,0,0,1,0
"{08C0A1C1-A049-4BAA-A36C-07FDD2D627EC}",NA,0,0,0,1,0
"{D49C0205-F169-4DC1-B9E6-451F578DC970}",NA,NA,NA,NA,NA,NA
"{FC13817B-D82D-4491-AFA4-E72222EDDA3A}",NA,NA,NA,NA,NA,NA
"{9F74C668-574E-4525-83F0-5F173041E7E1}",NA,0,0,0,1,0
"{6DDDACE8-D795-4673-94CE-9B3786AF6D5F}",NA,NA,NA,NA,NA,NA
"{E77CF590-1DF3-4E10-A486-E00D0A703C8F}",NA,1,0,0,1,0
"{0461D57A-105A-4655-B1EB-852EAC8EFC9E}",NA,1,0,0,1,0
"{CF65FCD1-BD7F-401E-86C9-B8B2E53CE93C}",NA,0,0,0,1,0
"{8A3C5459-E54A-467A-8D34-798E1F5E763A}",NA,0,0,0,1,0
"{4F61DCFB-1E7D-44E7-A306-E69762407F35}",NA,0,0,0,1,0
"{3E3D2745-B48A-426F-ABE6-479AC013B544}",NA,NA,NA,NA,NA,NA
"{F5A37721-0648-47FC-B3C9-887305FDF895}",NA,0,0,0,1,0
"{3D35F533-EF4C-402A-A2D8-648CB4B41094}",NA,0,0,0,1,0
"{CA416303-6693-46E2-8DAE-F03A16D1AB9A}",NA,0,0,0,1,0
"{15155E25-553A-4C38-B653-B0A4FAD05269}",NA,0,0,0,1,0
"{9A6B38B4-0CA9-435B-AC19-9010DDDDE5E3}",NA,0,0,0,1,0
"{D89266EC-E97A-4ED8-A0DE-5031722C15F7}",NA,1,0,0,1,0
"{99D0D5F3-474F-4C4C-9A22-CF060B20A7FE}",NA,0,0,0,1,0
"{AD27135F-08EE-4C81-8AA2-B3017783A0A7}",NA,0,0,0,1,0
"{D84C7548-6538-4024-99C5-6189B13DF360}",NA,0,0,0,1,0
"{019F27BA-49BB-4C06-8319-298E1BF9456B}",NA,0,0,0,1,0
"{8D399F0C-6AC9-4006-BDDD-FE160BE2A03E}",NA,0,0,0,2,1
"{DF1EFC04-C166-431C-B6D0-9402C41147B9}",NA,NA,NA,NA,NA,NA
"{60CA2094-2A33-4530-8685-543E27442247}",NA,NA,NA,NA,NA,NA
"{9DA0238F-C0BA-470E-B4E1-0510A65537B2}",1,1,0,0,1,0
"{DEFE37A3-CD64-4F4A-8F45-67F5C14E33DA}",1,0,0,0,1,0
"{1420A70C-A594-443A-86CC-1DE2DC9F0036}",NA,0,1,0,1,0
"{88D89D28-A46E-44A2-A07A-6D9E5EC5DC3A}",NA,NA,NA,NA,NA,NA
"{89F2A519-9003-4967-9A13-2AAFF16C27A5}",NA,0,1,0,1,0
"{FC158F64-634C-4CE8-8568-D7042D31BF96}",NA,1,0,0,1,0
"{B5EA8E05-2336-4C8B-8AB7-5FF1CE74CDC6}",NA,NA,NA,NA,NA,NA
"{316D11AD-31FD-4961-92E7-B6B48B49EE8A}",NA,1,0,0,1,0
"{070ABA7B-BE17-4810-B6CC-42373C56E8C6}",1,0,0,0,1,0
"{7DAF3F72-77F8-400B-BD00-3467AE957309}",NA,1,0,0,1,0
"{66992C3F-F326-473C-BEB9-672EEFDE3CB1}",NA,0,0,0,1,0
"{7571A4DC-52D7-475E-891C-682D59821C18}",NA,0,0,0,1,0
"{DCC992DB-8498-465F-9618-F37C16D758EA}",NA,1,0,0,1,0
"{A8E6F908-3E61-4DDD-B5A4-C8F5896608FE}",NA,1,0,0,1,0
"{FF70B0DB-A129-49C0-997D-B9B383E79484}",NA,0,0,0,1,0
"{0A4FBB32-D2BA-4BD6-B319-31C79CC4D47D}",NA,1,0,0,1,0
"{5B7EE232-918B-447B-8478-856B02048B3E}",NA,1,0,0,1,0
"{86FD4C54-DCD5-4755-87C8-8F64DF72D7EC}",NA,1,0,0,1,0
"{BD9CFD92-DA47-447C-A42D-4E0650D31139}",NA,1,0,0,1,0
"{2131A42D-7A5F-41F1-A5C9-7703F765AEFE}",NA,1,0,0,1,0
"{057AFC8C-5D2D-49B3-9B0C-812BC8B5960F}",NA,1,0,0,1,0
"{E8265C4D-C7D5-45CE-945B-023D49941303}",NA,0,0,0,1,0
"{904CCF50-5DF3-4625-B27D-D83ACD22AE33}",NA,1,0,0,1,0
"{EE33FD73-CC2C-465B-88FA-AAB160125174}",NA,NA,NA,NA,NA,NA
"{7F62C021-5987-42C7-BB6E-50DBE77407EC}",NA,NA,NA,NA,NA,NA
"{B80594EE-EB50-4E2B-A55B-E129B8DE802E}",NA,0,0,0,1,0
"{41CB250D-3477-4E8B-B79F-02720BF738E9}",NA,0,1,0,1,0
"{D103D859-6B3E-4E5F-96F6-0D011CE8D153}",NA,1,0,0,1,0
"{DD0D8A9F-83BB-4AE3-98D3-2782288D94F8}",NA,1,0,0,1,0
"{61A516D7-C421-49F2-B4E5-405A681A5035}",NA,0,1,0,1,0
"{CB6D1A51-8512-4332-A76E-16CFC30FC5F8}",NA,0,0,0,1,0
"{1686FCA4-6390-4FBB-A2E2-CE8C7DB905D6}",NA,NA,NA,NA,NA,NA
"{0D57D8C0-44B2-4B5A-B04F-F5CD914816D7}",NA,0,0,0,1,0
"{71F92035-AF40-4E9E-AF80-03CA7BD75CC0}",NA,NA,NA,NA,NA,NA
"{62937C97-BE98-424D-9A85-D9C3D5BEC946}",NA,0,0,0,1,0
"{28353451-5855-4301-92DB-19F9C4DE3901}",1,0,0,0,1,0
"{F371CD0D-FBF4-48A0-9463-82F615D37523}",NA,0,1,0,1,0
"{7A078D22-D265-426E-B8A8-FF82938334FB}",1,NA,NA,NA,NA,NA
"{971C6A9E-96E8-467E-A1A4-B925C6E2972E}",NA,0,0,0,7,0
"{5AC6B53E-B440-415A-8E35-E5F2204EE886}",NA,0,0,0,1,0
"{69848F7E-823B-4094-9B27-9B5B271B7F69}",NA,0,0,0,1,0
"{2843B5C6-6BA8-43FB-BD73-08D5DF406988}",NA,0,0,0,1,0
"{891D1770-B70E-40A4-B6E9-82181D44FCF7}",NA,1,0,0,1,0
"{55727FE6-1083-4485-ABE0-955102B76EBB}",NA,0,0,0,1,0
"{EE8952F1-80FF-4D23-8D32-6AF2FA82CB9F}",NA,0,0,0,1,0
"{29049809-E0DF-427B-9DC9-E116B61E7C36}",NA,1,0,0,1,0
"{66F75753-6300-466C-8918-A5449C63DFA1}",NA,0,0,0,1,0
"{1BF1DA06-AA8A-4D56-873C-79AFBB49865E}",NA,0,0,0,1,0
"{5F7C39BB-E177-4EB5-BCBA-A22BA5543DF0}",NA,1,0,0,1,0
"{3BFDD26A-B1FC-4791-A522-368D8FA5CF7D}",NA,0,0,0,1,0
"{190F6A80-974D-40F0-AAA8-0ED24BD6FD8B}",NA,0,0,0,1,0
"{31B3BEA4-BFA9-4AC1-BCC7-A00D501BE12B}",NA,0,1,0,1,0
"{11841403-8B45-4343-8249-43BD1B6C60A0}",NA,0,0,1,1,0
"{3129D3E7-937F-4584-A47A-B6E359C54B5E}",1,0,0,0,1,0
"{3C98CAF2-4A22-4B7C-8348-7A10E99C3811}",NA,0,0,0,1,0
"{40C4AFE6-1042-420E-96A0-B6AD30AC2EA7}",NA,0,0,1,1,0
"{88DD7AAF-937F-493E-B4DD-C09DB321C136}",NA,0,0,0,1,0
"{95CC86A2-5A8A-4A01-AA61-5184C65FAE1F}",NA,0,0,0,1,0
"{F189F7D1-9832-4DE0-B2C4-84D1ACA3311B}",NA,0,1,0,1,0
"{3D45DB41-E8B6-4DF8-8D30-40FDA6880ECC}",NA,0,0,0,1,0
"{4A430E29-87C3-4A9A-9AAB-254637D96584}",NA,0,1,0,1,0
"{8BD4C63D-E840-43DE-8A75-0F8EFA50933C}",NA,0,0,0,1,0
"{BF27C91E-AD02-4D76-BA31-D239F177B0F9}",1,0,0,1,7,0
"{D993EC55-3F3D-4596-9CB9-12982BBF99B8}",NA,0,0,0,1,0
"{D1253694-28C6-4113-8824-D82CB5FA9542}",NA,NA,NA,NA,NA,NA
"{7A0E0766-6A02-4653-B011-2529CC1E2AE8}",NA,0,0,0,1,0
"{D384ED28-FC33-4EA0-8FE3-1D5800825B92}",NA,0,0,0,1,0
"{2C4AF676-8AAB-4F2A-BC75-670E1B8A9096}",NA,0,0,0,1,0
"{BAC1B19B-E076-4CA9-8245-E753986F7848}",NA,0,0,0,1,0
"{BB4839FD-082B-4FC2-9926-241A650A4D71}",1,NA,NA,NA,NA,NA
"{3F7827DD-DF11-46EF-B4BF-2B683ED59075}",1,NA,NA,NA,NA,NA
"{2682A48D-EC48-4672-8B26-26E6E8455F2A}",NA,NA,NA,NA,NA,NA
"{664C43AD-739A-494B-AFF2-34374460F267}",NA,0,0,0,1,0
"{622F1BF9-D743-48AD-8946-0E70D0AA08B3}",NA,1,0,0,1,0
"{0320292D-02C1-43AE-B645-167F82BFDC24}",1,NA,NA,NA,NA,NA
"{275558D6-0CE0-4B0C-9453-A14D12450E08}",1,1,0,0,1,0
"{FB249B5F-F768-4C86-898F-A60E6295DDD9}",2,1,0,0,1,0
"{23952B1B-72C7-4ED3-B1F1-47FA5D6422B4}",NA,1,0,0,1,0
"{1472D910-F7E3-4D55-B14B-7F5F5A8DE6F4}",NA,1,0,1,1,0
"{E80F9AAF-9C59-4E09-B247-C153CD3E3D3B}",NA,0,1,0,1,0
"{C5FBDEB7-9D51-41D8-99BD-BC0DDDA1FD9B}",NA,NA,NA,NA,NA,NA
"{E7A722F8-9638-4A1C-9B55-74115743C10E}",NA,NA,NA,NA,NA,NA
"{A2C8611B-4850-436D-AB22-DCB85CD08D0B}",NA,1,0,1,1,0
"{FB243266-70D5-4D5F-9B4B-2BE828EAFAD9}",NA,1,0,0,1,0
"{C08944E6-21F9-4FAE-9816-01722BF6ED13}",1,0,0,0,1,0
"{7B4C0F0B-FA2D-443C-B5EC-FABAB81E34D3}",NA,1,0,0,1,0
"{895F4E25-2BA6-45DC-9D20-1D4607E57F97}",NA,1,0,0,1,0
"{205431C5-C3EE-410B-A9EE-535C27518260}",NA,1,0,0,1,0
"{572CED79-7142-4D74-A795-671B9A8AFD55}",NA,0,1,0,1,0
"{9D00ACC1-835B-48CC-BC10-D61195CDDEE8}",NA,0,0,0,1,0
"{C4389FB8-FC39-4526-8430-DCD241FB613D}",1,0,1,0,1,0
"{A589983D-E120-46AA-AAA4-8EE1C69B166D}",NA,0,0,0,1,0
"{DE160CB1-B8B9-4DDF-BD52-1C3946972D7A}",NA,0,0,0,1,0
"{9219AE29-D04E-4CC6-8C24-151BDD055BDB}",NA,NA,NA,NA,NA,NA
"{829D32C8-9B32-4A35-A68E-A2DF416817B0}",NA,NA,NA,NA,NA,NA
"{878F980D-D09A-4C36-A132-1846F6B337BE}",NA,0,0,1,1,0
"{A5C73F9C-E65B-48FD-BAD1-DAFC7B50643C}",NA,1,0,1,1,0
"{99593057-DBEB-4DC3-84B9-4AEF8CDEE4FC}",NA,1,0,0,1,0
"{A71585C3-C786-437D-ADE1-1CA431404DD9}",NA,0,0,0,1,0
"{0F2F5647-73BB-4D73-A652-CA0745C9D74E}",NA,NA,NA,NA,NA,NA
"{5EB8F37F-1911-4BCE-8B44-2EA474CA6A38}",NA,NA,NA,NA,NA,NA
"{B92C52DC-D343-47A5-A0D8-5B13AE8E8720}",NA,0,1,0,1,0
"{E4B12397-725E-42C3-8AFF-03FF505078BD}",NA,NA,NA,NA,NA,NA
"{A3804596-4262-4755-A434-B8D939A5974B}",NA,1,0,0,1,0
"{834ADAF2-432F-4DC6-9821-BA880F8E5965}",NA,NA,NA,NA,NA,NA
"{63815DE4-963C-4DAE-8176-A095CC2FB6F3}",NA,NA,NA,NA,NA,NA
"{DB4A1964-B95E-47F5-A660-171A28D0EFCF}",1,NA,NA,NA,NA,NA
"{DDA09C3A-0AD4-40E2-B18A-C45407C2178A}",NA,0,0,0,1,0
"{7B7E890B-71F2-4C29-A478-DF20BB4A50F6}",NA,1,1,0,1,0
"{2BC5C51E-47B8-41DB-9B93-A52917F120F0}",NA,1,0,0,1,0
"{AF3E8E09-2FEF-471D-8E93-0B054BE57962}",NA,0,0,0,1,0
"{80A4E9A4-696F-4851-B37D-8912295EF82D}",NA,NA,NA,NA,NA,NA
"{D66C3314-1EC6-4FFA-8C11-194D3576B333}",NA,0,0,0,1,0
"{1FE4DE6A-826D-472C-988A-3874B3A475E7}",NA,1,0,0,1,0
"{CA3E19CA-C8AC-4421-B993-0DE3BEE3EEFE}",NA,0,0,0,1,0
"{43942851-C6A6-4587-903F-E0CE6B942050}",NA,1,0,0,1,0
"{A1C5159E-1F4F-4412-9ACC-3ABF34555B70}",NA,0,1,0,1,0
"{4D09AD67-9501-47DE-8A7B-D03ABDBD01BE}",1,1,0,0,1,0
"{BB9E2490-2539-49E4-BC7B-CF55784C579B}",NA,NA,NA,NA,NA,NA
"{0E0E5748-D9DF-4E64-89C1-E999D1533DD8}",NA,0,0,0,1,0
"{F0F81CF8-C4F2-49F4-BB28-E84719E94F46}",NA,0,0,0,1,0
"{5C28B814-3E4B-4CDF-889D-FBE31662C7C6}",NA,1,0,0,1,0
"{6645D069-7EAD-4784-9186-13EB493669EF}",NA,0,0,0,1,0
"{5FD63E0A-A904-4166-8CF3-1D0D3AD98358}",NA,0,0,0,1,0
"{54E1C5AA-A34F-4BBD-B935-C51FF19D8541}",NA,NA,NA,NA,NA,NA
"{D11B9422-9640-4065-9F52-597E31F1A8A3}",NA,1,0,0,1,0
"{0AA6C9BF-7988-4589-AF0D-A76F20D31E7E}",NA,0,0,0,1,0
"{A92697F8-47E1-4A4A-8A01-25E43FB2AFF2}",NA,1,0,0,1,0
"{D608565F-BE22-48BC-A14D-0488E793801A}",NA,1,0,0,1,0
"{15ED3F0F-9F34-4AFD-986F-FB33A2D78E3F}",NA,0,0,0,1,0
"{F8AC9E72-29A6-478B-8577-7E473D92780A}",NA,0,0,0,1,0
"{9C78A1AD-633F-4AA2-BC04-B4FEBF008F20}",NA,1,0,0,1,0
"{2D1A47C0-4E53-49CB-89AC-57DDD1E81204}",NA,1,0,0,1,0
"{24ABA715-8DF6-456F-B8CD-E37B29401559}",NA,NA,NA,NA,NA,NA
"{7CAB0CA8-7683-4226-BC27-CB9F9DD1A12C}",NA,1,0,0,2,1
"{A187B92E-2C9D-4C87-A797-8DD6B4B715D0}",NA,1,0,1,1,0
"{830996E8-E083-4970-BAEE-E2BDC336755E}",NA,0,0,0,1,0
"{33CFC1F3-4862-447F-A7AB-831DD5D58D92}",NA,1,0,0,1,0
"{7C057F40-2304-4DC4-AF2F-9EA61A1D0EB5}",NA,0,0,1,1,0
"{5E61C81C-3395-41A5-BCD7-F32B2E3417CF}",NA,1,0,0,1,0
"{F624417C-959D-49EE-A8D3-6E0C7F692FE2}",NA,0,0,0,1,0
"{B25980AC-5091-4422-B442-F892BCD23C51}",NA,NA,NA,NA,NA,NA
"{0159B47B-91CE-47BD-9972-5E8CB121AC8C}",NA,1,0,0,2,1
"{CAFB112A-F37C-4B00-B179-3290C3408880}",NA,1,0,0,1,0
"{DB174EEA-2331-4116-86EE-D94A958D065A}",NA,0,1,0,1,0
"{A9C1794C-8ECF-41B7-976B-0588EE3091ED}",1,0,0,0,1,0
"{856F146C-5221-4A60-8822-4F04CC8A9B00}",NA,0,0,0,1,0
"{037F186B-0955-41F6-A66F-FAA81D78AF0E}",NA,0,0,0,1,0
"{37D57884-D3B4-4613-AFCE-B745BCDDEE26}",NA,1,0,1,1,0
"{49EE5C40-42BE-4675-9FBF-12AEF801FF22}",NA,NA,NA,NA,NA,NA
"{90EA86BD-D168-4F72-9F77-6A3888A3BBAE}",1,NA,NA,NA,NA,NA
"{031E9B09-E5E7-4ED8-BB01-9EA645D327F4}",NA,NA,NA,NA,NA,NA
"{B1316D85-69E5-4A27-8A06-946ED0922B94}",1,1,0,0,1,0
"{CDE57706-AC33-4CEB-A0F8-848FEC660D79}",NA,0,0,0,1,0
"{10E27C4C-1D32-4BA1-B219-50AE388557E0}",NA,0,1,0,1,0
"{4C593BF8-C355-4DED-9EC3-6BD8B410655F}",1,NA,NA,NA,NA,NA
"{62BCD52A-0EEF-4BA2-942B-E6415D2E8E36}",NA,NA,NA,NA,NA,NA
"{C343B243-4312-4168-B2DC-289DA46C8607}",NA,0,0,1,1,0
"{6E85D592-FA0A-4B6D-B5F5-C7325E3D711E}",NA,0,0,0,1,0
"{71733EC6-0041-4B66-938D-B6B7E6FEC944}",NA,NA,NA,NA,NA,NA
"{E1AE577E-1AFC-4E66-B61C-560A131850A9}",NA,0,0,0,1,0
"{EEC20A9B-9CB3-4430-A493-4636A16C5FD4}",NA,1,0,0,1,0
"{58208DC2-9BCE-44C7-93D0-B1557004B527}",NA,NA,NA,NA,NA,NA
"{BBE204BC-12CE-4958-A14C-266FBBD7433A}",NA,1,0,0,1,0
"{28E16418-FE60-42D3-AAC8-634B86652EA2}",NA,0,0,1,1,0
"{560B58C4-1E4F-4B00-BDE8-4A8ABA019C6D}",NA,1,0,0,1,0
"{2B236C03-CA04-4AC3-A5E9-55768BF0E975}",NA,1,1,0,1,0
"{31C603B2-910C-4D42-A375-C3ACD2074638}",NA,0,0,0,1,0
"{0A332D70-3856-4565-B853-264D18542795}",1,0,0,0,1,0
"{2B2DA443-246D-4A7B-B5F1-72CCB85351E1}",NA,1,0,1,1,0
"{86E5B853-6C65-431D-AA98-CC16BCA65ADE}",NA,1,0,0,1,0
"{0390354F-7CE1-4254-9022-355560CFD570}",NA,1,0,0,1,0
"{D8880A9A-2CAD-4ADB-BEDD-11D78D3787EA}",NA,0,0,0,1,0
"{EF479667-5520-4C57-8428-E3B4BA07C4B1}",NA,NA,NA,NA,NA,NA
"{254DE8FC-0CED-409E-8C88-E8BC786545D1}",NA,1,0,0,1,0
"{8531226D-2636-4128-A97F-0333E4FDEEF0}",NA,0,0,0,1,0
"{21C2315D-C68F-4B85-8455-2C23E6F6292D}",NA,0,0,0,1,0
"{B088EFA9-5D2B-4525-A3C9-829E22F1B7B8}",NA,0,0,0,1,0
"{D747B4DB-7286-4F30-B059-C9021F467788}",NA,0,0,0,1,0
"{C22EEFCF-BD15-4798-8FC5-0413126C2FD5}",NA,1,0,0,1,0
"{510FB854-C80A-422A-A39A-B3ECA5E5C853}",NA,0,0,0,1,0
"{A2C70B30-0471-4B3F-84C4-077BB1E08F06}",NA,0,0,0,1,0
"{911BFD1F-8C9D-465F-8329-BF35E5D82DBD}",NA,1,0,0,1,0
"{E859BE79-CD25-4653-A4BE-3A0EAC8FBC68}",NA,0,0,1,1,0
"{AD596F43-38DF-46A9-93E0-FFC4A1CFFA2F}",NA,0,0,0,1,0
"{E4BF91D3-A3DB-4124-B02B-4805FB84885C}",NA,1,0,0,2,1
"{D2F761CF-68AD-4F6B-8C76-A8813C72D017}",NA,0,1,0,1,0
"{D1852D71-65EF-4178-B4C2-439E5587FEC6}",NA,0,0,1,1,0
"{5049A558-C61F-443A-8C5E-E4A23B9EFF9F}",NA,0,0,0,1,0
"{9E13494E-8A8C-4F3B-A749-896602F838D3}",NA,1,0,0,1,0
"{B6464496-438C-4471-9904-398C7A29235B}",NA,1,0,0,1,0
"{03A02856-3965-46E7-B621-8C8D0DD6AC75}",NA,0,0,1,1,0
"{FC0C0F0A-ED70-4ECC-9606-72C54B8EBEBF}",NA,NA,NA,NA,NA,NA
"{E7D973E6-B51C-4CF4-ACD1-2228CA0920D7}",1,0,0,0,7,0
"{22D439D6-5B4B-4603-BD8D-29C436A167E0}",NA,NA,NA,NA,NA,NA
"{E461A576-CCCE-47B8-9282-6F21DE2384DA}",NA,0,0,1,1,0
"{C9CB8E05-511F-416A-9293-68F360683244}",NA,1,0,1,1,0
"{33887995-5AD8-4E76-8D55-13FD807D43B5}",NA,1,0,1,1,0
"{BAB46D43-3850-4C46-9CDD-507DD2628184}",NA,0,0,0,1,0
"{0401C73B-2C98-41E9-A202-CAC3187DA5DB}",NA,1,0,0,1,0
"{E577F6DE-606D-481D-9F23-FE21FCBE711E}",NA,1,0,0,1,0
"{9B4AE947-CF06-41AE-ADA0-A1E545A33ACA}",NA,NA,NA,NA,NA,NA
"{680558EB-DCBC-4A97-82AD-7B720CAA3671}",1,0,1,0,1,0
"{E0154712-1ED0-4D52-B1DC-83AA7312E571}",NA,0,0,0,1,0
"{BAF6886C-CA48-4E07-AE85-52B8447A7E13}",NA,0,0,0,1,0
"{F4BA596D-DFBC-4A7A-8FE6-D8431B8BE870}",NA,1,0,0,1,0
"{EBCFDDF5-BA6C-491B-B560-F2346BB7BC7B}",NA,0,0,0,1,0
"{484718E0-EDF3-46BA-8652-ECEEA6421935}",NA,0,0,0,1,0
"{BFBD4C9B-2B7F-4026-A26A-B37C99481716}",NA,0,0,0,1,0
"{FE6F87A2-92C4-4471-9E07-16C059DABE82}",NA,0,0,1,1,0
"{4ED71139-3C9C-4D47-9FFF-DB8DCA9BB209}",NA,0,1,0,1,0
"{7A001AFF-C347-496D-B0B7-88E24AA8C2B2}",NA,1,0,0,1,0
"{F4F8E5EB-66AD-4C5B-9F78-0D48FD352659}",NA,0,1,0,1,0
"{34188033-D720-43BE-9C25-D88E7E5F354B}",NA,0,0,0,1,0
"{CBFC78B3-68BE-47BC-8AB1-1334FB5F81B6}",NA,0,1,0,6,1
"{4AA20FB2-E6A6-4092-A4C0-34228F5E1A79}",NA,1,0,0,1,0
"{8C50B2DD-0684-4CA1-BA5A-72D2B70B611F}",NA,1,0,0,1,0
"{D002D88A-83A2-4251-A137-16CF1777E3F9}",NA,NA,NA,NA,NA,NA
"{E7625CBC-6C30-4C78-A576-D9EA0C0946FD}",NA,1,1,1,2,1
"{5E0C00CD-2658-4B5E-87FD-3519218BAB55}",NA,1,0,0,1,0
"{F1DB44C0-6AA1-4E8C-9331-81B184248B6B}",NA,0,0,0,1,0
"{3CC5C11F-3473-4B9C-9AA6-0E43B2A1B5B0}",NA,0,0,0,1,0
"{8860F386-E877-4D30-A6A7-31169F0B884D}",NA,1,1,0,1,0
"{AD428DEC-171D-40C8-AA0D-3257731F80C2}",1,1,0,0,1,0
"{2FFB5EFF-36FA-4F23-81EC-8DE14FD7EEE9}",NA,NA,NA,NA,NA,NA
"{BA1E5859-EF1C-4696-8702-C9567C6F5FDE}",NA,0,0,0,1,0
"{E7B5567C-FDA1-4E9C-9A9F-61629F2D3D56}",NA,0,0,0,1,0
"{C41D43B2-3628-4A90-87E6-91B9AF7C5776}",NA,0,1,0,1,0
"{CB784F74-516A-4E65-A4C9-94165E6BD659}",NA,1,0,0,1,0
"{2B0C262E-0301-428C-BED1-382081F3AE52}",NA,1,0,0,1,0
"{957DDC31-4315-427E-A0C0-795A850D17BF}",NA,0,0,0,1,0
"{669F8B1C-778E-4959-9C6B-C27C3FC248D9}",NA,0,0,0,1,0
"{7612BF27-301A-4DC8-91DB-CF410FF35F97}",NA,0,0,0,1,0
"{5CE1D48E-ADA3-48AD-BEA4-5C6340B75D1F}",NA,1,0,0,1,0
"{49191FFF-2F48-46F7-BCCC-D1A5F1E1DCFD}",NA,1,0,1,1,0
"{F2C1889B-2FAA-4F3C-9BF3-C2CA1A31283E}",NA,0,0,1,1,0
"{F693C041-B21D-4C38-9672-629065D94AD5}",NA,0,0,0,2,1
"{96523FDF-42F0-4909-A583-31049080D1C5}",NA,0,0,0,2,1
"{4DDEFD1B-CFB3-4DAD-A46A-43C36180BF4F}",NA,0,0,0,2,1
"{D3D69265-1C19-426E-8EFF-541D745C70D0}",NA,1,0,0,1,0
"{A6BA3F97-C19B-4490-A20F-2E856FBC277A}",NA,1,0,0,1,0
"{A1230572-2501-4DC8-82DF-48ACFF4355B4}",NA,1,0,0,1,0
"{ED0EEF99-939D-4D33-8C84-36171EBB6C75}",NA,0,1,0,2,1
"{E3C1C680-31A4-4DF5-8E86-91EF502878AF}",NA,1,0,0,1,0
"{E5FCC269-222A-4AA0-99EA-1E180CCA91FF}",NA,0,0,0,1,0
"{5DA25B53-C07B-4467-87FC-0F267A42A795}",NA,NA,NA,NA,NA,NA
"{707FDCC6-F30A-489B-8191-2F98ABE80F3C}",NA,0,0,1,1,0
"{A815D861-3580-4B11-A257-12F992724E0C}",NA,1,0,0,1,0
"{C800012C-46DE-4E20-BD10-64F8ECA20353}",NA,0,0,1,1,0
"{896095FD-139C-46DC-9361-AD90A878E708}",NA,0,0,0,1,0
"{6CC2CF59-099B-4868-A536-C647E2FF2DF5}",NA,1,0,1,1,0
"{EE7F0521-72CB-4657-9C39-1F9A7F2F3475}",NA,0,0,0,1,0
"{D7DA231F-D86A-49BE-AE71-221B609E854F}",NA,0,0,0,1,0
"{6689AA4C-1892-4C2B-B9EC-E2D21D845289}",NA,1,0,1,2,1
"{75131C7E-1426-49EE-B0F6-58DEDFA506EC}",NA,1,0,0,2,1
"{70E37AF4-0619-4AAF-A5FF-46060EEDCD54}",NA,0,0,0,2,1
"{7373D1BB-7554-4059-AEB5-9E252BEC099B}",NA,1,0,1,1,0
"{9F92AF6F-6A09-410A-BD63-C4C827CDD8CF}",NA,0,1,1,1,0
"{57691DB2-5DDE-4D1E-AAEE-6D6603DFE8E2}",NA,0,0,0,1,0
"{64776C09-1BAF-4736-B6ED-664EB9C65718}",NA,0,0,0,1,0
"{7F1D58BB-C62E-4BCD-91B6-89E9DEC8237E}",NA,0,0,0,1,0
"{7F0F06BC-2757-4017-925D-ABBCC2960116}",NA,0,0,0,1,0
"{2553EFF8-613A-4961-967A-A8BD0A5BFC36}",1,0,0,0,3,1
"{EE4282DA-3E4C-430A-88B2-F9BB9E3E377B}",NA,NA,NA,NA,NA,NA
"{54033C65-1A6A-4320-BA7D-F0531F1C1A4D}",NA,NA,NA,NA,NA,NA
"{D429A815-1513-49D2-BEB1-195C8050D077}",NA,1,0,0,1,0
"{49C1AE20-97CA-41E7-94FD-60B5A00BFF73}",NA,1,0,0,1,0
"{AD02FFB4-F60F-4708-BC95-2F02F9CFC613}",1,0,0,1,1,0
"{9028BAE7-08BB-48D9-AB72-378C88EDB445}",NA,1,0,1,1,0
"{EAD5B37E-C2CC-47CD-8E8C-27116DFA1C20}",NA,1,0,0,1,0
"{554C16BC-B3C6-443E-82B8-7962D3EC54DA}",NA,1,0,1,1,0
"{1838AEA6-4073-43E9-9897-E3017571C4A5}",NA,1,0,0,1,0
"{2D04BF16-BB79-48A9-869F-D7B58703A16B}",NA,0,0,0,1,0
"{C8EA1F0C-742F-42ED-B279-5FA446E453AF}",NA,0,0,0,1,0
"{6F937DCD-52E7-46FF-A61A-1EE3DFFEF102}",2,1,0,0,1,0
"{B1A1E810-1DBA-4DAF-8308-C9DEF8397BF6}",NA,1,0,0,1,0
"{0B45A846-A0E3-432D-8CDF-640B4412B186}",1,0,0,0,1,0
"{B17C45D2-10C1-4136-8156-1F76A30B9E42}",NA,0,0,0,1,0
"{51A370D1-1510-4C6F-88D4-CDEBA94A365D}",NA,1,0,0,1,0
"{271CC4FC-0758-4441-BD35-4772916561BE}",NA,1,0,0,1,0
"{01E5A39D-67C1-4D93-9ADE-0906B415F1D3}",NA,1,0,0,1,0
"{D60E9A17-DF1A-40A6-BD9E-3053F750688A}",NA,0,0,0,1,0
"{558587F7-4D13-4B3E-A939-C150A42D5242}",NA,1,0,0,1,0
"{BA6E2175-DCC2-400D-8D3B-A75B79B257C2}",1,0,0,0,1,0
"{84C3FB65-D32B-4D9D-98E9-59C25B06451E}",NA,0,0,0,1,0
"{285A8427-8ECB-41A7-8F58-3966DD448427}",NA,0,0,0,1,0
"{8341A739-B43A-4E29-90C8-FC8CACD079D0}",1,1,0,0,1,0
"{3DA95D21-EF4A-4ABB-8C7C-3F2D49B81D11}",1,1,0,0,1,0
"{563079C5-0227-4E59-A4B2-6D07B5CD967E}",NA,1,0,0,1,0
"{27168933-F98F-4B1A-B768-E040C105B028}",NA,NA,NA,NA,NA,NA
"{5E7D57ED-9468-4442-B43A-C1F5C11FE700}",NA,NA,NA,NA,NA,NA
"{0F407B0C-321E-4446-B9ED-F860F6E2DF93}",NA,1,0,0,7,0
"{AAD5DE5F-DC89-44B4-97EE-F92420DA6CE2}",NA,0,0,0,1,0
"{B2914AE6-B95C-4D6B-A4A9-1441A6D1945A}",NA,0,0,0,1,0
"{42ACA28A-4171-40D7-8A46-D575E29B143B}",NA,NA,NA,NA,NA,NA
"{0639F875-47CC-4650-B1EE-676EEF35106B}",NA,NA,NA,NA,NA,NA
"{681D4F33-A295-443E-8911-1131E3A06F64}",NA,NA,NA,NA,NA,NA
"{6BD63972-5DA2-45E3-B513-D8BD4497EBC0}",1,1,0,0,1,0
"{8BBEBB4E-7809-402A-8924-81DD73917B41}",NA,0,0,0,1,0
"{5BF7FFDC-5DC1-41BC-872B-1F41012A8B96}",NA,1,0,0,1,0
"{006182CF-6AE2-4DD1-B5B9-3CF61369FEC8}",NA,0,0,1,1,0
"{663B3794-FF3C-4ABC-9A14-56988CCF9A17}",NA,1,0,1,1,0
"{0F347BC5-A5EB-4CD1-8A1D-659C994481B6}",NA,0,1,0,1,0
"{B8059E7D-EC74-4507-9843-2B7B10DAFAD5}",NA,0,0,0,1,0
"{0290A59A-025D-4740-85B2-F477B0994724}",NA,1,0,0,1,0
"{866BFF48-C99B-49AC-A864-0E89AA3FDA77}",NA,0,0,0,1,0
"{75BC70DD-01D4-4C8F-A892-9BA0A165AA08}",NA,1,0,0,1,0
"{A0219502-751C-4531-83FD-6527C566091F}",NA,0,0,0,1,0
"{22DEFD63-7711-43B8-8774-8AE3FD91B6E3}",NA,1,0,0,1,0
"{4473D9E7-2E2E-474D-B605-1CF116E16600}",NA,NA,NA,NA,NA,NA
"{FEEB05F0-B355-4CE1-9A3A-D9EA38FECA5B}",NA,0,0,0,1,0
"{8196BF20-F341-4616-9D9D-041279E93C7E}",NA,0,0,0,7,0
"{D5CDE4E3-ECD9-4585-AB47-FB80D45622F8}",NA,NA,NA,NA,NA,NA
"{511FD318-C437-482E-A7E9-A0616824D566}",NA,0,0,0,1,0
"{9C6B0EF3-BEAB-4A64-BF76-923B7FDDE210}",NA,1,0,0,1,0
"{38148140-ED90-415B-9D61-01A01EA850AB}",NA,1,0,0,1,0
"{96AE4473-DD0C-4E5B-AB50-5BCC7022CBC0}",NA,NA,NA,NA,NA,NA
"{9130656B-529D-4D0A-AA7C-35D65D5FFC37}",NA,1,0,0,1,0
"{AAF57143-8D61-4473-911A-B4A9C60FA4EF}",NA,1,0,0,1,0
"{964B406E-9087-4CD2-92F3-CF78AE9F15FA}",NA,1,0,0,1,0
"{11A5E6C1-55FA-44C6-915D-27D796B6483D}",NA,NA,NA,NA,NA,NA
"{E86B4F26-3EF8-46D8-8094-3823C125AD5F}",NA,1,0,0,7,0
"{BEF3DE7F-110B-4EED-8ADA-8121967E566A}",1,NA,NA,NA,NA,NA
"{559CFF5E-E1F6-41C2-9EE6-6C5F7B4B2602}",NA,0,0,0,1,0
"{B09B7791-0462-47AC-AE3E-9647A3048533}",NA,1,1,0,1,0
"{45B3A8AD-2A85-44FB-9BC6-9978C50D8AB6}",1,0,1,0,1,0
"{73431C29-C64E-437A-9231-36AD1EA1ECFD}",NA,1,0,1,1,0
"{22E8AA0E-8469-4FE5-A9A0-DD97C3639FA5}",NA,0,0,0,1,0
"{71EBF32A-88AC-40D8-B4BE-283BC28E3583}",NA,NA,NA,NA,NA,NA
"{528459DF-F2D6-4D2E-97D9-E8997667BDE1}",NA,1,0,0,1,0
"{265EE0FF-AA42-4334-A62D-FE8499A6ADEE}",NA,0,0,0,1,0
"{866CF38A-58C1-46DF-8DA2-55D6DAFE471C}",NA,0,0,1,1,0
"{E4F403C7-2284-4D29-829E-74695F2C4F0B}",NA,1,0,0,1,0
"{CC4477FD-E6DF-4ADE-AEB6-8E1395DA1076}",NA,0,0,0,1,0
"{1E1FD299-8274-425F-BFC5-36794077EF92}",NA,NA,NA,NA,NA,NA
"{02CE14DB-5C4B-4976-ACB8-8BD9EA5793E1}",NA,0,0,0,1,0
"{9F2BBB9E-50E1-4BB3-BB09-426FD96070C6}",NA,0,0,0,2,1
"{0B60CC60-1D2B-4242-B230-31492F05AC23}",NA,0,0,0,1,0
"{A4CA708B-822A-4C33-9485-9DD3A00BE0A3}",NA,NA,NA,NA,NA,NA
"{1BEADDA0-B881-4CE9-8003-04D8BAA5C522}",NA,0,0,0,7,0
"{87D62E34-26A8-4EFD-BEF4-0C0C28137333}",NA,1,0,0,1,0
"{0D42BC44-1CB8-4234-9BD7-ECD196B2842C}",NA,1,0,0,2,1
"{B4B1DB94-38DF-410E-B167-D512B796005C}",NA,0,0,0,1,0
"{8C4D8906-3C3C-4523-BDD7-A658E19CB52B}",NA,0,0,0,1,0
"{E499B760-725A-43E0-A3C0-A06268493200}",NA,1,0,0,1,0
"{AEAC6160-E6CA-4618-8309-99F936DDF186}",NA,1,0,0,1,0
"{60B3FA26-B17F-45E2-892D-2FA625297B72}",NA,NA,NA,NA,NA,NA
"{EE54C4B4-354E-482C-B8C8-453C30626BC4}",NA,1,0,0,1,0
"{4C9BD816-EB70-4440-9BB7-3A1DF3DF8B2D}",1,1,1,0,3,1
"{0A92DB47-9A82-44BC-A19F-D87A74851E28}",NA,0,0,1,1,0
"{6D3851A6-AA88-4E42-9AF4-8A59AC33CF65}",NA,0,1,0,1,0
"{B7E81964-43C2-4FE6-93F4-634E3CEE48D6}",NA,NA,NA,NA,NA,NA
"{CFC9711D-1CC6-40A9-8008-F9BD30A1D42B}",NA,0,0,0,7,0
"{F941F9C9-68A5-4934-8BFB-613730392FB8}",NA,1,0,0,1,0
"{4B6E6F60-805F-4BD1-B80B-62C65DD4B3B1}",NA,0,0,0,1,0
"{71B59793-F089-418B-934A-6FE8EB110807}",NA,0,0,0,1,0
"{57D6D36F-CFC9-4C81-A2D9-C132163F2A49}",NA,1,0,0,1,0
"{CB4E4FD8-E554-47D2-A7D9-EA037D042297}",NA,1,0,0,1,0
"{0F883FCD-0F52-4E1F-9A68-0D46CCAAF97D}",NA,0,0,0,1,0
"{9368D165-E8D1-4E74-8E93-CCB72A040296}",NA,1,0,0,1,0
"{F479EE64-2CF7-433F-B110-3F801D2DAD67}",NA,NA,NA,NA,NA,NA
"{C552C32D-E602-45E2-B6B8-7AF13730D1B0}",NA,1,1,0,1,0
"{D73D1B94-4708-4BC8-B7BC-6BC561BCC81D}",NA,0,0,1,1,0
"{B3785879-4A4B-48ED-8C46-F208977B340D}",NA,0,0,0,1,0
"{03DE12D3-8E60-4E67-BBD1-A698F640092C}",1,0,1,0,1,0
"{D5695C9D-3805-48B8-9D58-52F10815A87F}",NA,1,0,0,1,0
"{63E7C595-6A25-485A-8D5C-1946D5FCF894}",NA,0,0,0,1,0
"{AC019733-9D01-463E-B5EF-D891039D8F0A}",1,NA,NA,NA,NA,NA
"{F1B491CC-AC1C-4B80-9A42-9616661A9B59}",NA,0,0,0,1,0
"{4C7A2DE5-6070-497D-BD94-3F8A41A62B3A}",NA,0,0,0,1,0
"{B61DE985-333E-462C-A5CB-169532FDA44C}",1,NA,NA,NA,NA,NA
"{7B1D10E2-83BB-4499-8BBE-219E7070731A}",NA,0,0,0,1,0
"{1184D95F-8B33-4A2A-B0E8-F49B3AC86789}",NA,0,0,0,1,0
"{E6676349-9125-41E7-B6B3-061015CF8DD0}",NA,0,1,0,1,0
"{744E39FA-8ABF-4B24-8943-48DD5402A9EF}",NA,1,0,0,1,0
"{C5638942-C54E-4E35-9575-2DFC54D793E7}",NA,NA,NA,NA,NA,NA
"{041F81D6-86B0-424D-A7C7-6AED496FF9A3}",NA,1,0,0,1,0
"{30B99503-EF5E-405E-AB2D-7E552ABD173A}",1,0,0,0,1,0
"{2423CA3E-9014-46F2-849C-6864CB91D439}",NA,1,0,0,1,0
"{9CF33D11-3CB1-4FA5-8232-496F8616BE25}",NA,NA,NA,NA,NA,NA
"{C9A56133-C859-4F2B-AF04-A02A91D0E67B}",NA,1,0,0,1,0
"{B485B112-120C-4197-B97D-179870094A50}",NA,NA,NA,NA,7,0
"{F9B75383-36B1-4E50-A318-275ECD0C580E}",NA,1,0,0,1,0
"{C5850381-98E1-4B71-AAC1-9B56CE99F106}",1,NA,NA,NA,NA,NA
"{02778FAF-FC8E-4523-9AA9-98F97B3AEF10}",1,NA,NA,NA,NA,NA
"{C4DB31D0-8687-47CD-944F-14BDAA19E528}",NA,NA,NA,NA,NA,NA
"{FBE77289-4C20-41DD-B03E-6D875331F699}",NA,1,0,0,1,0
"{74473A1F-9D23-4C19-B496-0124B1B144A5}",NA,1,0,1,1,0
"{C0683E65-D8CB-4C31-BDA6-F3F7557446E3}",NA,1,0,0,1,0
"{962553CB-114B-4C0C-9E17-B514705C50B7}",NA,0,0,0,1,0
"{60721F8F-F7A9-40F6-B68F-8D5AB28FF7F2}",1,0,1,0,1,0
"{4C9B7B80-AD00-4B0C-BD5D-A00678FEBA9F}",NA,1,0,0,1,0
"{F823898C-959F-4014-B0C4-62643406BFCD}",NA,1,0,0,1,0
"{FF49A528-5A69-44C0-92FC-6CA05C77AD9F}",NA,NA,NA,NA,NA,NA
"{7F7212AC-8178-4B1E-877C-37D59630CAD5}",NA,0,0,0,1,0
"{8B385A4F-6BF2-4340-A806-BDDBBDD667E2}",NA,1,0,0,1,0
"{80E75ACA-F773-4629-8074-C1F36E9D2A8A}",NA,0,0,0,2,1
"{10D1CD14-581D-47E9-8061-3420C69061FE}",NA,1,0,0,1,0
"{EE7FE3B6-1D05-4E68-9902-10BC792C63ED}",NA,1,0,1,1,0
"{A56C7A2C-3D2D-4718-993B-574A8F7D8954}",NA,1,0,0,1,0
"{4569B2A5-BEDB-441B-BB19-278629558229}",NA,0,0,0,1,0
"{4876BCA6-968C-475C-AE6C-037DC5471D33}",NA,1,0,0,1,0
"{AAB3CF31-1BE1-4237-AA53-C67437017F86}",NA,1,0,0,1,0
"{F2870288-501D-46D7-956B-DFC11B5F1AC1}",NA,NA,NA,NA,NA,NA
"{DA72A91B-9020-46F5-B856-CC6FB8ACAF1C}",NA,1,0,0,1,0
"{8C4AD18F-1FE6-4869-809C-8817FAD61448}",1,0,0,0,1,0
"{6E6C1003-7F34-4FEC-8CFD-6F2FA39E4794}",NA,0,1,0,1,0
"{FFE78CC4-65B6-4273-B6E8-9C063BE3F5FC}",NA,1,0,0,1,0
"{76D36155-77AC-4D10-9C2E-D9A0D8E4D535}",NA,1,0,0,1,0
"{839639DC-FE5B-4577-9EE3-E50A3CD8B963}",NA,1,0,0,1,0
"{FAC5E0D8-F2E0-4EE8-80ED-B85813077E4B}",NA,1,0,0,1,0
"{7DAD791C-5F9E-4C27-A694-C44D52176FA5}",NA,0,0,0,1,0
"{8A695FC5-DA62-4430-AE73-1B8FB3BE05D5}",NA,1,0,1,1,0
"{C0C127D3-C4E7-4AF1-A4DC-0F0FB42282F7}",NA,0,0,0,1,0
"{444323D0-5716-4641-8429-BDC303F4414A}",NA,1,0,0,1,0
"{45DBF56F-C137-47F9-B04E-ED431BA999A9}",NA,0,0,0,1,0
"{B76E58A1-BBF9-44E4-A5B6-C9AB18B85DB0}",NA,0,1,0,1,0
"{1876C7F2-B534-474D-9125-3ED91EE9CA01}",NA,1,0,0,1,0
"{7A53A709-D9E5-4D52-9128-E1ADC1630719}",NA,0,0,0,1,0
"{B387D8CB-95BA-4684-9655-2A59338C4688}",1,0,0,0,1,0
"{31DA6D4F-7A79-480E-8090-86E190938441}",NA,1,0,0,1,0
"{8808736C-7468-4428-81F3-441801FF586C}",NA,0,0,0,1,0
"{854CBA07-88E7-4AAC-9BF1-530409B25A63}",NA,0,0,0,1,0
"{F5AF9C08-8D45-43D5-9F0A-AEA8A289E6A4}",NA,0,1,1,4,1
"{ADD87484-3E95-4A0C-BA45-86187AA26D10}",NA,1,0,0,1,0
"{E1CA9983-A80A-4971-BDDC-53FBC1C2A0C3}",NA,1,0,0,1,0
"{6FE49C6C-70F6-4169-89DD-B4319428C912}",NA,1,0,0,1,0
"{87848F59-E4A2-49D0-B184-F3565F5030FE}",1,0,0,0,1,0
"{660C8AA6-A75A-4F0F-BF3A-738AA5BBCE7D}",NA,0,0,1,1,0
"{5D4728DD-338B-44B9-86B7-A6843C7188B9}",NA,1,0,0,1,0
"{5F5EF508-256E-4A57-B952-8E706FB0399F}",NA,1,0,0,1,0
"{FFBEDD2F-95FA-4263-91FF-A11135F90D42}",NA,1,0,0,1,0
"{9FDF7379-ABBB-4B83-A2FC-61B5D7493BC5}",NA,0,0,0,1,0
"{DA0EF917-F078-4FA1-A315-0D01A38B1BF3}",NA,NA,NA,NA,NA,NA
"{AC33D80C-3080-4CCD-84C9-80CADC633E6D}",NA,0,0,0,1,0
"{7BA09E40-DB73-433A-A03A-08414067A65D}",NA,0,1,0,1,0
"{9CA7D351-2A02-484F-8C12-48627B03BE0B}",NA,1,0,0,1,0
"{5ADB57DD-2468-45DF-9C70-80A5839C4AC7}",NA,1,0,0,1,0
"{0C815DA5-8049-4CE3-B7E1-A9EA79B595B9}",NA,1,0,0,1,0
"{3A9FB991-1E14-4DE8-AD9C-3FF8213E4322}",NA,0,0,0,1,0
"{593D1056-BC2C-4870-9654-2A8E7C7F612D}",NA,NA,NA,NA,NA,NA
"{37DFFA6E-BA26-44BF-B16F-641C8A9620B2}",NA,0,1,0,1,0
"{C5B57342-29A6-4601-B7E5-356705A9B9E5}",NA,0,0,0,1,0
"{B00BA228-38A6-4152-9F31-3C5C2CC7223D}",NA,NA,NA,NA,NA,NA
"{30DA7482-C4B6-40AA-87AC-5D560FD84EB6}",NA,0,0,0,1,0
"{0EB37EDE-5159-4DC3-8B0B-DB5D363BDF6F}",NA,1,0,0,1,0
"{713193F8-A3A5-4CB8-9B2E-CD52593B98F8}",2,1,0,0,1,0
"{0891566F-05FA-4D10-BF81-F31C1C4A71F0}",NA,NA,NA,NA,NA,NA
"{1C4701E0-9C1F-4816-AE65-BE036F2EA8B8}",NA,1,1,0,1,0
"{AD3F019C-8389-46C0-B4CC-2AC6D4942B47}",NA,1,0,0,1,0
"{87DA2F2C-A452-42EB-A942-6799B51B0417}",NA,1,0,0,1,0
"{BCFB38E3-7150-4743-893B-0DE418A58639}",NA,1,0,0,1,0
"{588651DE-995A-4FB3-859E-48AC0F93698F}",NA,1,0,0,1,0
"{F49C0B44-B50C-4821-BD1E-769F8FF7633B}",NA,1,0,0,1,0
"{8DD300EC-CE4F-4049-8555-F90E0880F17D}",NA,1,0,0,1,0
"{23956DEC-AEF8-4636-AB12-374ADBA20294}",NA,1,0,0,1,0
"{2BEF53B9-723A-4243-B042-B14FC68A14E8}",NA,0,0,0,1,0
"{05DDA7CB-43C8-46AB-BC33-ADCAEF9EA350}",NA,1,0,0,1,0
"{778C76D4-8639-4F8E-993E-D6B85A1DEC0D}",NA,1,0,0,1,0
"{A0FC9E83-27CA-4FD9-B6B5-44716714EC2C}",NA,0,0,0,1,0
"{7B7EAFC2-2410-46DE-8A30-CD5E91EEBF5E}",NA,0,1,0,1,0
"{27391B21-523A-4FC0-91EC-F638637CF16E}",NA,0,0,0,1,0
"{348E39FA-5B38-4517-AB58-40ACA65AF259}",1,0,0,0,1,0
"{860A0FE1-4381-4C35-A8AE-C78C96F0FBBE}",NA,1,0,1,1,0
"{80F995A5-4679-499A-B45E-5B8F7213862C}",NA,1,0,1,1,0
"{2C05DA86-D51C-4274-8349-55249491355F}",NA,1,0,0,1,0
"{72D13F21-1773-460F-B45A-6FDB1F69DE7C}",NA,1,0,0,1,0
"{43A771BB-A645-4DB1-9F7B-AE84461115AE}",NA,0,0,0,1,0
"{86A0497B-CD45-45F7-976E-D6DE804B6605}",NA,0,0,0,1,0
"{62F6F905-F355-452D-98A7-C017AF121E86}",NA,1,0,0,1,0
"{EDD57BDB-B66E-4542-9072-DFE9BABA2209}",NA,NA,NA,NA,NA,NA
"{4F078343-3A5A-4592-96A7-B3EEFCF4CC9E}",NA,1,0,0,1,0
"{CD93DF61-C860-46CE-8BB1-58674F5C8C7F}",NA,0,0,0,1,0
"{7CA7468F-C534-4652-9C69-2BEA7B43F261}",NA,0,0,0,1,0
"{F4CC9F31-AFE4-41B2-9B3F-92542CAD9770}",NA,0,0,0,1,0
"{04D25E88-A527-4257-A042-6AFF8AB0DAAF}",NA,0,1,0,1,0
"{EAB2B630-BFAF-4984-95BD-82284D7BFA88}",NA,0,0,0,1,0
"{80370971-222D-48CA-AF6C-E4AFE492DAD5}",NA,0,0,0,1,0
"{D1894F01-A894-4020-BD8A-02F36EFE3BF9}",NA,0,0,0,1,0
"{8A770F0B-60B5-4999-959C-265390C77838}",NA,NA,0,NA,7,0
"{373DF608-AF1A-4581-899B-C8C86311457D}",NA,1,0,0,1,0
"{2DB2BBC0-59F9-4E15-84A3-E41A23F9844E}",NA,1,0,0,1,0
"{AEADED62-08F2-4CF0-AE74-21E7A227ABC9}",NA,1,0,0,1,0
"{C3F75C88-D623-45E2-847A-4CD3C609E8C3}",NA,1,0,1,1,0
"{794B29C4-AD8F-439F-8540-8655681971E5}",NA,0,0,0,1,0
"{994DC1BD-752A-4977-B11F-FFE13D2EF89E}",NA,0,0,0,1,0
"{B55A90CC-ADA1-4E4D-80AF-4C358C8D4633}",NA,1,0,0,1,0
"{BFD5D514-C4E4-4619-9E36-109F0F5C56C9}",NA,0,1,0,1,0
"{B3D39669-CF88-4B5C-BE3C-8BF55C551BA8}",NA,1,0,0,1,0
"{DF86AB6A-E548-4493-9A33-4301BD13DF95}",1,NA,NA,NA,NA,NA
"{894029BB-3412-4ECC-9AD7-87991A2AE514}",NA,0,0,1,1,0
"{C528299C-781B-4C0E-AD93-3EF12181149F}",NA,0,0,0,1,0
"{DE703BE4-2132-4E98-A11A-7F68B271D69D}",1,NA,NA,NA,NA,NA
"{8C8709AC-2474-45C3-BDC0-215E71A41D81}",NA,0,0,0,2,1
"{41542DA9-9706-4B30-9EE2-1DCE6484F6D4}",NA,NA,NA,NA,NA,NA
"{F2AD6D89-53CF-49EB-ABE5-5B55CF70792C}",NA,0,0,0,1,0
"{E874EA16-BD3A-40D6-A59B-3BB6EDD2C49A}",1,0,0,0,4,1
"{3F6EC047-5A2A-44D6-AD38-8344F3ED65B9}",NA,0,1,0,1,0
"{681A6520-7053-4BA2-AC41-6E9142C5FF87}",NA,1,0,0,1,0
"{E3432280-73E1-470F-9832-E96C6121D117}",NA,0,0,1,1,0
"{0C0961E8-6986-4C0B-BD3C-2665876480DD}",NA,1,0,0,1,0
"{5BA22F06-5122-4183-809A-0B039AEC9654}",NA,1,0,0,1,0
"{1EE933E0-4F4E-4D75-8FC7-FDFF3C621D1B}",NA,1,0,1,1,0
"{3D05060B-F0BD-426C-A684-431ECE8F8389}",NA,1,0,1,1,0
"{C59D2195-A589-40B1-A7A9-DD888F0871F7}",NA,1,1,0,1,0
"{A0D29578-92F2-41B7-87F1-33386DFCA70C}",NA,1,1,0,1,0
"{1A0DFA40-E789-4189-9B2B-AF2809789D3D}",NA,1,0,0,1,0
"{8DEC368F-9D64-4CDB-AAE7-4BA235085E0F}",NA,1,0,0,1,0
"{DE40C938-D906-4645-BFA0-FE7B33293932}",NA,1,0,0,1,0
"{BA1ABFB9-828D-4D40-A172-2D45CDF37F92}",NA,0,0,0,1,0
"{23DDE559-CAB9-4C36-B3BB-A87E1A6326DF}",NA,0,0,0,1,0
"{5CA882F2-145D-4A29-A8D4-769802B257E3}",NA,0,0,0,1,0
"{1B3B70B4-C312-4C6A-A316-A51D88ABE757}",NA,NA,NA,NA,NA,NA
"{121FFCC5-D652-4DDB-858E-58DA46D79538}",NA,NA,NA,NA,NA,NA
"{C3673C47-C782-4FDC-AD07-240C3E10743A}",NA,0,0,0,1,0
"{852914E1-CAC0-49E9-89BD-59D7FD2D5E54}",NA,1,0,0,1,0
"{EAA83FF6-386E-4B82-87AD-92E774689289}",NA,0,0,0,1,0
"{B778FE56-B878-406D-A92A-CAF2B74C72C5}",1,0,0,1,1,0
"{8816F898-5C1D-40A1-8286-3586480A90A5}",NA,0,0,0,1,0
"{A446E943-3856-4C5C-8BD0-7CAB94B3C40B}",NA,1,0,0,1,0
"{D38C1D30-6026-4FE4-8305-B04098927485}",NA,1,0,0,1,0
"{BD06CD86-DEA7-4689-8ABF-66B5C290D89B}",NA,0,0,0,1,0
"{6EE1C730-78E8-4807-B960-5529805918E1}",NA,0,0,1,1,0
"{40637803-C141-4097-AECB-9D153F401C73}",NA,0,0,0,1,0
"{6D2BDB0C-9F0B-42B4-BF96-E8DC63C56DF8}",NA,0,1,0,1,0
"{4B978308-E517-4C49-8F7B-252582E95008}",1,NA,NA,NA,NA,NA
"{DECD1E88-03A2-464D-B69E-FA035C661F2F}",NA,NA,NA,NA,NA,NA
"{5A2EB971-B358-495A-91DB-B8B59381A839}",NA,0,0,0,1,0
"{01BDBA42-8839-4D3D-BF1C-68EC195A6166}",NA,0,1,0,1,0
"{8A6E893B-5770-40A3-BB1F-65786C2A43C2}",NA,0,0,0,1,0
"{35CD01E1-CF94-42CB-A39F-AC5711D23E08}",1,0,1,0,1,0
"{177FB833-31DA-4497-9884-784D901EF77F}",NA,0,0,0,1,0
"{91B6B2B2-9DF2-4951-A7C6-9F151E3AE05B}",NA,0,0,0,1,0
"{C4163DC7-C00D-43F7-A2C8-4DEF5679493F}",NA,1,1,0,1,0
"{56CFC939-5637-4410-A25A-6C7E9C29E7AA}",NA,1,0,0,1,0
"{898B855C-1064-4590-B0D9-11A310F6B42B}",NA,0,0,1,1,0
"{805DB8CB-5BC8-43CE-8E1E-4EC242B895B4}",NA,0,0,0,1,0
"{CA5935E8-DB2F-442B-BD48-4E3E9FD995E6}",NA,0,0,0,1,0
"{4179D94F-2B00-479D-A42C-CD7396EB43A2}",1,0,1,1,1,0
"{2C24A65E-AAC7-4C32-91DB-6DD7672D7D9A}",NA,0,1,0,1,0
"{C2F48AB2-F336-47EA-A69D-1B783CE29071}",NA,1,1,0,1,0
"{1C8871C3-CDBB-41BD-9D4E-1142C44356CC}",NA,1,0,0,1,0
"{E4626786-B256-41C6-92CA-28CFF48F921C}",NA,1,0,0,1,0
"{5675CB2F-0D33-4875-A902-D9C38EEDA25A}",NA,1,0,0,1,0
"{2839A8BC-082E-4A31-AE56-61B51ECEF39E}",NA,0,0,0,1,0
"{5E400FD8-EF80-42FE-9C8D-B86622EB5B11}",NA,0,0,0,1,0
"{F325FD07-7740-476D-BDCF-9A678B7349A1}",NA,0,0,0,1,0
"{F0067CC3-626F-4D84-802F-B5F036BBADFD}",NA,NA,NA,NA,NA,NA
"{CABBC319-3994-4698-ACED-1E783E3D8345}",NA,0,0,0,1,0
"{FF1CA611-9FA8-41B6-B0D5-273D4DF3B006}",NA,NA,NA,NA,NA,NA
"{3DA09525-D7B2-45E1-B1B6-3ED74AC8F374}",NA,0,0,0,2,1
"{F46F9A1D-6C38-44B9-8BD6-555E92317709}",NA,1,0,0,2,1
"{B5202D56-6E18-4508-AE63-5362A59F30A8}",NA,1,0,0,1,0
"{722D8396-B1FD-4E2A-A1B3-43E0FE37037D}",NA,1,0,0,1,0
"{99DE68A1-9257-4858-9F3A-3FFBC9D7F03A}",NA,0,0,0,1,0
"{71C0A52E-E3E4-4B59-8530-8D7285F399E9}",2,NA,NA,NA,NA,NA
"{D3EECDD9-AE74-4343-B202-AD0CE887E69F}",NA,0,0,0,1,0
"{2CF5CF9C-1CDD-40B2-B8A8-E88666433289}",NA,NA,NA,NA,NA,NA
"{7AE82390-E01F-4389-97E2-97187DD0533D}",NA,1,0,0,1,0
"{A814F298-7542-44FE-B5C1-CD63A08A44F7}",NA,0,0,1,1,0
"{4577CE2A-D0E9-4146-AAE6-E7A6402E1CF8}",NA,1,1,0,1,0
"{D5B68B03-2617-43E5-832C-2AB5DEA8B4EA}",NA,0,0,0,1,0
"{7BBED94B-F060-485C-9298-865419062493}",NA,0,0,1,1,0
"{113E743A-53F6-4D16-9802-732B13101A89}",1,1,0,0,1,0
"{A9442849-BE82-42EF-A6F4-DFEE431E00F0}",NA,NA,NA,NA,NA,NA
"{BEB1FD49-C66F-4210-B965-4B7567DA923B}",NA,NA,NA,NA,NA,NA
"{EC5C9485-D9DD-4AC9-B8B3-C5F432C1C9DD}",NA,NA,0,0,7,0
"{8895A266-EBED-4CA6-9E85-6D141A01025C}",NA,0,0,0,1,0
"{54B717E7-4D1F-44D0-845F-38FCFC8909B1}",NA,1,0,0,1,0
"{BE2DCBE4-1967-4F90-BADB-35F48F8650DA}",NA,1,1,0,1,0
"{611185FE-573C-4B2E-9CAA-FA77C628D0A0}",NA,NA,NA,NA,NA,NA
"{61527826-4A23-4E30-8D45-FF807845620D}",NA,NA,NA,NA,NA,NA
"{A53D1888-DE7B-4523-BF2E-3EDEA05D18A2}",NA,1,0,0,1,0
"{528918D4-6C02-4D4B-A43B-3F111FC5BAB4}",NA,1,0,0,1,0
"{401F91E8-CA2C-4158-A342-BBF394980F12}",NA,1,0,0,1,0
"{F1359234-27AA-4701-9726-391EF909680D}",NA,0,1,0,1,0
"{FD6E810E-FDB9-4D8E-909C-3C3C74C6AF44}",NA,1,0,1,1,0
"{74C9A627-7077-4C71-861E-FEA4AC20616C}",NA,0,0,0,1,0
"{80DB477A-BEA9-4098-B940-2BD91A296C20}",NA,0,0,0,1,0
"{A03DCD9E-2020-43D8-B35F-359B587D380A}",NA,1,0,0,1,0
"{933B6714-CD6C-4AA0-8A8A-0E13C1BD305F}",NA,1,0,0,1,0
"{F6694F8D-2B23-4C48-868B-C8DE1E82A30A}",NA,0,0,1,1,0
"{324ACC80-8401-4D42-B9E4-22A0BF3443F3}",NA,1,0,0,1,0
"{5FD08758-6C95-472C-A858-BC18A381B8FB}",NA,1,0,1,1,0
"{EA16624A-133E-4084-B690-1EA4C4A749FF}",NA,0,0,0,1,0
"{8AF5B55B-BE8C-47E2-AE1C-9E62EF1F2A26}",NA,0,0,0,1,0
"{6A970B43-19C2-4157-B5EC-9DF8097681A8}",NA,0,0,0,1,0
"{25BDC7AA-7870-41AF-9625-895E073308EF}",NA,0,0,0,1,0
"{77AF1C8F-E02B-4046-B637-25745A198620}",NA,0,0,0,1,0
"{272A7946-1F24-43AD-8F23-CEA994D43DDC}",NA,0,0,0,1,0
"{F04483AA-D355-4F7D-B1DC-D643DA9C3231}",NA,0,1,0,1,0
"{60EF6008-A42A-4B84-9B48-20618286B5AD}",NA,NA,NA,NA,NA,NA
"{ABE3EEB7-C387-43D9-8A4C-CBD7F1871310}",NA,0,0,0,2,1
"{2E09A342-29EE-443A-83DA-32E137443C8A}",NA,0,0,0,1,0
"{CA65CA57-55D5-44E8-B1E6-9577B4E1C510}",NA,1,0,0,1,0
"{344C9DA2-7324-4549-9730-B5C104C0DC8D}",NA,0,0,0,1,0
"{4CE3A941-4FE5-421A-8889-3E890395B7F7}",NA,0,0,0,1,0
"{F5FE2020-69ED-43FB-A224-25EC7D16EB5A}",NA,0,0,0,1,0
"{272AE863-240B-4D2D-8CF4-723340305A49}",NA,1,0,0,1,0
"{B7C56017-00B2-4FAE-B720-1A9BFA34D473}",NA,1,0,1,1,0
"{B7A124AE-42AE-4E7A-B5A6-BAE449ADC33F}",NA,NA,NA,NA,NA,NA
"{C590EBBD-0263-401F-B361-FB2E2DDB1E2D}",NA,NA,NA,NA,NA,NA
"{BB199D63-371F-4167-85AA-174B2ACD4A4D}",2,1,0,0,1,0
"{ED8595DB-5D4A-4AD5-8929-29686FC77381}",NA,1,0,0,1,0
"{B536629C-24BC-4F64-A6D1-F6F3EB4DE530}",NA,1,0,0,1,0
"{968639A4-11CB-4FE3-95D6-65880163325B}",NA,0,0,0,1,0
"{1DEAD92D-4B3E-44CA-B81C-3EDB38BF35B5}",NA,1,0,0,1,0
"{D12A7A51-219D-462B-98C5-AFF0CF525EBE}",NA,0,0,0,1,0
"{602CDCF3-1B37-4839-80BC-236A40491950}",NA,1,0,0,1,0
"{CA03C356-58A7-47DE-9301-81D42215FD06}",NA,1,0,0,1,0
"{FD5BB718-2B94-4047-99D4-6A02F6637C6E}",NA,1,0,0,1,0
"{A2BC5806-760E-4D2A-BDEA-AD23F382EF2D}",NA,0,0,0,1,0
"{6B3D929F-4F06-430A-BB5B-4E418DBDC5C4}",NA,0,0,0,1,0
"{B5A6D5C7-3D37-48BA-B8C8-319B3EE576A9}",NA,1,0,0,1,0
"{CF4DE181-252A-441B-8462-3AB9D12FA1EF}",NA,0,0,0,1,0
"{D02C3BD8-BEA7-4989-BDCD-E1D8073BAB33}",NA,1,0,0,1,0
"{0C63FE82-7409-4F53-9AF6-4F4E1E483778}",NA,1,0,1,1,0
"{5E52078E-9A8D-4E51-8914-901337E6BF44}",1,0,1,0,1,0
"{6071D63D-DC2B-4774-9E96-B1A5E620497F}",NA,NA,NA,NA,NA,NA
"{9E1E1245-14BB-4CA3-91D4-DA19C0D9C76F}",1,1,0,0,1,0
"{2C0C686A-6DEC-4EA5-86A9-32F0D967EB1F}",NA,0,0,0,1,0
"{116AD6E2-9B1F-4EFF-BB2A-4E830B5500E0}",NA,NA,NA,NA,NA,NA
"{024D5CBD-0C0E-4A02-989F-F028BAF8FE4E}",NA,0,0,0,1,0
"{6540011B-A779-4EA4-9ADB-FCCEF9562461}",NA,1,0,0,1,0
"{615C66E6-0D13-4B91-825F-527F560BE54B}",NA,NA,0,NA,7,0
"{B1607F53-8F21-4961-9BF9-C894BBA291C6}",NA,0,0,0,1,0
"{68552161-F5AC-4B70-81ED-934C53BC4C27}",NA,1,0,0,1,0
"{907C710E-0157-4005-89ED-3A155C236476}",NA,1,0,0,1,0
"{8FCBB587-76F4-4221-B047-A1BE465CBCEA}",NA,1,0,0,1,0
"{099C5E9D-39EE-4787-9D3D-88A583F4E26F}",NA,0,0,0,1,0
"{FDA2E828-FEAD-4E44-996B-4D4E4436F841}",NA,0,0,1,1,0
"{B5A6218B-6FAE-4870-A75A-9D6A7B90C4CB}",NA,0,0,0,1,0
"{312E4875-3B29-4C0C-A2E9-9030A7260A9B}",NA,0,0,0,1,0
"{47E91E2F-8922-492B-8888-DA756258694F}",NA,0,0,0,1,0
"{B6D64862-2287-4615-B073-FA076AA2C216}",NA,NA,NA,NA,NA,NA
"{A8123F79-E31B-4594-8169-618729336D71}",1,1,1,0,1,0
"{9ECF0A58-B6D8-41E2-BDFA-B58FA223D47C}",NA,1,0,0,1,0
"{E0CAB8D6-CCAE-46EC-8F71-DF10BA2CAEC2}",NA,1,0,1,1,0
"{F52991A4-225F-429F-8915-A240985ADF8E}",NA,1,0,0,1,0
"{FA37799F-FDAF-43C2-9B1E-90EC288BA2C0}",NA,1,0,0,1,0
"{674BE4B0-9196-4731-A052-884A54DD2272}",NA,1,0,0,1,0
"{CDA1C6EF-FCEB-469D-ADF2-8C02A985D21B}",NA,0,0,0,1,0
"{BC0219D9-8894-4205-994A-1EAA73E55864}",NA,0,0,1,1,0
"{AB9D8F91-EE78-4E42-B4AB-D25144F794F1}",NA,0,0,0,1,0
"{D33FD9F0-5A7B-4F5B-8E4E-06894F6A5F51}",NA,0,0,1,1,0
"{9750FC73-107C-45AB-B0BB-05E68C3F37DF}",2,0,0,0,1,0
"{B11A1E43-AD04-4849-96CF-FC8623DAB3D1}",NA,0,0,0,1,0
"{F69BD51E-03E5-4FD2-A319-D5F0A258CB6B}",NA,1,0,0,1,0
"{903467EC-11CA-4FD3-8136-07C48A851AA2}",NA,0,0,0,1,0
"{E1889E40-736A-43BA-A51F-D04C396FDBA9}",NA,0,0,0,1,0
"{A34B6C3B-7BFB-4791-8C6F-89EB6E5CA451}",NA,0,0,0,1,0
"{F0ED0FC4-ADBB-40A3-BFFB-2262E5E2B5B5}",NA,NA,NA,NA,NA,NA
"{49DD8421-FBD2-4548-9C9F-DEAF55A99788}",NA,1,0,0,1,0
"{BBEEECAA-883C-464B-8751-159127EC831C}",NA,NA,NA,NA,NA,NA
"{1DB6B6BE-B4FE-45BA-A1EF-7F05D99A21F4}",NA,0,0,1,1,0
"{8F5CD3BC-BAC8-489B-8B94-7B31B7D4C1E3}",NA,NA,NA,NA,NA,NA
"{AB787319-8DC0-4AA1-B18E-81FB112D2DE0}",NA,1,0,0,1,0
"{EC1C219F-B1AF-4F05-9492-0E054DC942DE}",NA,1,1,0,1,0
"{4409545F-F39D-4F8D-9547-12984943FB5D}",NA,NA,NA,NA,NA,NA
"{CFCA08F9-DA5B-4744-A41E-81D37C23F4DE}",NA,NA,NA,NA,NA,NA
"{439442A9-C577-4858-8DBC-C39F6A68DEF9}",NA,0,0,0,1,0
"{51752DBC-2A20-49D7-A061-90786313C2DB}",NA,0,0,0,1,0
"{60D2CA23-FDC9-4C02-8471-51A18B7EA9FD}",NA,0,0,0,1,0
"{A41EDD41-6883-43F9-BE5B-E39CF8316B11}",NA,0,0,0,1,0
"{08C24F9D-5451-4E19-ACE9-63D107AF0AC2}",1,0,1,0,3,1
"{E385865A-CA29-460A-A09A-F3A0BDC096A1}",NA,0,0,0,1,0
"{5A6BD8DE-7207-4EFA-92A2-82620B204E4D}",NA,0,1,0,1,0
"{80EE8A42-2A85-4A99-A3BB-9C265A3B760C}",NA,NA,NA,NA,NA,NA
"{83D48B81-8824-4366-B504-9E8949D9B4D7}",NA,0,0,1,1,0
"{076F1C82-B685-40F7-8E67-7DD93711434A}",NA,0,0,0,1,0
"{928CECB0-C43C-4B00-9A49-14A0171A870A}",NA,NA,NA,NA,NA,NA
"{9A8A9E04-B089-4F6F-833E-5C07BF14EE6E}",NA,0,0,0,1,0
"{3041EF12-CFAC-4CEE-8A60-9C1DBF87CB4F}",NA,0,0,1,1,0
"{50CE4BC6-E316-415D-8483-3423C52E8213}",1,0,0,0,3,1
"{BC16F275-7FAD-4BF3-BBFA-090B52C32DC2}",1,0,0,0,1,0
"{1E2F4AB9-26FE-4969-A679-AE9DB0C73F02}",NA,0,0,0,1,0
"{248B3A86-C948-411D-A9AD-158BC914C3E6}",NA,0,0,0,1,0
"{179F9465-D2E7-4F38-AAF6-43838976785D}",NA,0,0,0,1,0
"{6D3064D4-34DA-47BB-AF9A-B94C710BB5DF}",NA,0,0,1,1,0
"{B89D6DE2-0DAE-4321-8B5A-FDCD0C7C4F19}",NA,0,0,0,1,0
"{2D8A5089-A785-432C-A5A1-AFA6D66A1268}",NA,NA,NA,NA,NA,NA
"{F6B06C1E-363E-4616-B84E-2ECA0F2A7CB7}",NA,NA,NA,NA,NA,NA
"{6DD784A2-0FAC-42E9-8C04-C1A67E7FCF3E}",NA,0,0,1,2,1
"{50C99FAD-36D9-4ACF-A555-60B5AA619697}",NA,NA,0,NA,7,0
"{36A5D1E6-4D62-4210-A162-CDE8CF717E4A}",NA,NA,NA,NA,NA,NA
"{5A8D50BF-5FA4-4382-B6C1-139325DBC170}",NA,NA,1,0,7,0
"{DD32FE42-A964-411C-AE42-9A594FAA6315}",NA,1,0,0,1,0
"{CAAD56C2-BF00-4C0F-91C3-91AFE0911CD3}",1,NA,NA,NA,NA,NA
"{9C1A0F98-9D20-4B58-B62F-8756542EFF50}",NA,NA,0,NA,7,0
"{2BDD2BEC-C574-4168-9E96-B73BC4415260}",NA,NA,0,NA,7,0
"{92A32D43-A7E7-4561-BC07-DCCDADFEC4CA}",NA,NA,NA,NA,NA,NA
"{17091202-0A80-46BE-902C-8C77399B85C8}",NA,NA,0,1,7,0
"{0E21F372-C473-4039-83BF-FF2C559BACD5}",NA,0,0,1,1,0
"{B92CE25C-1A4F-47A6-865A-2F69BC22C978}",NA,0,0,0,1,0
"{812E631F-6E82-4C61-9147-088617DF0F56}",NA,0,0,0,1,0
"{51EFB3AE-E94C-4289-B2E2-2F1F9801D16A}",NA,1,0,0,1,0
"{224824B7-DAF6-483D-BB65-530823184946}",NA,1,0,1,1,0
"{A8B95448-782B-438D-8988-378C83C40F6A}",NA,0,0,0,1,0
"{CF92A53F-1B69-4A88-87A2-35DC4D879468}",NA,1,0,0,1,0
"{E00F4AC9-0513-4DDD-BA6F-09D6BC2678DB}",NA,0,0,0,1,0
"{CEC66073-0AED-4BB2-9765-FB650A3B429E}",NA,NA,NA,NA,NA,NA
"{B2C04397-D625-4D3C-9FB5-B8CBFD84F353}",NA,1,0,1,1,0
"{FD5B904A-109E-48A7-984A-A8F1B70E9F63}",NA,NA,NA,NA,NA,NA
"{05C513B9-A488-418E-9665-52BADF6C1CFB}",NA,0,0,0,1,0
"{EBADB743-555D-4E0F-B89B-F937FB79F4F0}",NA,0,0,0,1,0
"{157E1B12-812C-41F1-911F-9D9EC51EC62E}",NA,1,0,1,1,0
"{FF8129E1-97F2-4771-8F83-E6D99297334A}",NA,1,0,0,1,0
"{A601C30D-16B9-462F-8D79-753A6756C059}",NA,0,0,0,1,0
"{097556F7-52B6-472E-9882-D928CDB4F6B7}",NA,0,0,0,1,0
"{0B84A8CF-9B8E-4D4F-B585-8638C3C1320A}",NA,1,0,0,1,0
"{C99D6FF9-CDB7-4597-ABEE-53F4BBF37A62}",NA,0,1,0,1,0
"{8D4ED515-36DB-41FD-885A-80B036AE21B1}",NA,0,0,0,1,0
"{863592AA-12B4-41EC-8704-71EC59A87553}",NA,0,0,0,1,0
"{46DD54E0-B4ED-4207-AF09-672025276DA1}",NA,NA,NA,NA,NA,NA
"{52B4B4CD-DFFF-4B71-88C2-3FC89D85FF98}",NA,0,0,0,1,0
"{432F69B6-0783-4919-8DAA-EBC2AA649B6D}",NA,0,0,0,1,0
"{EF5C6D20-FEB9-4B29-96F5-ED99924A108C}",NA,1,0,0,1,0
"{BE564B2F-E21D-4A8B-8A6A-46D15E60B703}",NA,0,0,0,1,0
"{23DB4C41-85BD-4A59-B47D-F74DC9BE1255}",NA,0,0,0,1,0
"{76C10C31-0152-4890-9513-E9E579FE161F}",1,0,0,1,1,0
"{952BAFE7-FF60-4FD4-99A6-AE9484FCCCBC}",NA,0,0,0,1,0
"{F910CFE6-8A8B-4614-B1CE-7B07D51A5C57}",NA,1,0,0,1,0
"{A634FB56-31E7-4286-ADD6-CE7A6D6BB4BC}",NA,0,0,0,1,0
"{BC5ED524-72A0-44BD-8029-6E380B5E0CA0}",1,1,0,0,1,0
"{7AFA2374-263F-4A5C-972C-07A2B2CCD497}",NA,0,0,0,1,0
"{ABADEF91-F873-4807-A914-272B6E8CCAE9}",NA,1,0,0,1,0
"{A23785F1-F956-4589-897C-37890B2E39CE}",NA,0,0,0,1,0
"{5DC30751-8753-4EA3-A61F-1D5CA2786D70}",NA,1,0,0,1,0
"{1D128BD5-84A2-4F7D-863A-58C72BC2F388}",NA,0,0,0,7,0
"{C306F6C0-1677-44B6-9A60-43A91D9285E1}",NA,NA,NA,NA,NA,NA
"{BF6AFE5B-8D4A-4C40-A3C9-7A1CD07A782D}",NA,NA,NA,NA,NA,NA
"{8A19F8A3-18F8-423E-A170-44313B1F2BE5}",NA,0,0,0,7,0
"{AE5A3122-BE7E-4940-919B-B73FC7866D4E}",NA,0,0,0,1,0
"{394E1133-FBFA-4F3B-B9D5-70ADEF9DB820}",NA,0,0,1,1,0
"{3429A0CC-EB0F-4154-9142-F192A7FBEA7F}",NA,0,0,0,1,0
"{1AC3FA14-8C95-4AE9-9A41-C9C47CE6EB7D}",NA,1,0,1,1,0
"{2067BF6B-1897-41A1-B6A1-230B39B697FE}",1,1,0,0,1,0
"{CD2EB511-70EF-4C55-8DB0-C8A49F735A22}",1,1,0,0,1,0
"{AC817476-5204-4E87-A570-8E23A9418627}",NA,NA,NA,NA,NA,NA
"{EBB38E87-31C3-4AB9-8812-B445C340FEF2}",NA,NA,NA,NA,NA,NA
"{BA82740F-D5DE-4519-9112-9BCC2B0BF3A5}",NA,NA,NA,NA,NA,NA
"{723A8CFD-0CDC-4686-84B7-14B40B866477}",NA,NA,NA,NA,NA,NA
"{76179EEE-8445-4527-92D1-BAA0A98DD98C}",NA,0,0,0,1,0
"{0B0DCF3A-D955-43F3-B567-A4530461894F}",1,0,0,0,1,0
"{80E4998B-B53F-4A78-806F-466B29F2D242}",NA,NA,NA,NA,NA,NA
"{47092421-9483-4F49-A45A-A0AC39C1CEBC}",NA,0,0,1,1,0
"{C61C8A20-4B03-4441-9328-34E3555BFB40}",NA,NA,NA,NA,NA,NA
"{657594F6-802B-4F0A-B930-F7EB9617465C}",NA,0,0,0,1,0
"{7DF0A9AB-237E-4829-B694-0583A3E02FBC}",1,0,0,0,1,0
"{13F33BF6-58C2-43CD-80BD-0A0BDC291A03}",NA,0,0,0,1,0
"{9FEFE495-49E6-458A-8F57-2C8552BDF3EC}",NA,0,0,0,1,0
"{9BE6F76E-C899-439E-9BAC-49C9C5D2BC43}",NA,0,0,0,1,0
"{03C26550-01BC-4BA4-B841-3522DE826E45}",NA,1,0,0,1,0
"{DB06377E-E00E-4D5B-911D-407CFB76CF6A}",NA,1,0,0,1,0
"{4BAE2160-DAAF-45A9-B84B-D1E44C2B0656}",NA,0,0,0,1,0
"{1ABE46FC-DBFE-481F-BE03-62C991700570}",NA,1,0,0,1,0
"{37810896-4F25-47E4-8AB6-39F9F22A9142}",NA,1,0,0,1,0
"{48DD6525-6182-45EB-AF48-95E85685F2CC}",NA,1,0,1,1,0
"{8D6427A7-7C25-414F-ADBD-39E282AB6FCA}",1,0,0,0,1,0
"{637B9857-0B74-4F31-8B47-C52275334867}",NA,0,0,0,1,0
"{B9E18836-FB5E-4FDD-9266-31211743E71E}",NA,NA,NA,NA,NA,NA
"{27C31B53-F101-4D9D-A68B-AEDDEAB4866E}",NA,0,0,0,1,0
"{84F8ED23-DCEB-4E2E-B3AC-72CA12CC446A}",NA,1,0,0,1,0
"{80E2E4FD-A90B-4E65-94B6-04A04D94517A}",NA,NA,0,NA,7,0
"{A68EDC9A-57F1-40C2-BAAD-EC3C01F4E6CA}",NA,NA,NA,NA,NA,NA
"{100F819B-89D0-4CAF-BC09-16632A947D4A}",NA,0,0,0,1,0
"{58F376D4-B3FE-4039-8245-7EBC71F6306B}",1,0,0,0,1,0
"{25FBBB9C-3E0C-4A5F-A102-9F84843EF8D6}",NA,0,0,0,1,0
"{6DB19513-5C6C-4B59-9979-0796E0DB42CA}",NA,1,0,0,1,0
"{377311D2-5588-4513-AEB6-47C627D908D3}",NA,0,0,0,1,0
"{09D41C3E-D23A-4D7A-A0DE-BA3EFA69879F}",NA,NA,NA,NA,NA,NA
"{F66A5C3D-5AEA-4551-845F-897E2299893D}",NA,0,0,0,1,0
"{2BED359D-EEA7-408A-8F1B-7DB30C7F1C89}",NA,0,0,0,1,0
"{C138F85F-63FF-4CB8-AE70-F43C9751E76B}",NA,0,0,0,1,0
"{2A91C16D-2904-4AD0-9827-24835A746129}",NA,0,0,0,1,0
"{14FF3DE9-FED5-4C15-B5EE-51CA441FF3E2}",NA,NA,NA,NA,NA,NA
"{52AE17F9-B053-48CA-8576-B7CF93782532}",NA,NA,NA,NA,NA,NA
"{9205076B-BE96-4773-888D-925302F5FDFF}",NA,0,0,0,1,0
"{D4708982-BEBF-4858-8EF6-BEC7F4176050}",NA,1,0,0,1,0
"{6C340235-1BE3-4685-A00A-B2648F46B306}",NA,1,0,0,1,0
"{732F9EAA-CB12-4F20-A1E7-346874022C89}",NA,0,0,0,1,0
"{17A2BD81-63EE-48DF-AB08-A3669DE4DEDF}",NA,0,0,0,1,0
"{929D3D09-3A13-4CDE-9B22-D126D5F96467}",NA,0,0,0,1,0
"{1767BDC0-CB60-4674-A7A2-363176DB3E79}",NA,0,0,0,1,0
"{2AC8E22F-0DD8-41B9-AB0B-6A82CDA0DE56}",NA,0,0,0,1,0
"{B6B8C43A-7801-4A73-B55F-5F32DE33C248}",NA,NA,NA,NA,NA,NA
"{E2718889-D800-48C2-89D5-5D67EBF55A03}",NA,NA,NA,NA,NA,NA
"{CC820DE6-7CC8-412F-B8E7-F2BA8863AF17}",NA,0,0,0,1,0
"{EE39229A-54EB-405C-A4F9-8EE46944D1CA}",1,0,0,0,3,1
"{90CB0382-EDE0-4C63-A2CF-A1D3BE53E8B1}",NA,0,0,0,1,0
"{653E19C3-80ED-409A-9E48-29B11C456B4F}",NA,0,0,0,1,0
"{79B77AD8-EC45-4B8C-8E35-CB8A9C1C33E8}",NA,NA,NA,NA,NA,NA
"{29D27C8F-1BF2-4511-8B38-2F7373040CA6}",NA,0,0,0,1,0
"{69FFC420-DA01-4937-9ECC-C236BD34FCE3}",NA,NA,NA,NA,NA,NA
"{617765AB-A4A8-4E4D-9503-3446E3BE8F42}",NA,NA,NA,NA,NA,NA
"{7A55EAE6-588C-449C-AC3D-7E25F5E5E5CF}",NA,0,0,0,1,0
"{A238A244-EBF2-40FB-A276-467C009BB649}",NA,NA,NA,NA,NA,NA
"{76A739B7-7495-4588-AABC-A50888D3446D}",NA,1,0,0,1,0
"{D6A8A74A-C494-4ECF-AEBC-863DEB22A166}",NA,NA,NA,NA,NA,NA
"{D87F7A26-A812-4C58-8727-1D20079DD779}",NA,NA,NA,NA,NA,NA
"{7E928F53-7145-4685-BF9F-8A8C10762763}",NA,NA,NA,NA,NA,NA
"{D9C98B6B-72C4-4792-9E81-23B5D884A2D6}",NA,0,0,0,1,0
"{B76BA076-7779-425E-BCAA-08B3B4DD8F23}",NA,0,0,0,1,0
"{FAF3575A-2E54-4DB2-9AAE-1E9DB72796B5}",1,1,0,0,1,0
"{B4D4EDF5-051F-4BD8-82AF-E3E7290DF71E}",NA,0,0,0,1,0
"{65656E6E-F81F-4E7B-92C9-CC02766AED3F}",NA,NA,NA,NA,NA,NA
"{C3CC599B-D9A8-4F6E-95F9-C05D0EB62BCD}",NA,1,0,0,1,0
"{70C2729E-4F08-43C2-ACD9-757DB7DC194A}",NA,0,0,0,1,0
"{1F4E43B5-AD29-4BE0-92CC-2C65E027CD49}",NA,1,0,0,1,0
"{453BB613-8208-4FFD-A61B-01FE33910265}",NA,1,0,0,1,0
"{96E45B67-2E16-4DE8-B32C-87AE406D5FE1}",NA,NA,NA,NA,NA,NA
"{8933E426-C4AB-4D19-A12E-1BB108DCA540}",NA,NA,NA,NA,NA,NA
"{0669C4FE-75FF-4C52-803B-CC6CA708B3BB}",NA,0,0,0,1,0
"{E6DA433D-99B5-4C07-B14E-99BE0A19F371}",NA,1,0,1,1,0
"{2EDB45A0-FB65-412A-816A-B5EC9FACC2F9}",NA,0,0,0,4,1
"{883C0E28-4D5D-4018-8F70-D969BEF1E845}",NA,0,0,0,1,0
"{6064BB91-EA72-4471-A513-445C6A5DFDCA}",1,NA,NA,NA,NA,NA
"{7827720C-EBB4-48B1-9126-33C0C38B99E1}",NA,1,0,0,1,0
"{F5589ED2-A6C8-42B2-9713-93E36D751FA5}",NA,0,0,0,1,0
"{AB3A1509-BE74-44D3-B27C-7A5826B1C41B}",NA,NA,NA,NA,NA,NA
"{D08F4ADD-A72A-4DA4-AC60-4FE906D53A13}",NA,0,0,0,1,0
"{E3CD97A0-E345-47EB-8EE5-2032C218C7F2}",NA,0,0,0,7,0
"{DC049A86-E2AD-4D48-819F-BDA97979ED55}",NA,0,0,0,1,0
"{AB3EB379-A293-4368-85A2-87522988F112}",NA,0,0,0,7,0
"{2598CE69-67AD-4BF4-9FDB-17ECF993C12F}",NA,0,0,1,1,0
"{C82DD80D-4F3C-4141-9287-D6975EC5729B}",NA,NA,NA,NA,NA,NA
"{B1F54BA8-5C0B-47EE-ABE1-B1A658B20BE4}",NA,1,0,0,1,0
"{325681C9-D1DC-40AE-9615-9FACC370F40B}",1,0,0,0,1,0
"{865D4C38-F3CF-40A4-A6B2-CF4A43B710DF}",1,0,0,0,3,1
"{96D4A175-2086-4CC6-B526-CBE864CFE00B}",NA,1,0,1,1,0
"{B7B4271F-49B4-4078-BABF-850AEBAA00A2}",NA,1,0,0,1,0
"{45091641-BB64-41A3-A86C-89C32B026EC7}",NA,0,0,1,1,0
"{07B3EC6A-B996-4735-9524-EA9F0B49821D}",NA,NA,NA,NA,NA,NA
"{82B7549C-FE58-43F1-B249-E871B42AB93C}",NA,0,0,0,1,0
"{9BCC4DAE-BE0A-45FB-B049-55E57938091B}",NA,1,0,0,1,0
"{18C566C5-6643-43D4-8554-5D63F7368705}",NA,0,0,0,1,0
"{3984655E-83AD-4279-BFD3-D6A9DA40AE7C}",NA,0,1,0,1,0
"{3E615D7C-7DA6-4855-BB3A-B713399CD335}",NA,1,0,0,1,0
"{012ADD46-A216-48DF-9FF1-A9BA92A5BC0F}",NA,0,0,0,1,0
"{86C51DFA-5424-440A-8B21-DF5EA2959170}",NA,NA,NA,NA,NA,NA
"{0897D61C-4A11-4D29-B6AE-5ED39AA44534}",NA,0,0,0,1,0
"{5942CDE0-FA91-4D7B-80FD-5573DFBAC55C}",NA,0,0,0,1,0
"{400F41F0-91DE-40E8-BF4D-1BAD32FEF0C3}",NA,1,0,1,1,0
"{6D6D6117-3554-465B-9B53-52A0B84AC4D4}",NA,0,0,0,1,0
"{31090115-4973-4006-A757-40F49AED0769}",NA,NA,NA,NA,NA,NA
"{C9E43153-08E5-4D3B-A836-9DA96056DC35}",NA,0,0,0,1,0
"{942C3A49-160F-487C-8691-104CF003FFEA}",1,NA,NA,NA,NA,NA
"{5FAFCEB0-2600-403C-9618-9D396C8236B0}",NA,1,1,0,1,0
"{081AFDE3-7BE0-435C-957C-D29E26325A2B}",1,0,1,0,7,0
"{6111A9DF-AAAE-4278-9B49-848EB2C66568}",NA,NA,NA,NA,NA,NA
"{EAAE1D60-7E23-4A4F-94DA-1E1C635EA43C}",NA,0,0,0,1,0
"{92E99472-BB16-4435-B085-F33AA3D37973}",NA,0,0,0,7,0
"{C5BB7722-03FC-4E1B-9C63-FC239AEC3B11}",NA,0,0,0,1,0
"{1B003694-9BAF-46BC-BA8F-060931FF6BFD}",NA,0,0,1,1,0
"{5F4B9866-68A3-42C5-83EA-DAB3D0D5FF13}",NA,NA,NA,NA,NA,NA
"{3249A553-16E9-4935-B377-B18CE2A34C70}",NA,1,0,0,1,0
"{8643DA1F-E461-450C-A3DC-64491F88AB80}",NA,0,1,0,1,0
"{65109400-8F6F-4898-B760-293E70AB003E}",NA,0,0,0,1,0
"{A4EBAD69-F160-44B2-B2C6-A5022341F213}",NA,0,1,0,1,0
"{D4174DFB-46DF-4E66-8DF6-59093CE5BE5B}",NA,0,0,0,1,0
"{37DEE9C9-E47E-4737-8D0A-18C860ADDCF2}",NA,0,0,0,1,0
"{568FB4AB-5407-4242-82AB-D36368E6F712}",NA,1,0,0,1,0
"{465043BE-6E65-4444-B052-EE01842848E9}",NA,0,0,0,1,0
"{42911C57-0A65-4F03-B185-0C4696194A9A}",NA,0,0,0,1,0
"{1914F80A-BE7E-4830-B989-D19C0D692FC5}",NA,0,0,0,1,0
"{AF2BF66E-C2B3-464C-9414-E49802850E94}",NA,1,0,0,1,0
"{9F410DC7-52CC-47B5-B636-52F0D767BD50}",NA,0,0,0,1,0
"{63B514C7-69E6-4705-8D08-E97B86D9942F}",NA,1,0,0,1,0
"{E14323D4-FA3B-481B-B2C4-0AEC960BBD25}",1,1,0,0,3,1
"{EAFD9CC6-57A8-4FA2-8994-B044851942D1}",1,1,0,0,1,0
"{ECDB7CDC-2085-43E8-97EC-3D3020799AF9}",NA,0,0,0,1,0
"{10BDA07C-023D-4419-9B74-CEFF1CC5359B}",NA,0,1,0,1,0
"{A889B79D-9221-4706-8794-A981A0E209CF}",NA,0,0,0,1,0
"{DE05CCF0-FB82-4CB2-885F-9B851AF421A4}",1,1,0,0,1,0
"{B93EEC0F-EDA9-4A55-9094-702AAB8AA1C0}",NA,0,0,0,1,0
"{D9BAF4F6-C1A1-41DC-8532-378F9C9413C4}",NA,NA,NA,NA,NA,NA
"{566096D7-DBB3-4948-8A63-FBC043DA3599}",NA,NA,NA,NA,NA,NA
"{B13326C5-52E6-4DDD-8272-37FF7AAC537A}",NA,0,0,1,7,0
"{C9184B03-DD96-4BD5-BEF9-9B57A48E5252}",NA,NA,NA,NA,NA,NA
"{C735985E-669C-4CDA-9F75-C6D4E04E6074}",NA,0,0,0,1,0
"{9A7DE482-561E-476D-A009-628EBD19E74B}",NA,0,0,0,1,0
"{016CEA28-0F53-4A9C-BAC0-8643C9F45F43}",NA,0,0,0,1,0
"{1E02B7D6-F589-424F-99F5-BA89F0959DA3}",NA,0,0,0,1,0
"{E62DA2FE-E9E1-4836-A5A2-7CF3A38E1CA8}",NA,NA,NA,NA,NA,NA
"{3E1D3005-84A1-4D4C-9CC7-B15C450CE6DA}",NA,0,0,0,1,0
"{59C48B3E-BDF4-455C-A15B-80E7494B29E7}",NA,0,0,0,1,0
"{D596D085-51CD-4882-AF9D-42AA39DC5FB5}",NA,0,1,0,1,0
"{4883A3E8-2960-4E0B-8535-3DBBE220A412}",NA,1,0,0,1,0
"{18B41757-EEB9-4D78-A02F-DC9246B9309D}",NA,0,0,0,1,0
"{B612550F-0D93-496A-A169-97F571EEAC80}",NA,0,1,0,1,0
"{32F130BC-AEB5-4224-8F38-4D7471BE4685}",NA,0,1,0,1,0
"{2C9F7C53-E896-4524-8DF6-1EE6787C8714}",NA,1,0,0,1,0
"{23CCA45B-3E2A-45E5-91A8-D43DCBA6A0D2}",NA,0,0,0,1,0
"{FFFCDD7E-72AD-4998-9C1F-120F29FC2D85}",NA,0,0,0,1,0
"{252E7214-C059-4A3A-A323-7C536E1C4500}",NA,NA,NA,NA,NA,NA
"{6D3039C5-F41C-4F73-BACC-B26AE5C720B0}",NA,0,1,0,1,0
"{B0AAB2C5-35F0-4414-AECA-5834BE72448D}",NA,0,0,0,1,0
"{A509AEAE-99F8-445E-BFAA-529D4A415C0A}",NA,1,0,0,1,0
"{8FB3BE7C-DC98-4D7E-9163-EF8234870248}",1,0,1,0,1,0
"{B86C8D7E-DBEB-4AFC-85FB-3C9772ED77A0}",NA,1,0,0,1,0
"{2457C5BA-6651-4F08-8463-B146D663A0D7}",NA,0,0,0,1,0
"{829160AC-71BF-4B58-A56E-F7A57B4B58B2}",NA,0,0,0,1,0
"{79900637-2268-47CD-BC90-CDFA211493B6}",NA,1,0,1,1,0
"{5B7801A2-1920-45E5-A8AB-7CE4CAE72814}",NA,1,0,0,1,0
"{D7FFEE0D-2A2D-4B1D-B9BB-160C2BECC42D}",NA,0,1,0,1,0
"{83DA4E28-3836-408C-A1EF-4F8281A6F757}",1,1,0,0,1,0
"{6CAA7737-4852-458F-9F39-26DD43FFE92F}",NA,NA,NA,NA,NA,NA
"{06B7784D-C7AE-48F4-B522-CD6CF4346254}",NA,0,1,0,1,0
"{4A7DA5F4-BB1D-42CB-998F-5952E7B1205A}",NA,0,1,0,1,0
"{6DCC6DB1-71E3-4ECC-B1CF-33ECB0CED44A}",NA,1,0,0,1,0
"{BF6303A0-F966-4349-8D5B-02A49BFE9EE5}",NA,1,0,0,1,0
"{CA9DEBC6-6DC1-4D6D-858B-C5EFD058D0CD}",1,1,0,1,1,0
"{9D8DBD4C-53E4-45F3-8657-4EDF9FEF8571}",NA,1,1,0,1,0
"{189EE289-9CB2-42D9-BBB3-D89BF8C71B09}",NA,1,0,0,1,0
"{8C6D7DBA-C2AF-4325-8D78-BFD3587AEE9C}",1,1,1,0,1,0
"{575E4D4D-AD8E-4D2A-8EA5-3DAFF37CB9DD}",NA,1,0,0,1,0
"{6936D176-F1B7-4093-9336-9B7C80CE73F3}",NA,1,0,0,1,0
"{72DF4DBA-F61B-4BB3-9525-6FD1F6E40844}",NA,NA,NA,NA,NA,NA
"{72B49AE1-94F4-4916-AA34-4F62248B38A1}",NA,0,0,0,1,0
"{8E87338A-EC19-4811-9E44-D9AFF3ED0F0E}",NA,0,0,0,1,0
"{B8881AB5-0C10-4359-A696-AD28F41DF45D}",NA,1,0,0,1,0
"{5F8B0B2D-239A-4B45-84A1-9A0E558003E9}",NA,1,0,0,1,0
"{373B2B98-BA61-48E0-A921-7CFA3B85F66B}",NA,0,0,0,1,0
"{985A644E-072F-4732-A97E-A5FD218E7CC1}",NA,1,0,0,1,0
"{332C4022-F75C-4266-B88F-FA728EBAD203}",NA,1,0,0,1,0
"{0F3E4007-C79B-4B4E-A72E-8C89E5FD8CE1}",NA,0,0,0,1,0
"{DD5C58F7-B3BA-4044-8ECA-60801D651093}",NA,0,0,0,1,0
"{83EDC2EC-A36F-4398-9F46-A690F8B1A2A0}",NA,0,1,0,1,0
"{A5E1AA90-9816-4A94-81C5-4AEA56ACB84C}",NA,NA,0,0,7,0
"{9B4C566A-7609-43BE-9C3F-C7265D37FC1F}",NA,0,0,0,1,0
"{C5CBF76D-F8D2-4400-A84D-11BAD5436D97}",NA,0,1,1,1,0
"{8A64A100-CC2F-4045-A9B8-5F080BDBDD1B}",NA,0,0,0,1,0
"{7BE385F9-DC14-4014-AE9D-59A38521DBDE}",NA,1,0,0,1,0
"{19A644FC-8134-4F9F-8362-3BBD4C9DC74A}",NA,1,0,0,1,0
"{0405911E-0849-4F09-A956-9A65B5BC8080}",NA,1,0,0,1,0
"{94DE955C-D648-43BA-ACD9-E5174B68246B}",NA,1,0,0,1,0
"{5C38B26C-B2C8-441D-824C-4DDCEB143C09}",NA,0,0,0,1,0
"{A3C18207-A57A-418E-8966-D76F553EA4AA}",NA,0,1,0,1,0
"{D937381D-B983-4615-8738-1F4002B36F09}",NA,0,0,0,1,0
"{80613DC2-3924-4055-B28E-231D2E463EBB}",NA,1,0,0,1,0
"{CBC1020A-D86C-41A0-97A7-01C294E02080}",NA,0,0,0,1,0
"{3F4F9385-AFEC-438D-BA89-1CEE1E13F24C}",NA,0,0,0,1,0
"{66A83341-DAD9-4994-960F-289828106D8B}",NA,0,0,0,1,0
"{86338DF2-4BCD-4BAD-8AFF-368CAA37069A}",NA,0,0,0,1,0
"{884137D8-CA8F-4692-8416-98FE0AF6D3BB}",NA,0,1,0,1,0
"{13426600-5D5A-4147-8530-9717B3B7135E}",NA,0,0,0,1,0
"{1228D1AA-20E5-4033-AB7B-DC705D1A30E8}",1,1,0,0,1,0
"{64C9A99C-D997-4C51-9A6D-3F63ACD1DB42}",NA,1,1,0,2,1
"{9659505D-4575-4FF8-80C2-256CC6F139C4}",NA,0,0,0,1,0
"{09EB21A5-2031-4D12-B7DE-5A10D93E4C0F}",NA,0,0,0,1,0
"{45F22A63-68E8-43D5-B8BE-EA4EEF75189E}",NA,0,0,0,1,0
"{DEA77C98-7549-478E-A41A-24B230E9E695}",NA,0,1,0,1,0
"{99EC11E7-E2A9-49B5-B2D0-D0394A7C1F18}",NA,0,0,0,1,0
"{45CC96F9-DEF1-4132-BE44-3B77C40D0C64}",NA,1,0,0,1,0
"{F70CD5F3-0972-48B9-82C5-2B052D852164}",1,0,1,0,1,0
"{237AA314-5361-4D1D-8BC3-EA52AE14CD00}",NA,0,0,0,1,0
"{C75EDD49-32B7-42CB-8B0C-A8D28D721EAB}",NA,0,0,0,1,0
"{5EFA6D42-2E21-4197-96AD-7B7178B4037D}",NA,NA,NA,NA,NA,NA
"{A9B6E6A4-D672-46C7-9C3A-3109D9D7E793}",1,1,0,0,1,0
"{43EBF51F-FE60-4CE1-9C96-B8D113C6F7B6}",NA,NA,NA,NA,NA,NA
"{ADD363FE-1AEE-4F3F-B746-30CF889B2838}",NA,0,0,0,1,0
"{5988859C-D69D-4904-BC1D-0D9401D010D2}",NA,0,1,0,1,0
"{CAA24E98-A0CF-4E18-A506-43A6CC2D1451}",NA,0,0,0,1,0
"{A30946E0-8B0A-4182-A041-6A227EBAF7FE}",NA,0,0,0,1,0
"{3272CBEF-4059-4FC4-A094-A4E2BDAC6A68}",NA,0,0,0,1,0
"{70A5FE0D-3601-4AFB-8B72-B4B6260B6492}",NA,0,1,0,1,0
"{0BEEE526-E30E-4355-B007-526301C690AE}",NA,0,1,0,1,0
"{5B24CF87-5765-4A46-A142-3DD6A1B13240}",NA,1,1,0,1,0
"{2DF75FB2-4947-44E3-9F99-D58F0A49A7F9}",NA,0,0,0,1,0
"{AE771B70-F9EC-4CC5-9D40-7636D5D06A8B}",NA,1,0,0,1,0
"{44CA15BB-7E15-4A20-AA45-645E3D87DC4E}",1,1,0,1,1,0
"{7C0D38A6-96E2-4DAB-9659-838640D47C5B}",NA,0,0,0,1,0
"{559F23D7-0BA0-4AB8-82CE-0A0B61E7DFEB}",NA,1,0,1,1,0
"{CA920E8D-7DE7-4397-BEF7-4EE76BF2493D}",NA,1,0,0,1,0
"{59DF1BA8-EAE1-4ADE-A884-8B92BA9536AD}",NA,1,0,0,1,0
"{AF32C275-7AB1-4CDE-A1EB-07BE91D325E1}",NA,1,0,0,1,0
"{ADCE3DED-CBD9-40B0-BFC3-5DEA0F538471}",NA,0,0,0,1,0
"{1E90E2BB-EFC6-4A07-ACC3-7C0B9B0666C1}",1,1,0,0,1,0
"{CD0B6CF2-2AA6-413D-99B0-3048AF6435CF}",NA,0,1,0,1,0
"{2A046054-379B-4E9A-912E-EF1560D45A09}",2,0,0,1,1,0
"{68E83EAF-6B73-418E-94B6-BAA02EDFB527}",NA,0,0,0,1,0
"{810E65C1-C083-46C7-9CD5-F878F7DE8BB8}",NA,0,1,0,1,0
"{F55AF23F-5BDF-40A0-9255-0480B2CC4E85}",NA,1,0,0,1,0
"{AD4AEC95-AB7A-4A97-9023-4EE812DC6145}",NA,NA,NA,NA,NA,NA
"{1ECB7454-54EC-4766-80CE-48C3C26B098D}",NA,0,0,0,2,1
"{3765AC82-9A78-410A-870A-C31E60D68774}",NA,0,0,0,1,0
"{5FEFD404-46E3-4F7D-ABCD-C8E869F2AD65}",NA,1,0,0,1,0
"{64CB9CDE-3950-40FA-B3A6-54935FDC87A8}",NA,1,0,0,1,0
"{E0B406B0-7B52-42A7-8C0D-CA12A01418E5}",NA,0,0,0,1,0
"{B69B9682-EA3F-4464-8888-37EE94486C61}",NA,0,0,0,1,0
"{7D8F8748-AF26-4635-B74A-75C391FDE696}",NA,0,1,0,1,0
"{442EB1DE-03A1-4B97-99E6-374CF4920BE5}",NA,NA,NA,NA,NA,NA
"{235652B3-1618-4E35-88DE-163D7BE4EDB8}",NA,0,0,0,1,0
"{92498CCA-1FDE-42BA-83C9-BC71F7DC6CBA}",NA,0,0,1,1,0
"{E181DD94-AFDD-4E6D-B8C9-1E6F96B405D7}",1,0,0,0,1,0
"{4BED7E12-98DD-4830-A7E3-BB08E9BDADAE}",NA,1,0,0,4,1
"{2AB5D730-0E65-44C5-912A-48CE32422C7D}",NA,0,0,1,1,0
"{34BC289F-19C2-4ACE-99E8-A345B163E47F}",NA,1,0,0,1,0
"{84D3B3F4-C5C5-4595-8A3E-D5A356E4E978}",NA,0,0,0,1,0
"{1122FFF3-9421-4905-A4B2-DD2551CBAEDD}",NA,1,0,0,1,0
"{8B37579C-AF8E-474B-97D3-77E449147D36}",NA,0,1,0,2,1
"{7F9C4908-F3DE-4C3D-AB71-130C253F0DDC}",NA,0,0,0,1,0
"{3D91B5B4-F600-4F13-8E4D-964499645314}",NA,1,0,0,1,0
"{AF71A9BC-986F-4E20-83F6-4AE2916BD529}",NA,1,0,0,1,0
"{E20284CD-F8C2-42A0-8DEF-C29F02E05232}",NA,1,0,0,1,0
"{7B6B5069-003A-480F-94FC-01870F40F1D5}",NA,0,0,0,1,0
"{BFDDF441-A754-4846-8244-5E2DE1EA0786}",NA,0,1,1,1,0
"{6C284063-6DCB-4140-95A7-C7337A111008}",NA,NA,NA,NA,7,0
"{C7382B02-11EE-4189-A093-45904ED076D0}",NA,NA,NA,NA,NA,NA
"{DE6657FB-9B9E-4126-8FD7-0193209F30F4}",1,1,0,0,3,1
"{2A1504EC-0725-4F89-B573-CB5D26A989B8}",NA,0,0,0,1,0
"{BFB0352F-F435-4F92-9846-7F00F498E109}",NA,0,0,0,1,0
"{321C02A5-C443-4A5F-AC83-DC3EC2CC37E7}",NA,0,0,0,1,0
"{D5797BAA-AF41-41F8-A4EC-69E9E9C0909D}",NA,0,0,0,2,1
"{268D4E89-F335-44D7-BCB8-2B1805C40E48}",NA,1,0,0,1,0
"{4831E440-40FF-4B6B-9F33-BB64F9D8761D}",NA,1,0,0,1,0
"{FCC22F02-9535-4F6F-B56B-3C28F0FBDCAE}",NA,0,0,0,1,0
"{65B1FAFB-0180-4D88-AD98-CF93014A837A}",NA,1,0,0,1,0
"{63CE7B00-2AF2-4D80-9BF9-401B73649654}",NA,0,0,0,1,0
"{5F9D1374-6DC7-4B5B-A965-A90A2D015CDC}",NA,0,0,0,1,0
"{B7F5B537-E93B-424D-A5A5-1404E3F7F8B4}",NA,1,0,1,1,0
"{EA9AFB85-7B21-4621-92AA-549D2D2B6B79}",NA,0,1,0,1,0
"{725AF2B2-9910-4B00-8C20-D2FCFA1C7A2F}",NA,1,0,0,1,0
"{8BE30C59-1E83-4260-B893-5B43AA5AF978}",NA,NA,NA,NA,NA,NA
"{E2FB5335-E320-4179-AFCE-FD0DBFD65767}",NA,0,0,0,1,0
"{1A792B18-31F2-4797-9D22-CA0ECD12AED0}",1,0,0,0,1,0
"{1EA59263-1DDD-4CA2-B404-DF10E474684E}",NA,1,0,0,1,0
"{23394884-7327-47B9-8C85-1FAC53DEFA56}",NA,0,0,0,1,0
"{27118457-5C31-4076-A5D3-0ED8E7AE64FE}",NA,1,0,0,1,0
"{581F4DFA-5284-4C93-83F3-80EA28CEE1C0}",NA,0,0,0,1,0
"{CCE15172-FD27-4FC2-9FF8-747908B016D1}",1,NA,NA,NA,NA,NA
"{C9A0FA95-425F-43DF-AAB8-A73E91CF8F3E}",NA,NA,NA,NA,NA,NA
"{E31AE8A8-8DF7-4A4B-934A-EDCDCC0656C5}",NA,NA,NA,NA,NA,NA
"{C0991E6D-89E7-4B79-A334-2BDE0FBEC9D2}",NA,0,1,0,1,0
"{9968D950-A350-4A77-8D07-348927721BE3}",NA,NA,NA,NA,NA,NA
"{FB6AD893-E4BF-48FF-B71D-48584E4E1FCB}",NA,1,0,0,1,0
"{43A0151C-A463-4C3A-B5F6-462C05B3ABB0}",1,1,0,0,1,0
"{AB7B9D12-6C32-4137-AAB7-62C65D8326C4}",NA,0,0,1,1,0
"{D71E1587-35D1-41B7-9435-75B75C08A585}",NA,0,0,0,1,0
"{C339D370-D722-4C73-9211-63FFA82D6247}",NA,0,0,1,1,0
"{DBB57F3F-3077-4B5F-A86B-2F9B9EFDAE4D}",NA,NA,NA,NA,NA,NA
"{196877C3-9835-4D9C-B822-C59BE0EB17EA}",NA,0,0,0,1,0
"{78C87C5F-E42C-4ED9-B8EC-93828BFBDE4D}",NA,NA,NA,NA,NA,NA
"{6FA86730-B0FC-4B53-8B41-EF566C018036}",NA,0,0,0,1,0
"{42ACA505-8363-48CF-9AFD-0F5AAA293BAB}",NA,0,0,1,1,0
"{B1A1AD53-C5BF-4B3D-9143-EDE312388CAE}",NA,0,0,1,1,0
"{3F49610C-2B18-4030-A8F8-04A2A56D904C}",NA,0,0,0,1,0
"{8EC1AB40-CECA-4950-9595-B7932B5967CB}",NA,0,0,0,1,0
"{F29F9039-E31A-49BB-B819-803AC2B0DCCB}",NA,1,0,0,1,0
"{56CC5021-391A-46B4-9121-4FB5F9CF4444}",NA,0,0,0,1,0
"{3C9B18AD-5FAA-4A08-901D-22F70C7B6462}",NA,0,0,0,1,0
"{33006350-E890-4D70-8D0C-CA2BE0827551}",NA,0,0,1,1,0
"{DF38A31B-5987-4B48-A35B-9BF77101F241}",NA,0,0,0,1,0
"{73CC7F4B-C634-441D-96FB-E3CCE1DE87B8}",NA,0,0,0,1,0
"{8BC7E0F9-2ABD-4835-95AC-3308DBBD869B}",NA,0,1,0,1,0
"{F6B59B7C-F193-4596-A1B5-F01C48121A27}",NA,NA,NA,NA,NA,NA
"{38F0FD83-1A06-449F-A7EE-53F47143D34C}",1,0,0,0,1,0
"{940782B9-4B4B-42D6-A598-54596F9B5317}",NA,NA,NA,NA,NA,NA
"{28C210C7-409F-45C7-8FE7-B46C0A1B3562}",NA,0,0,0,1,0
"{0B7620DD-1FEE-4AC7-A835-F5F0630D15BC}",NA,NA,NA,NA,NA,NA
"{A5F55C83-90EE-4EB1-878B-EADA6EA33977}",NA,1,0,1,1,0
"{BF6EAB65-858E-4762-8534-2AA9DDA0B2FF}",NA,0,0,0,1,0
"{03307286-19E8-468A-B710-E70FE611A9E3}",NA,NA,NA,NA,NA,NA
"{97762D16-11D2-4D97-B397-BF273B495E4D}",NA,0,0,0,1,0
"{06231E04-23CE-4B61-8353-18516B0FB16C}",NA,0,0,0,1,0
"{7CDE5687-59F3-47F1-8D88-AAABDBC9B673}",NA,NA,NA,NA,NA,NA
"{F69CAD10-A0B3-4709-90B9-A05A17AB6290}",NA,1,0,0,1,0
"{BEF6B5EC-4CE6-4C53-9920-D0936530D66C}",NA,NA,0,NA,1,0
"{A1040679-22FC-4998-AE4B-B007D2EB26DF}",NA,0,0,0,1,0
"{C339250E-4E44-45A3-A850-20EF0193C875}",1,0,0,0,1,0
"{32953409-963B-4EA0-847C-0C6B95A36D41}",NA,NA,NA,NA,NA,NA
"{63D6CDC0-8AE7-408E-9D67-8B7670205092}",NA,0,1,0,1,0
"{58AE77B1-EA78-4215-A0C6-452E6BE84985}",1,0,0,0,1,0
"{749547DF-6682-455D-926C-5C9CA7BD225A}",NA,1,1,0,2,1
"{459E2240-2172-4B60-9377-E5B5F442F574}",NA,1,0,0,1,0
"{FDB03C74-2658-4B84-BA2F-908600542B6C}",NA,0,0,0,1,0
"{203E8073-15E1-4539-8667-F7E6677159F5}",NA,0,1,0,1,0
"{17033EAB-D13A-483D-BD16-9001994E9E16}",NA,NA,NA,NA,NA,NA
"{AA662931-31AA-4B38-82CB-B4EEB98D3A95}",1,0,0,0,1,0
"{16D4AC98-E5D8-4F6A-9ACB-C7994EC9DD7F}",NA,0,0,0,1,0
"{FF4A305B-A201-490F-898E-DF907FAEF152}",NA,0,0,0,1,0
"{94DAB1E7-E7AE-4B43-9A37-42B88627854D}",NA,1,0,0,1,0
"{F902CD24-E089-4C15-AD04-3753AB1C658F}",1,NA,NA,NA,NA,NA
"{3D5DA20A-391F-40D6-B3F6-B002AD72A9CB}",NA,0,0,0,1,0
"{C0713D4E-621D-477D-AB40-76E1665422E2}",NA,NA,NA,NA,NA,NA
"{A384778D-2A55-4732-A77D-258EF1F96ACA}",NA,0,1,0,1,0
"{63A4167D-20CB-45CE-8F07-DC012F703AA1}",NA,0,0,0,1,0
"{B0804556-44C9-4608-B630-A25F60058157}",NA,1,0,0,1,0
"{8685F220-CE01-4707-A00F-ED9825E44AC8}",NA,NA,NA,NA,NA,NA
"{C52C95FB-BAF3-4804-BCB8-664F46A1C1CA}",NA,0,0,0,1,0
"{D5BCFADD-F579-4DA4-975E-180DD5FCF5C5}",NA,1,0,0,1,0
"{F8CECF1D-99A0-481B-B19F-8C8FEE18FEC4}",NA,0,0,0,1,0
"{B56EE947-1119-4206-B700-182F0FDA6490}",NA,0,0,0,1,0
"{D7199701-F56C-4C79-910A-E4187949DF49}",NA,1,0,0,2,1
"{4D3FF7E0-4CAF-47E2-846A-7143647B98CC}",NA,0,0,0,1,0
"{7D7C3B03-B8C8-4709-B822-DC72DB802440}",NA,0,0,0,1,0
"{73EA1707-0779-4C2E-B891-D02CE5B62420}",1,0,0,0,1,0
"{F0508020-5176-4BBC-860A-EDE96960E173}",1,1,0,0,3,1
"{2F7FE2DF-4240-4FC1-91A5-7CCCE4E21E73}",NA,NA,NA,NA,NA,NA
"{C80A9EAE-E0E2-461A-8480-A8508EA48503}",1,0,0,0,1,0
"{5918E6A7-CAC6-4029-94D9-C32D41CB7DD8}",NA,1,0,0,1,0
"{68E5D647-7879-431C-AD46-737B4A4E4349}",NA,1,0,0,1,0
"{69D4DF45-D94A-4B28-AD63-B83B930AEAF8}",NA,0,0,0,1,0
"{365453EF-5C81-45E3-9687-6214A1056BAA}",NA,NA,NA,NA,NA,NA
"{5A565925-BA38-441B-B86E-658B788D8F81}",NA,0,0,0,1,0
"{BA82E0D6-F11F-48CF-A4A0-F0A7B5C5A2C0}",NA,0,0,0,1,0
"{E4AFD47B-68DF-421F-93D7-E677A0A755F7}",NA,1,0,0,1,0
"{8FEDC702-A5E5-424B-852D-33208467BCEE}",NA,0,0,0,1,0
"{95DA281B-BF4B-4A54-B884-27B90303DCF0}",NA,0,0,0,1,0
"{20F67333-2844-4566-AFFE-05725E0B5FE9}",NA,0,0,0,1,0
"{C2875861-511F-4A1C-9B49-F209EBF26CC5}",NA,0,1,0,1,0
"{CD7FBB6D-EAAC-4D6E-A8B3-681369E433CE}",NA,0,0,0,1,0
"{9F8C6378-8A6C-42DB-B7A9-3167491DBB1F}",NA,0,0,0,1,0
"{74EC1050-C9ED-4C4B-8608-E1DE198E54D3}",NA,1,0,0,1,0
"{65C5BE2E-4A91-4998-A586-09330CA88A65}",NA,NA,NA,NA,NA,NA
"{A976881E-2D83-40C8-9BC9-63E05C8ED9A3}",NA,1,0,0,1,0
"{9D1E29FF-9DC6-4964-97D0-A5915ECFA4A9}",NA,0,0,0,1,0
"{77ECE5EC-AC26-44C3-BB4B-E5157C0470EB}",NA,0,0,0,1,0
"{06F5A124-EF39-498C-B3F5-C8064B260DAF}",NA,0,0,0,1,0
"{7F8E4802-D630-4A4F-8A4B-5D00D723D679}",NA,0,0,0,1,0
"{43DAF1B0-E68C-4AB6-B814-849DA3EC89B8}",NA,0,0,1,1,0
"{62210F3A-3A54-460D-97C6-7842C3B551DD}",NA,NA,NA,NA,NA,NA
"{B6EB6F56-7F89-4CB9-A84C-EE75E48A1F32}",1,0,0,0,1,0
"{F8009B6C-D330-4E94-8D57-87F95D410835}",NA,0,0,0,1,0
"{FDFBC2F4-2F73-400A-9855-30D79E3E5BE7}",NA,0,0,0,1,0
"{6446CCFC-0795-4AEC-AF1B-855AB5297205}",NA,0,0,0,1,0
"{48136D7C-CBDD-4A2C-A728-AB48272A633E}",NA,0,0,0,1,0
"{E4919E7F-500E-43CB-B5A1-687BCEA76D18}",NA,0,0,0,1,0
"{27DA5236-067E-439B-8F0A-808D01D5AE4D}",1,0,0,1,1,0
"{7D079F37-02C7-4FAF-B198-D036DF720250}",NA,0,0,0,1,0
"{3A7C2C9A-6543-484F-93F9-828B4C7D8AD7}",NA,0,0,0,1,0
"{53ACFBF0-3E43-4C01-B16A-44DAFB2ACD9E}",NA,0,0,0,1,0
"{E5C3128A-F9AA-4D8A-88F3-C850119790E1}",1,0,0,0,1,0
"{FA2DFE51-39D3-4E40-9A6F-32059ABCA83A}",NA,0,0,0,1,0
"{9BA14B5E-9003-4182-952F-9A4F3E8731E6}",NA,0,0,1,1,0
"{4D50BCF7-B543-4E93-99D1-81BF31F5FA69}",NA,0,0,1,1,0
"{162B6526-7324-4EC7-B73D-9BE9BBEF15BB}",NA,NA,NA,NA,NA,NA
"{7387CB5F-914E-4FE7-A513-C1FE34E839BF}",NA,1,0,0,1,0
"{1EA5C8CE-2239-4CB2-81A7-981DE8214F00}",NA,1,0,0,1,0
"{09BE5565-1B53-4DA9-98E5-368BDCAC3FC5}",NA,1,0,0,1,0
"{E88B640A-EEA5-44E0-8180-A7D0282E994B}",NA,1,0,0,1,0
"{E363330B-7307-42E4-853E-2246BB4E6A67}",1,1,0,0,1,0
"{FBD62254-378F-4E00-9514-88ADE44C57FC}",NA,0,0,0,1,0
"{BB69C4EC-70CD-4814-BEAC-A0415F40E132}",NA,0,0,0,1,0
"{FACDF446-FCA4-4F61-B338-206073D5CA1F}",NA,1,0,0,1,0
"{327C25BA-BA25-43A4-80B0-44D02808E831}",NA,0,0,1,1,0
"{925A495B-5354-437E-AEC9-B0C5682BA83B}",NA,0,0,1,1,0
"{CE72399C-98FE-4443-A0CB-C8A4109018F8}",NA,0,0,0,1,0
"{254792F0-8514-43C3-91BC-0B32363499B3}",NA,1,0,0,1,0
"{F286DE73-4294-496B-A58F-398AB9E6EC73}",1,0,0,0,1,0
"{D7A31C9A-0AAF-4192-970A-28260F83AF29}",1,NA,NA,NA,NA,NA
"{C3BC5BF9-EC44-4348-87AB-C6ED33A343DA}",NA,0,0,0,1,0
"{A4E5FFA7-EC6E-4480-9DDB-AF35D8E9B3B4}",NA,0,0,0,1,0
"{32A766CF-4B21-438E-823A-3318F81C59A8}",NA,0,0,0,1,0
"{F90E418A-2D66-4CB2-B429-0CCC541B43CE}",NA,0,0,0,1,0
"{CFED8E0E-AD43-4F02-9B2E-0CD55E34921F}",NA,0,0,1,1,0
"{6D3897CA-79B3-4CC3-872E-0019C06C933E}",NA,0,0,0,1,0
"{2C0B0BF9-C9B5-4926-8E2B-ACFFA92B2C7A}",NA,1,0,1,1,0
"{61B8F93F-6816-43B1-9B58-BF02504AE6D1}",NA,NA,NA,NA,NA,NA
"{1ADAE455-2FE9-4B4F-B57F-C4AB65FE9D8F}",NA,1,0,0,1,0
"{60E08741-77D3-4230-9B81-F31E9ECCC884}",NA,1,0,0,1,0
"{AE5FF1E6-A6CB-4EAF-9031-08174CA758CC}",NA,1,1,0,2,1
"{A87C848E-BFD6-4A66-BCB0-92E019255B6D}",NA,1,0,1,1,0
"{1180FADC-8381-414C-B956-9D691D4D31A3}",NA,0,0,0,1,0
"{9C3851E2-5056-46AD-8E28-F8E40E9FDA7D}",1,0,0,1,1,0
"{1EFE6CB5-7970-4B50-88FD-2F0AC3EB2A41}",NA,1,1,0,1,0
"{A95E04E0-83D4-4458-B025-A4E6DBAB0A4F}",NA,1,0,0,1,0
"{4BC1AB83-5136-4070-82DF-D18A3F8A9BEF}",NA,0,0,1,1,0
"{0F71378C-4E38-488A-8008-B1C4114541EF}",NA,1,0,0,7,0
"{07D667CA-AAFE-4E34-BFA2-E0C5553F44F4}",NA,0,0,0,7,0
"{33F4D677-04A0-4E0B-A36E-C96324D604CF}",NA,0,0,0,1,0
"{E549EDB8-5E52-4DBF-93AB-7E9CB9114B14}",2,NA,NA,NA,NA,NA
"{2267EEB9-7420-4896-A8D2-FD32527F4F2F}",NA,1,0,0,1,0
"{B7310732-DE1C-4CEA-8BF2-3A09979A4603}",NA,1,0,0,1,0
"{7DBFC970-B940-4095-9DFF-B0F3EA263B2D}",1,0,0,0,1,0
"{5F4C04EE-54BC-4A89-8DFD-C7DE9798EC01}",NA,NA,NA,NA,NA,NA
"{0E5AEBB1-869C-4979-B097-EA70F9553587}",NA,0,1,0,1,0
"{9A92E681-0002-4635-9979-A597438343BF}",NA,0,0,0,1,0
"{3CB452B4-4965-4AA7-A026-3E9971E66E76}",NA,0,0,0,1,0
"{0A8E2324-0F88-4458-9F10-E9601D708744}",NA,1,0,0,6,1
"{FDBE61D9-9F82-44D7-B0CF-791395A35BA5}",NA,1,0,0,1,0
"{699CD769-9C6F-46EA-83EA-D0028D5BA738}",NA,NA,NA,NA,NA,NA
"{BAF8A850-06C6-46DA-925C-EA52DF69F368}",NA,NA,NA,NA,NA,NA
"{ED50B23E-1289-41D6-ABC8-C91ECBC1105A}",NA,0,0,0,1,0
"{13D1AE7F-674D-4A87-A975-AC84565ED302}",NA,0,0,0,1,0
"{A4F6E3E3-7644-4EBF-ACEE-58DBB62CB66F}",1,0,0,0,1,0
"{55E4D528-16BD-405F-B552-A1A23F09F458}",NA,NA,NA,NA,NA,NA
"{31904443-594A-44B8-93E6-368D967BE031}",NA,0,0,0,1,0
"{6557EE31-BA8C-4463-A671-7BECDE9C610A}",NA,1,0,0,1,0
"{0D093049-EBD0-43C5-B715-046D0869E0B6}",NA,1,0,0,1,0
"{3A1B9211-1A6E-4970-9422-322A0D9516C4}",NA,NA,NA,NA,NA,NA
"{F59E39A5-E5A7-416C-86DD-AB645B5E8C63}",1,1,1,0,1,0
"{4BF774B8-C6F1-4204-B080-9863FDC7883E}",NA,0,0,1,1,0
"{FC2A444A-5593-4CA5-A4FA-AF63BDB62DB0}",NA,0,0,0,1,0
"{6D6A5AB6-9732-4131-854F-41BDB42B7040}",2,1,0,1,1,0
"{6B8D275D-F11C-45C1-8657-398E6D8E9E14}",NA,0,0,0,1,0
"{99BC1F92-EC0B-431E-8135-3302B583779E}",NA,0,0,0,1,0
"{FC875765-D1A1-4958-801A-02F6EC420652}",NA,0,0,0,1,0
"{2F6DC53A-7FED-4F16-860B-D9E40E04C2AC}",NA,0,0,0,1,0
"{E8B4F2C0-D794-4500-8BD2-EF70095C83EC}",NA,0,0,0,1,0
"{FC827D28-1B28-4268-AA99-03589A3F4E42}",NA,0,0,0,1,0
"{9A683D51-6EA8-4A1A-B364-2A9024BFDE96}",1,1,0,0,1,0
"{6F8A776E-0983-4224-A813-1A0E10121948}",NA,NA,NA,NA,NA,NA
"{37086BE9-8224-443E-9932-A877A4922505}",NA,NA,NA,NA,NA,NA
"{3F338173-ED52-40E8-861B-44E02845524C}",NA,1,0,1,1,0
"{681C826E-8872-42D0-9266-A54E93B1045A}",NA,0,0,0,1,0
"{8A7F7240-8E17-4495-99B5-04F33D2C3C9B}",NA,NA,NA,NA,NA,NA
"{DB65A6EE-F95C-490C-8015-0749F520C9EE}",NA,0,0,0,1,0
"{730014D9-D342-413B-92CC-23649B0CAF06}",NA,1,0,1,1,0
"{87DDEC83-AEBE-423A-8F2A-985C3AE0A0F7}",NA,0,0,0,1,0
"{C44BEE72-A74C-4552-9A16-A45E96D3D705}",NA,0,0,0,1,0
"{72464808-CFCF-48BA-B10C-747DFFD2A31C}",NA,0,0,0,1,0
"{A58B74DF-61D4-4505-BA92-D669F4EB79DD}",NA,1,0,0,1,0
"{400961F2-96C5-4DA1-A014-69F2DA08D990}",NA,0,0,0,1,0
"{ECEA81BF-3FED-47A7-84DF-5143A1BFE7C2}",NA,NA,NA,NA,NA,NA
"{94F79D56-B4FB-437B-B4D9-5B2BAA6E8C2E}",NA,0,1,0,1,0
"{A138C101-754C-4C1D-8061-65850EF51474}",NA,0,0,0,1,0
"{6182E4FA-122B-44C2-A297-DFA701377C3F}",NA,0,1,0,1,0
"{7A778165-1B88-4FB5-AD43-8A42205F49F5}",NA,0,0,1,1,0
"{CC4D3D8B-CD55-4A89-A311-EC241467669C}",NA,0,0,0,1,0
"{4A45C87E-9F6D-4F34-8F0A-849D16A617D6}",NA,1,0,0,1,0
"{4178BB8C-5988-4FEA-AABC-C96FDF62F7E9}",NA,0,0,0,1,0
"{88B46EDE-8708-40A3-8A79-D6FF4160DA05}",NA,NA,NA,NA,NA,NA
"{70645C31-E6B7-4E67-B631-7876829491EC}",NA,0,0,0,1,0
"{6E37385B-9F1B-413C-8BF6-A74E8718E8B3}",NA,0,1,0,1,0
"{2AE97537-4A90-4D82-8A82-F635D259B6F9}",NA,NA,NA,NA,NA,NA
"{20FCA07B-AEF6-4B1F-B191-2BDDCD096136}",NA,0,0,1,1,0
"{9107C553-06E2-41C9-A93B-AB3D898F4C7B}",NA,0,0,0,1,0
"{062AA4A2-6751-48D5-8217-1790AF40136D}",NA,1,0,0,1,0
"{C078626D-6A27-4C14-ACA3-BD5CAE380EBB}",NA,1,0,0,1,0
"{3A829411-068A-4E05-A3B0-1D8F21CE66A8}",NA,0,1,0,1,0
"{29CF4466-7E07-4390-AF51-3B6CB96D3BA3}",NA,0,0,0,1,0
"{BE255364-4713-4501-8651-437B551A9AA3}",NA,0,0,0,1,0
"{0AC0C981-08A7-4B63-A646-36BCFF6FDBFD}",1,NA,NA,NA,NA,NA
"{7B622B61-C1E0-4D4C-BBC7-D7E0D4DDCA90}",NA,1,1,1,1,0
"{9D92B8C7-B0D4-49F9-AE0D-BD5D88A92AFA}",NA,0,0,0,1,0
"{B86077E1-D629-45A3-8FCA-4A7C0BEA49EC}",NA,1,0,0,1,0
"{FD5505CB-0446-4E8B-91BB-9A5F47E7F129}",NA,0,0,0,1,0
"{E92111C0-ECAE-4CC0-8723-BED8761A49F9}",NA,0,0,0,1,0
"{4DDE15A2-0EA7-4341-868F-6C0CEF031F6E}",NA,0,0,0,1,0
"{C8080BEE-42A4-48E6-ADF3-0532888AEB16}",NA,0,0,0,1,0
"{4822947F-CC18-455E-A182-746B05CC64C1}",NA,0,0,0,1,0
"{3FE47A3B-B5F5-4A3C-B76A-4A7F12314EFB}",NA,1,0,1,1,0
"{1F648C5F-4F48-4E01-A74C-545BD3C47342}",NA,1,0,0,1,0
"{9209A7C5-6929-451F-8DB7-1855D2FB1BDE}",NA,1,0,1,1,0
"{79D611FB-344E-4AEE-B5A2-92E02B5D5B43}",NA,1,0,0,1,0
"{948CEB59-D305-4FE1-BC06-429A6A42FE1B}",NA,0,0,0,1,0
"{C6F62E73-938B-4AD5-9B0A-540DE7628AE4}",NA,0,0,0,1,0
"{9F5CE3E2-F1DC-4454-A665-84F6FA3DF8A4}",NA,0,0,0,1,0
"{B3DDB412-6718-4530-9068-78ABB1E63D10}",NA,0,0,0,1,0
"{AACB01F9-9F24-4730-B9C0-20D328B7CEA4}",NA,0,0,0,1,0
"{C4683ABB-8060-4D1D-9D6C-57853FFE3833}",NA,0,0,0,1,0
"{221FAF35-CC06-45E7-B19B-5FDFF463BFA3}",NA,1,0,0,1,0
"{78BBE1C9-5ED6-49FD-A08D-EFC1FD0DAF20}",NA,1,0,0,1,0
"{3D40894D-5C34-4E83-A573-B69734F87F2F}",NA,1,0,1,1,0
"{F2F30E76-EB28-4085-AE4F-A2780D548DA1}",NA,1,1,0,1,0
"{FF01B434-87B9-4769-BC05-784B4CCBAF86}",NA,1,0,0,1,0
"{8ECC64AF-0AF5-4ADC-8D55-DD0081E2647F}",NA,1,0,0,1,0
"{2E31DD53-782D-493B-AF46-2A5438A73BB1}",NA,1,1,0,1,0
"{D3B05068-B03B-44F2-A916-99567CDF8E3A}",NA,1,0,1,1,0
"{36F40D7C-7374-4FBB-9EA0-D3B4D36570CB}",NA,0,0,0,1,0
"{534EE5E0-A708-4E6F-8528-4CC3AB8BEE0E}",NA,0,0,0,1,0
"{E587507A-754D-4498-AF6F-050D1F29E7B7}",NA,0,1,0,1,0
"{A4C3AA52-94B6-4D46-BAFE-7F39658DCF96}",NA,NA,NA,NA,NA,NA
"{379F38B8-5E59-45AA-B7EE-CDEA03DB6482}",NA,0,1,0,1,0
"{DF3F70AE-CA36-436C-9267-6FD9D45C215D}",NA,0,0,0,1,0
"{4E0D5BAB-C123-4F66-805A-33AA403434E9}",NA,0,0,0,1,0
"{8FE84EAB-A21E-4629-8537-AB375588CE59}",NA,NA,NA,NA,NA,NA
"{D081205D-2FBB-4534-9517-711133D29164}",NA,NA,NA,NA,NA,NA
"{5525E049-B5E7-415F-8267-CEEBABE3BA88}",NA,NA,NA,NA,NA,NA
"{5CA9327F-1603-461D-AD4A-FE089F85DF4D}",NA,NA,NA,NA,NA,NA
"{545C819F-2134-4635-BD2C-9C460D531642}",NA,NA,NA,NA,NA,NA
"{0BC7FF6E-10A4-4CB7-8446-DDB8B2A392B3}",NA,0,0,0,1,0
"{771BFF87-396D-42D3-B821-324F8265A925}",NA,1,0,0,7,0
"{3279DB52-C9B4-4F80-AED5-582DC617D92F}",NA,0,0,0,1,0
"{E85785DF-B22D-4C46-9C7B-B889C12A5993}",NA,NA,NA,NA,7,0
"{3A9F7961-48C2-4082-8955-6AB8EE44729B}",NA,0,0,0,1,0
"{EE2C51EA-8BA5-47E5-A0A5-2673080FFF5D}",NA,NA,NA,NA,NA,NA
"{2EDD9304-7AA0-430D-B9E5-FB4AD06DF61E}",NA,1,0,0,1,0
"{87702DC1-5EA4-43B0-AD9F-F374882A5A33}",NA,0,0,0,1,0
"{3DABF736-C488-4EAC-9E57-2AFEED25A8A1}",NA,0,0,0,1,0
"{1227638D-8358-4E67-8D82-83471F8D1583}",NA,1,0,1,1,0
"{E0877FFD-71F9-44CD-8078-47F62E6890E7}",NA,0,1,0,1,0
"{38BCB8A0-00B1-4369-AF35-517656DD0B4D}",NA,1,1,0,1,0
"{48971AB2-B029-4006-B54B-30F4ABBD72EA}",NA,NA,NA,NA,NA,NA
"{7E75EE94-A882-4732-918F-7C5FC84E5722}",NA,0,0,0,1,0
"{05C96F25-408B-454C-9027-8EA638433CD9}",NA,0,0,0,1,0
"{B571ABA6-22E6-41F8-B42F-09A5738F383B}",NA,1,0,0,1,0
"{EDB94147-9CDF-4FE8-BA13-E76972859457}",NA,1,0,0,1,0
"{3A675ADE-D389-464D-8753-11EB3A98213C}",NA,NA,NA,NA,NA,NA
"{2D31A120-4B4D-4A49-8108-F4A9BB817324}",NA,0,0,0,1,0
"{2A7E9F67-8CDA-43D6-8685-5B119DE9A441}",NA,1,0,0,1,0
"{EB8B24D5-2589-4846-BDE2-5E28F0B29C60}",NA,0,0,0,1,0
"{BF89A8D9-A02E-42AC-94D9-E9837D03C181}",NA,NA,NA,NA,NA,NA
"{FD322B9D-8226-498F-993D-9333BF7D4CD2}",NA,1,0,0,1,0
"{07F1F34A-B436-4242-8ABE-8F452AD26FDE}",NA,0,0,0,1,0
"{66A0C138-4908-4C67-ABAA-2D2BFDE07141}",NA,0,0,0,1,0
"{2D2F8923-28A5-4611-B984-37FE893D03E3}",NA,0,1,0,1,0
"{CC68640B-B155-4043-AC8F-94DEE4A464D5}",NA,1,0,1,1,0
"{1DCD88FC-6B74-47FF-90E9-06AA9CBEBED4}",NA,1,0,1,1,0
"{F140944F-F60B-463F-9560-105465DA6D4C}",NA,0,0,0,1,0
"{E95D6A5D-CBFE-4554-BDD9-425E0BC20D02}",NA,1,0,0,1,0
"{531E395B-1EF0-4A15-9245-B5DD19A0553A}",NA,0,0,0,1,0
"{A2060019-43DE-4FF2-99DA-C66D1412726E}",NA,0,0,0,1,0
"{2C0B3AC1-08F2-4F64-9ABF-FD5846B0DB85}",NA,1,1,0,1,0
"{2FFFF2E4-CE61-48B9-AC66-B41EA0917258}",NA,0,0,0,1,0
"{53154C22-C05A-49EE-B37C-254F64574EA7}",NA,0,0,0,1,0
"{E426BB95-14E6-446A-862F-A4174C298570}",NA,0,0,0,1,0
"{3FCEE8E1-BF91-41FA-86EE-1963877D144D}",NA,0,0,0,1,0
"{7252363D-5771-43A6-8B86-11D3E73B97B7}",NA,1,0,0,1,0
"{7C5C0B20-4647-422C-B633-2E306A6DBAEE}",NA,NA,NA,NA,NA,NA
"{212304B4-36F2-4DB8-BA26-2B84949CF409}",NA,0,0,0,1,0
"{ADE53DAC-4465-47CB-A748-2A46C79DCCA8}",NA,1,0,0,1,0
"{5114BC34-1A86-4B42-B8C0-25B2AE9A7B1F}",NA,0,0,1,1,0
"{4FFF986C-2C73-4E0B-9D65-ED16001D2DF4}",NA,0,0,1,1,0
"{B9F55599-5D3B-41B0-9059-AB0898249A5E}",NA,NA,0,NA,7,0
"{47BA75D5-EC05-4757-B133-2D5CEDE4DB14}",NA,NA,NA,NA,NA,NA
"{1A395B04-D35A-4F0A-A70A-4271C8DD7284}",1,1,0,0,1,0
"{05F444F2-6AE5-437E-BCB4-45CF4EE92FE5}",NA,0,0,0,1,0
"{B52A81C6-6A29-4E58-8351-7D423D034D15}",NA,1,1,0,1,0
"{96F3569E-3E28-43EA-A3A7-AE59DC098DBC}",NA,0,0,0,1,0
"{605FB530-3D99-4B6D-88E4-683A4956C92D}",NA,1,0,0,1,0
"{6A530DE6-8EB0-417F-B717-62429D22C828}",NA,1,0,0,1,0
"{57D5FD4A-3073-420D-9190-129EA57835BE}",NA,0,0,0,1,0
"{617C43E0-4414-48A2-9FD9-B19E0FCF34EB}",NA,0,0,0,1,0
"{52AB46B2-FBB8-45AC-B549-381F7E705D96}",NA,0,0,0,1,0
"{4A4C070D-009E-40A7-90BE-4D40D40672F2}",NA,0,0,0,1,0
"{B9DCA683-7C71-49D8-A3B2-D63BDDE6A6AE}",NA,NA,NA,NA,NA,NA
"{B6C64C46-1257-4105-8DE7-332D82370562}",NA,NA,1,0,7,0
"{EEDE3D29-BFB9-4B0B-AAA9-AC2E370773CD}",NA,NA,NA,NA,NA,NA
"{9139D0EC-90CE-4C31-BB34-739A0F546A9D}",NA,NA,NA,NA,NA,NA
"{A001D448-685A-499E-B8F7-84D3FD8C3BC2}",1,0,0,0,1,0
"{95DAA4CC-105E-4C3C-BE0B-823BFD70CB46}",NA,0,0,0,1,0
"{49C81147-B460-4F1C-BD77-3B932F2371BC}",NA,0,0,0,1,0
"{E6DC3D8D-CA55-4FB0-AB0D-CF53C5A42423}",1,0,1,0,4,1
"{4D77FFE2-9951-4441-A44D-F21E5F2B5F7F}",1,NA,NA,NA,NA,NA
"{87B4C273-928C-4CF8-AFAE-5152C0EC5FC2}",NA,0,0,0,1,0
"{E448E875-A9D4-4B38-A38E-97BA69EF98E3}",NA,0,0,0,1,0
"{FE296715-BC98-4632-8EF5-A088E1873FA6}",NA,0,0,1,1,0
"{9E0863E5-FEB5-4143-BC53-76931574747A}",NA,0,1,0,1,0
"{745CF128-5205-4F0C-864E-2A6501013D25}",NA,0,0,0,1,0
"{0315241D-9DD8-4417-8BE8-47AE8BEC49BB}",NA,1,0,0,1,0
"{E330683D-083A-4040-8B90-B44AE9DB96AE}",NA,0,0,0,1,0
"{0876D831-2E7A-40D0-A87B-3CCDAFCDADC5}",NA,NA,NA,NA,NA,NA
"{E6277ED4-73DD-48F5-BE7B-7E2C96AE4985}",NA,0,0,0,1,0
"{B3726B29-DCA1-4868-915A-79B2346F37C4}",NA,NA,NA,NA,NA,NA
"{0136CEAB-A43B-4C22-B865-51651996817D}",NA,1,0,0,1,0
"{1890B956-CF05-45A3-9AF6-CD7354C3B29E}",NA,0,0,0,1,0
"{E3E4610F-0080-40C5-8A2B-2D2152738772}",NA,1,0,0,1,0
"{9B3F34CE-ED58-4820-B3EE-8AD1F8E05E77}",1,NA,NA,NA,NA,NA
"{8694593E-0E12-44E4-ABF8-892C52499D12}",1,1,0,0,1,0
"{FF92E005-FC75-4C47-A6A5-29D3FC739C80}",NA,1,0,0,1,0
"{9234C35B-EECC-41B4-867D-50BEF0C84301}",NA,0,0,0,1,0
"{C3BD3E9A-12F4-400B-81E9-9FCD74D1D5E1}",NA,0,0,0,1,0
"{CDD87BB6-3066-4BC4-B6A0-1253590592F9}",NA,1,0,1,1,0
"{0D8DC188-EDBE-4C58-9909-204F9C9185E6}",NA,0,0,0,1,0
"{7CD7899D-3964-40A1-BC1F-98250D598F72}",NA,NA,NA,NA,NA,NA
"{C8B5E19B-90D3-446A-951F-9E068F062090}",NA,0,0,0,1,0
"{C3989E3E-EAB9-4723-9FDB-4C8CD00F8AAC}",NA,NA,NA,NA,NA,NA
"{96BB5818-15B6-45CD-ADC5-0091D8D929BF}",NA,NA,NA,NA,NA,NA
"{608212ED-C682-4598-BAA9-5C27C2C7F005}",NA,0,0,0,1,0
"{2A49FD31-F8F0-4137-9867-684A024D111E}",NA,0,0,0,1,0
"{4A961CDD-4174-4E38-B2A5-FB582B17EAE7}",NA,1,0,0,1,0
"{81F05024-C70C-4174-8DAF-B3529A307AF9}",NA,0,0,0,1,0
"{FE77CB5E-4CB9-4363-860F-EA92BE01ADCC}",NA,0,0,0,1,0
"{DC436D04-7754-491F-9C1E-2AE83FA2B6A3}",NA,0,0,0,1,0
"{E7018D39-CC30-4BC8-B293-65E52B470F4C}",NA,0,0,0,1,0
"{A3CAFC7A-EB2C-401B-91A5-980A1FBB309A}",NA,0,0,1,1,0
"{257F9987-D332-4D7F-9128-46AC256FF0DE}",NA,0,0,0,1,0
"{7C828966-790F-4955-9677-2A6ABEA5559A}",NA,0,1,0,1,0
"{0CDB7A57-6C61-424D-B66A-7185A5B60C41}",NA,0,0,0,1,0
"{53D77784-3245-4294-9FC5-BB9F96A6C04D}",NA,0,0,0,2,1
"{6204AEB9-D80D-4074-85FE-9DE0420DCD78}",NA,1,0,0,2,1
"{1B54870E-4690-4186-B36F-7AC7B446CB77}",NA,0,1,0,2,1
"{AC7DD0F8-49B9-436D-9737-EE0378516DAF}",NA,NA,NA,NA,NA,NA
"{4B4CAC1B-829B-4B72-B5BC-777344806EF8}",NA,0,0,0,1,0
"{CD3570EE-8D92-405A-9CFC-1D36C920BBEA}",NA,0,0,0,1,0
"{20004285-A5A5-4906-8664-2669CEFCE1BA}",NA,1,0,0,1,0
"{BA7613F6-33ED-4F61-879B-ED89DB0DACD4}",NA,0,0,0,1,0
"{F9B350CA-8C26-4CC4-8476-78634C386581}",NA,0,0,0,1,0
"{62667AB7-A245-4144-83C5-34AA9D77DC4C}",NA,1,0,0,1,0
"{990A1CC0-8905-4BE6-A67D-6FCB0BA0E7E9}",NA,1,0,0,1,0
"{2BC609FD-475E-48B0-8818-2CC09C636EC0}",NA,1,0,0,1,0
"{02FB5D7A-E597-46E8-B2DF-B5E9B29C9CB9}",NA,NA,NA,NA,NA,NA
"{DB246F14-56FB-4E8C-8F47-DDC7B4A9FF08}",NA,1,1,0,1,0
"{B26AFAB0-42B3-475F-A2D8-52E74DB1B20D}",NA,1,0,0,1,0
"{CFA4B6B0-1132-4948-B8CF-9074C3E16E56}",NA,0,1,0,4,1
"{B4097D1C-FA51-49B6-B51D-02674192F5A7}",NA,1,0,0,1,0
"{D92B3ACD-701B-49CB-A72C-215BA3B57C99}",NA,NA,NA,NA,NA,NA
"{90D516DE-BB55-41C1-AC5A-4F9F15A1885A}",NA,1,0,0,1,0
"{AAD4CFD5-E572-4E4C-BF7C-193A3B2F03BF}",NA,0,0,0,1,0
"{00E25A44-D13F-4645-B54E-058385B3B31B}",NA,1,0,0,1,0
"{ED9BFE88-4EF6-464D-933C-F405CE08E743}",NA,NA,NA,NA,NA,NA
"{B612C9F9-1FEA-4329-A320-D780922F10CF}",NA,0,0,0,1,0
"{F5463122-B3B6-4755-B621-53C9450FDF09}",NA,0,1,0,1,0
"{3ABD60FB-3B8F-4ADE-87E9-80BAEF8FE305}",NA,NA,NA,NA,NA,NA
"{9E803D4C-7E3B-4D9D-88B4-C8187EC89DA4}",1,0,0,0,1,0
"{0B7A3D68-D7DC-4AFC-B9FE-617A8FF5A9BB}",NA,0,0,0,1,0
"{76FFF58D-E57D-47FE-A270-0A174814DA89}",NA,0,1,0,1,0
"{7A2ED21E-45AE-4097-B4D2-36B0B525192D}",NA,1,0,1,1,0
"{7249295C-5832-4DC6-896D-CF270A34DDB4}",NA,0,0,0,1,0
"{FBDC308D-6D89-4083-AC2C-D83E93632126}",NA,0,0,0,1,0
"{DD121383-5C4F-4237-82F9-1E5CA5EF0253}",NA,0,1,0,1,0
"{29647098-7DA4-4848-8142-E978C0B68F29}",NA,1,1,0,1,0
"{F1658B01-6241-41CC-9B25-69160E547AB8}",NA,0,0,0,1,0
"{FE403954-CEB4-452D-9B23-5E3E2F1E3EF2}",1,NA,NA,NA,NA,NA
"{F290CCB9-F541-4BCC-9605-12A0B3D9414C}",NA,0,1,0,1,0
"{361F89D3-8905-4E46-A364-2C72209F92C3}",NA,0,0,0,1,0
"{EFDA8F62-A846-4FFB-92C2-2FF104C2A567}",1,0,1,0,1,0
"{DCE41BB3-A13F-47FA-B2D2-64AF4138443C}",NA,0,0,0,1,0
"{6C73AF4D-B201-4270-AEC6-E4EA2D731647}",1,1,0,0,4,1
"{2DFE339E-1021-426F-B53F-6466F33F5BC8}",2,NA,NA,NA,NA,NA
"{82AD3B7B-6123-416E-917F-406A4A59A97B}",NA,0,0,0,1,0
"{669160E8-DAD6-463E-AEE1-1909F20256C7}",NA,NA,NA,NA,NA,NA
"{BFAFD42F-18D6-4605-BCF1-8195A3AD8F9D}",NA,1,1,0,1,0
"{2AF5441B-ECFC-4739-A342-1DB25A5275BF}",NA,0,0,0,1,0
"{BA531EA1-4300-43F0-AA76-064A8712E67F}",NA,0,0,0,1,0
"{EA255798-E97B-46AD-9096-FDD9C6648AE2}",NA,1,0,0,1,0
"{CDBA6D51-E061-43FD-B2DD-33D887094C0A}",NA,NA,NA,NA,NA,NA
"{B3957516-D883-483E-AD92-4A55F14D7788}",NA,1,0,0,1,0
"{190A3F90-887A-4D94-9614-42C13319DAFB}",NA,NA,NA,NA,NA,NA
"{C1B0E411-E9A1-4EE3-911F-8A369597D11F}",NA,1,0,1,1,0
"{C964B335-481A-4433-89E8-88D69A36FAD0}",NA,0,0,0,1,0
"{B1519AA1-B19C-4AAD-A8DC-29F643559F86}",NA,0,0,0,1,0
"{BC127796-F9D7-4B05-924B-34D7D51DA285}",NA,NA,NA,NA,NA,NA
"{15EC113E-AC86-443B-90B3-E930811FC4D7}",NA,0,0,0,1,0
"{5CAE0244-79A2-4306-B42F-CCB215351157}",NA,0,0,0,1,0
"{FF99F6BC-BB9E-40CA-BA15-E679C4AC4291}",NA,0,1,0,1,0
"{65EBF56A-ED7F-4904-9CE7-0DA12C40CEC8}",NA,NA,NA,NA,NA,NA
"{911D2C37-10D7-4508-92C2-5E686147D71B}",NA,0,0,0,1,0
"{4ED8A9B6-C5BA-4910-BAF2-3B8C5868E71F}",NA,1,0,0,1,0
"{55699E58-10EA-44EF-8258-5D94967D178D}",NA,1,0,0,1,0
"{71269D63-D858-4DA7-945C-5CA7A72D718A}",NA,0,0,0,1,0
"{8C945F05-AECC-4C2C-BE31-6174759A8728}",NA,0,0,0,1,0
"{D4032662-A3BC-4580-9758-D2EE22A91633}",NA,NA,NA,NA,NA,NA
"{084F43C7-67B8-4B51-B843-7A5CE847E423}",NA,0,0,1,1,0
"{B8DA08CF-3AB4-48F8-8CBA-AE51CD110420}",1,0,0,0,1,0
"{9036F141-5C8F-4B92-94A0-80491C2DE00C}",NA,0,1,0,1,0
"{AC23FE99-B4E0-40E2-BF7C-E802F68F4BA0}",NA,0,1,0,1,0
"{6046C9BD-AAEC-420A-B6BD-A1F045BCC9F8}",NA,0,0,0,1,0
"{DFAB8D3A-EB91-49AD-A3FE-EE7F57FDC5ED}",NA,0,0,0,1,0
"{5B3D9832-340C-4E5E-BDDB-B099A77AEE2B}",NA,0,1,0,1,0
"{CAEBEC91-DD18-48F2-9DAD-C0860ED91923}",NA,0,1,0,1,0
"{6DFD58D9-7A31-4411-B66C-F913C9506860}",NA,0,0,0,1,0
"{C589A78C-EC0F-4175-8F4B-75B48490A3B1}",NA,0,0,0,1,0
"{F5C39BF4-2E5D-4D38-8A01-B49CBB3F2875}",1,0,0,0,1,0
"{37F5B47B-5569-4C7A-8AE6-8FD7F267C3A2}",NA,0,0,0,1,0
"{C44FD85F-B7CB-408E-9F75-FC701329333A}",NA,0,0,0,1,0
"{E69CD176-3BB2-440F-B0FF-E19D44D42743}",NA,0,0,0,1,0
"{8ABF5C3B-0194-40EE-85F2-75974566AA1E}",NA,1,1,0,1,0
"{C59E00D7-DEF9-4D32-BCBA-7510CC5357D5}",NA,0,0,0,1,0
"{25E65D44-4792-41AA-A22F-E7CA51A5C2B4}",NA,0,0,0,1,0
"{69C1D3C5-211B-4272-A664-573E77B07A34}",NA,1,0,0,1,0
"{892307D4-B134-4B20-A579-0ECF095708EB}",NA,NA,NA,NA,NA,NA
"{5B47FA94-EA90-447A-B3E0-2A7C43497F6C}",NA,0,0,0,1,0
"{E066E0AA-35D7-46EF-B1AE-D791B09EE559}",NA,0,1,0,1,0
"{1B622645-6734-4CDC-B4D9-1D692BE14FE6}",NA,0,1,0,1,0
"{F8400FA0-A1F1-45A8-999C-6A898EA37848}",NA,0,1,0,1,0
"{C71EB197-E1F7-43AB-B090-6DF310165678}",NA,0,0,0,1,0
"{A74761CD-5792-4821-8C90-58DA841EF207}",NA,0,0,0,1,0
"{D45A3265-2864-49DC-BEFC-691840D31124}",NA,0,1,0,1,0
"{31AEA160-33BF-4A44-B830-6673CC0DFF71}",NA,0,1,0,1,0
"{1F159FFF-DA1D-4CA7-B623-3F0C00073D7C}",NA,0,0,0,1,0
"{74DA330C-9C2B-4301-9463-A9CEA72B676E}",NA,1,0,0,1,0
"{33FA647D-355D-46F2-8C30-BF6A0E225380}",NA,0,0,1,1,0
"{2DB596D7-7F78-4094-8B21-A52CE19A1F58}",NA,1,0,1,1,0
"{618C283F-06C8-435F-ADED-135898D64469}",NA,NA,NA,NA,NA,NA
"{18E9BDC0-A272-4AA1-B255-099BBBF57D81}",NA,0,0,0,1,0
"{1A743E65-E87F-468A-91E8-B2C419C7DAE6}",NA,NA,NA,NA,NA,NA
"{F4BF6E00-922E-4C2D-8117-102F339463E4}",NA,0,1,0,1,0
"{F120ECBA-48B7-42A9-B89F-0B349A463C0B}",NA,0,0,0,1,0
"{075F4001-9D51-4E5C-9FE9-2C1A312D3FEA}",NA,0,1,0,1,0
"{2EE1D800-1CAB-4BEA-A1C1-D6EBF0DE0701}",NA,0,0,0,1,0
"{65745EA6-8CE5-413E-9E21-678B82C3AA6A}",NA,0,0,0,1,0
"{194B0104-4DEA-4C0C-874F-D524C5E62C8A}",NA,0,1,0,1,0
"{37A0772B-25D2-4405-AF0D-1A44AE9320FD}",NA,0,1,0,1,0
"{8C293292-7689-43F8-8948-5D885FE6A999}",1,1,0,0,1,0
"{A94B3FD7-0FBD-4C17-AFE0-96A34DC03EA8}",NA,1,1,0,1,0
"{DE94C364-9A43-4947-8115-D777968DFDAB}",NA,0,1,0,1,0
"{2809F43D-E858-4F32-8A63-4D8C2755F9C0}",NA,0,0,0,1,0
"{DAD0ACB9-D7A2-44CE-AA3E-DEFBE51798F8}",NA,0,1,0,1,0
"{556AA8CC-5FA4-46A4-9341-7EE0EA26D1E7}",NA,1,0,0,4,1
"{782B8DCB-721B-4317-8C8D-DDDBB60318D1}",NA,1,0,0,1,0
"{C00794BF-7393-4F2C-AE0F-2E0FB29986EF}",NA,1,1,0,1,0
"{6823F5D9-2596-48F2-BF05-3A929484A227}",NA,0,0,0,1,0
"{B3228353-8794-41E8-89B0-517B2F2CA9F0}",NA,0,1,0,1,0
"{FDAD94C5-4ED1-4F2F-B5E8-D4C7640FE7E8}",NA,0,0,0,1,0
"{01794E3E-7C63-4C22-AEA8-9B980A075064}",NA,1,1,0,1,0
"{8672A67A-5A47-448D-9B81-A393F96D2AE5}",NA,0,1,0,1,0
"{055517DA-D182-40F0-BDB2-109DEA489E1C}",NA,1,1,0,1,0
"{E3A2AD9C-6C00-452F-BB3B-88B3F46F3B8A}",1,0,0,0,1,0
"{ED4F36B5-B2F1-41B5-BED7-060CCB5124C6}",NA,0,0,0,1,0
"{35493D1D-3493-4ABC-9510-DA117CBBE76A}",2,0,0,0,1,0
"{EF3A6018-E9B9-4934-81F7-35CED38AFC74}",NA,0,0,0,1,0
"{35BA2A8F-B76C-40F4-9F8A-E6699AC68906}",NA,NA,NA,NA,NA,NA
"{F940612B-698B-4BD0-9203-4EDD99229D3A}",NA,0,0,0,1,0
"{80DA78C9-84E4-4D1C-A256-7C520DCC59FF}",1,1,0,1,1,0
"{F21CFE9A-280E-4B9F-B476-D7FDD47465DD}",NA,0,1,0,1,0
"{E68E5B25-5CC5-4E33-A0DB-36A5754DEACE}",NA,1,0,0,1,0
"{C567E203-A769-4378-8505-B6B8E5B30471}",NA,0,1,0,1,0
"{768A7229-B915-4AAB-B2C5-6EE22BD5C183}",NA,1,0,0,1,0
"{FCF53CF8-F400-40C6-89DA-948A55E01264}",NA,0,0,0,1,0
"{36CC49E9-D6D1-49AF-8DB3-176A44B9EC6D}",NA,1,0,0,1,0
"{FCDBE8DE-281C-41D9-B977-ABBD608C3F17}",NA,0,0,0,1,0
"{E39FD30C-5A40-43FB-B025-58F6E6C29063}",NA,1,0,0,1,0
"{6A29E957-8ED7-4881-8871-42CA9D5B04F1}",NA,0,0,0,1,0
"{0A1CBB27-7494-46C5-ABA3-DD335CE44554}",NA,0,0,0,1,0
"{8FA1E26D-94DC-43B2-94A5-ADB33D04F870}",NA,0,0,0,1,0
"{477FA8B4-A379-4C93-8873-C7376E9404C2}",NA,1,0,0,1,0
"{25208599-FE7A-473E-AA16-48B70DC87F69}",1,NA,NA,NA,NA,NA
"{13F85FF5-CE0D-42D0-ADF2-1A2C609377DD}",NA,NA,NA,NA,NA,NA
"{9C45D3A6-8831-4BD9-99D4-4714F67EF6BC}",NA,0,1,0,1,0
"{C7B01687-658E-4364-98B0-81DE4034A521}",NA,0,0,0,1,0
"{61068074-78F8-4125-B8F5-E62C51320156}",NA,0,0,0,1,0
"{4C157E8B-8EE3-4847-BEDD-AA1D8470EACD}",NA,NA,NA,NA,NA,NA
"{3F022342-57F4-47F2-B5B5-DB8A14AFBD91}",NA,0,0,0,1,0
"{28E4BC30-26F3-4786-A15C-6DA056B731D7}",NA,0,0,0,1,0
"{F80F9A42-6517-46FD-87DB-1CCA353987BF}",NA,0,0,0,1,0
"{95A95B32-2614-40FC-BEB6-EC8E36848DC1}",NA,0,0,0,1,0
"{FE0BE2A4-1995-43C6-843F-90FBC1ED1E30}",NA,0,1,0,1,0
"{DF64CC85-0814-4E8E-8783-A171A596D18E}",NA,1,0,1,1,0
"{3A90433B-6BE5-4905-9325-436D424258C8}",NA,1,0,0,1,0
"{75301981-580A-4FC2-BCD9-849895310641}",NA,0,0,0,1,0
"{E36A4794-11AC-4295-822B-89A5914A4D42}",NA,0,0,0,1,0
"{F630B3A5-26B5-4F20-8827-3A5268B74E37}",NA,1,0,0,1,0
"{F7EC8AD9-3B1B-4ECE-88F5-EA73E7CA172D}",NA,0,0,0,1,0
"{2E42CA49-DA00-486D-B27F-EAD4A31E8B1A}",NA,NA,NA,NA,NA,NA
"{64BF9A04-54AE-4B55-BD00-9EAFDAE5C43D}",NA,0,0,0,1,0
"{1DEE03BF-9536-47F6-9D73-E1BE96E646E5}",NA,0,0,0,1,0
"{408B781B-B078-49DE-BC7C-D6E9C075BF3D}",NA,0,0,0,1,0
"{DDF90192-A49E-4311-97B8-6A3BB736E09D}",NA,0,1,0,1,0
"{99C1F119-0372-4A4E-BE49-DF73D98AB85B}",1,0,0,0,1,0
"{500B8F74-44BC-49A4-9809-F8CCBFF8BE51}",NA,0,0,0,1,0
"{BE3428DF-3D1B-4C8F-8501-F614D4F48E81}",NA,1,0,0,1,0
"{1FCE7FE4-1891-473E-A55E-E23605E8B62B}",NA,1,1,1,1,0
"{B488B3AE-1720-4549-9D38-61EF93A14149}",NA,0,1,0,1,0
"{FD93D275-A5C6-4FC0-B325-7150CCE24F18}",1,1,0,0,1,0
"{755B5877-E428-40D8-AAD8-9877051277FC}",NA,1,0,1,1,0
"{7338841E-D79F-4A2B-8066-65DC18A8FB5C}",NA,NA,NA,NA,NA,NA
"{7C9247BD-B1DA-49D7-9278-4097FFC49990}",NA,1,0,1,1,0
"{49647177-D615-417E-A676-C48B496B0392}",NA,1,1,1,2,1
"{0311090B-1C6F-4F4C-913D-8EBD731A968E}",NA,0,0,0,1,0
"{12BA00E0-C262-4FD5-90B6-EEA2A69D5EB7}",NA,0,0,0,1,0
"{8345C132-DDEC-4552-8ECD-14804B807C92}",1,0,0,0,1,0
"{98101A17-BE4E-43B3-B5B8-98E0ADFD5BD5}",NA,0,0,0,1,0
"{7749B437-A859-43E4-9934-8612944A4816}",NA,0,1,0,1,0
"{5834EDFD-0B84-4B10-93FD-5DE9DBC676CA}",NA,0,1,0,1,0
"{2B70DC68-559A-4BA4-8FE4-02BCE3759DE1}",NA,0,1,0,4,1
"{82AB7D63-9A94-403A-8F0D-915D7C9D2B77}",NA,0,0,0,1,0
"{B6619257-0324-4422-9227-49FCBFE3DAD5}",1,1,0,0,1,0
"{B7EAAB65-70F2-4A7D-AF7A-D021AB1078E4}",NA,0,0,0,1,0
"{56F44E02-9F86-4D34-A680-D88CCB690AFD}",NA,0,0,0,1,0
"{CC9E7882-D05E-41F9-8EE2-FC8313A5E56F}",NA,0,0,0,4,1
"{69036A20-F4C6-4A80-9576-4F4A7AE05813}",NA,1,0,0,1,0
"{0DCF6AB3-6218-415F-AA52-280909F70CF8}",NA,1,0,1,1,0
"{84BB3385-8AEE-4C9D-8F8B-2244F92D423B}",NA,NA,NA,NA,NA,NA
"{B4E5AC26-0553-49FE-9838-8DA17C30A2EB}",NA,0,0,1,2,1
"{C50596DC-5B5B-43CE-A493-89EB8116650E}",NA,NA,NA,NA,NA,NA
"{7BE1F8C2-B04F-4E85-A6D9-83D4F8D23FE9}",NA,0,0,0,1,0
"{E7493017-B783-480E-BCA8-3AFED1510B90}",1,NA,NA,NA,NA,NA
"{F32B417D-C866-46B4-A49A-3C1B2E5D85AB}",NA,0,0,0,1,0
"{5E9A1FBD-58C5-4E91-97E6-7A1581FD7052}",NA,0,1,0,1,0
"{2D1723D8-624C-49C3-8829-E500D107B427}",NA,1,0,0,1,0
"{C24BC2DC-4DB8-4E51-B751-85890C4D7834}",NA,0,0,0,1,0
"{2D0A7D7F-949E-4BA9-ABC7-6DD619986B30}",NA,0,1,0,1,0
"{9E960325-9CE4-4C5E-883D-5DB7EE036397}",NA,NA,NA,NA,NA,NA
"{D04393CC-4E1B-4296-83EC-57C23A833FE3}",NA,0,0,0,1,0
"{1B0F6762-571C-4427-B93C-3158AFE1149C}",NA,0,0,0,1,0
"{D98238E9-6B7B-4F4D-BA13-64AC2598E97C}",NA,NA,NA,NA,NA,NA
"{4CDFD58C-57B2-49F7-8DBB-9385E9CFB001}",NA,0,1,0,1,0
"{1CA57EA0-3753-4DE8-95B2-7E4148985BEA}",NA,NA,NA,NA,NA,NA
"{CC93E686-D068-429D-AFF5-EC4E4BBC5C10}",NA,0,0,0,1,0
"{9B6B4464-2D40-416B-A24E-7D992AA0B78C}",NA,1,1,1,1,0
"{84E0AD47-1FC4-46FD-B94D-D23DD1108C26}",NA,0,0,0,1,0
"{52096078-F9F2-432C-93AA-7DD1C2B880F0}",NA,1,0,0,1,0
"{2AD61821-D14E-42BD-9D55-5EBACF1FBD82}",NA,0,0,0,1,0
"{1882C56E-2ACA-436E-9379-55EEA2F76C89}",NA,1,0,0,1,0
"{A9CDA80B-82F0-4E09-A16F-257013E5F860}",NA,1,0,0,1,0
"{87E800F5-E6BF-4997-B7E2-9FD33570CFB0}",NA,1,0,0,1,0
"{32F4795B-71C7-4BDF-A697-39F259CB7E43}",NA,0,0,1,1,0
"{73285DBF-15D3-40C7-8397-E14C01415F03}",NA,0,1,0,1,0
"{E4E4AF9D-6AA7-4526-B5A4-4697A184BA20}",NA,1,0,0,1,0
"{6BC611A9-22E7-4990-AE30-B925463725EA}",2,1,0,0,1,0
"{525D4B99-8C88-49AB-BD08-32813B668D46}",NA,NA,NA,NA,NA,NA
"{DCCD98BA-81E9-48FD-B2CB-F951317825EE}",NA,1,0,1,1,0
"{832E2A1D-F39F-47D0-B124-F049009B034C}",NA,0,0,0,1,0
"{F4CE4115-329E-47DE-8BBD-96CB89F1F32E}",NA,0,0,0,1,0
"{82D46FE3-1210-4AEF-8E39-8D4D30B15899}",NA,0,0,0,1,0
"{909EC137-A020-406E-8449-15AEEF560DDA}",NA,0,0,0,1,0
"{E871E36F-C749-4FE9-A108-79328B1D9D5B}",NA,1,0,0,1,0
"{C8238F42-3745-4974-A7AE-534A742E2BE4}",NA,NA,NA,NA,NA,NA
"{0AFE0133-8D72-4763-902F-CB79347D7228}",NA,1,0,1,1,0
"{3EC84A4C-A02A-45D5-BD28-ABBFAB9847FF}",NA,0,0,0,1,0
"{E9C369E4-7695-4CF1-A36B-E55B92B5A027}",NA,0,0,0,1,0
"{07F7C4D1-CCB3-4FD0-A2A2-13FA871E86B7}",NA,1,0,0,1,0
"{E4297322-6AD4-4DB6-BDFE-ED11B8E6735D}",NA,0,0,0,1,0
"{3B47E677-CEAE-4BDB-AD80-D335EC964B56}",NA,NA,NA,NA,NA,NA
"{EEDA3A3A-A0CF-4CE1-B935-4B633A0A75C3}",NA,0,0,0,1,0
"{8E903E14-2262-4B3E-BBFC-C9BAF4158DEE}",NA,NA,NA,NA,NA,NA
"{C8A8A269-7D8A-451E-BBB7-1D82583DF7FB}",NA,1,1,0,1,0
"{01544C45-F440-4DB1-BA92-81589E630428}",NA,0,1,0,1,0
"{6AACB80F-701F-4869-B3CA-291AD42F782E}",NA,0,0,0,1,0
"{D4CB8FD7-08BE-4783-839A-BC8DAB9567D3}",NA,1,0,0,1,0
"{9D92AB6E-75CC-48CD-AF84-EB7576BC319E}",NA,0,0,0,1,0
"{67FD9DAE-F030-42ED-A0D9-0B13E7FD16F0}",NA,0,0,0,1,0
"{29922A8C-E2FF-4306-9470-754AED061DCD}",NA,NA,NA,NA,NA,NA
"{A21FFEF1-542D-48A5-A712-F0BC8CC2D914}",NA,NA,NA,NA,NA,NA
"{1801C50F-CFBC-4C69-883F-9095613190CD}",1,1,0,0,1,0
"{77127BCB-7102-4781-8BE3-829BB727B02E}",NA,NA,NA,NA,NA,NA
"{212FE142-0687-439F-A1C4-7E78B447881C}",NA,1,0,0,1,0
"{5AACC9D0-DBEA-4B44-AE8A-BF3757FC9A5B}",1,0,0,0,1,0
"{08EB8561-32B6-4101-B0B6-515800BE6C12}",NA,0,0,0,1,0
"{9A16E870-DBB1-4681-A0E4-E3D18232C377}",NA,0,0,0,1,0
"{85208A20-C9D8-4134-91E1-4EE45C6E1316}",NA,1,0,1,1,0
"{5EE99203-F0AD-44B7-AA3F-C1248BCDC2AB}",NA,1,0,0,1,0
"{87605DF0-18A6-428B-980F-AF60C379636A}",NA,1,0,0,1,0
"{3A7DAA60-C6AB-4B0B-AE6C-DD800D3016B2}",NA,1,0,0,1,0
"{8B663A6E-C61F-4C85-98DA-3CC0AAAD2AF0}",NA,1,0,0,1,0
"{11F7791A-24CC-4898-9A11-682F2A486148}",NA,NA,NA,NA,NA,NA
"{CFD87D5C-7BD7-432C-802B-55510B0631A3}",2,0,0,0,1,0
"{3A6A7399-F254-4451-A5E1-1A1880A42C5D}",NA,1,0,0,1,0
"{D6BA3517-CF15-4A71-BBB4-A52892980C79}",NA,0,1,0,1,0
"{EBC2B341-6580-47D7-B0A3-85C030CBCC77}",NA,1,1,0,1,0
"{23AEB468-6C83-465D-BA6E-2E24C09BD325}",NA,0,0,0,1,0
"{26A8D2E5-DC16-4EAD-AA8A-9412CA2BB121}",NA,0,0,0,1,0
"{70ED4599-BBEB-4020-B80D-803AE5C6FB21}",NA,0,0,0,1,0
"{945891D0-000A-4C89-9702-3D78B7C3C7E5}",NA,0,0,0,1,0
"{C46E71FB-9374-4C2B-912A-954E210D96DC}",NA,0,1,0,1,0
"{03B8E2A7-5149-40CA-B643-E8806B05358E}",NA,0,0,0,1,0
"{409847B9-F08D-4771-A5C0-4164B20FF4E3}",NA,0,0,1,1,0
"{4968D8C1-BADF-4B67-A373-552C42F90A3B}",NA,0,0,0,1,0
"{61F087DE-1095-4C62-B78D-13307B727306}",NA,0,0,0,1,0
"{90E9C155-4D25-48DA-BF1D-DEC711F53645}",NA,1,0,0,1,0
"{985DE7A0-B086-473A-ACB7-37405FC44CAB}",NA,NA,NA,NA,NA,NA
"{FCFE9260-C022-4A2D-A1B5-25D3E3CEFE67}",NA,1,0,0,1,0
"{C6B4A760-CC7E-4BF1-B3C5-DE0A46A66A75}",NA,1,0,0,1,0
"{41AD1AD8-14F0-47FD-990E-251F86F865F5}",NA,1,1,0,1,0
"{D0D59887-6A36-49C1-9262-0BF78C7BE4B1}",NA,0,0,0,1,0
"{A842DD68-5ED4-4DDC-A3F5-97FF2671EAA7}",NA,1,0,0,1,0
"{189FD555-09A8-4D32-AC45-7AF636A50E15}",NA,0,1,0,1,0
"{ACD65225-E6B3-4DC4-B8F0-6D9E35BDE1B2}",NA,0,0,0,1,0
"{A384F137-BEBD-4E10-A2D4-70023BAF09DA}",NA,0,0,0,1,0
"{964AB8A3-EACA-4ACB-A8C7-29DF8FEC44B1}",NA,0,0,0,1,0
"{ABDF3606-C820-4576-BCC7-0440489F6876}",NA,0,0,0,1,0
"{740DBC4B-5277-4F36-B35C-EC16FA2B6D4B}",NA,0,0,0,1,0
"{DD70A00A-BA48-4C43-8C43-32C5C0E30360}",NA,1,1,0,1,0
"{4B55894D-EA2E-45B8-9326-C00F1157503A}",NA,0,0,0,1,0
"{B9D1FA40-2326-4D9D-AADA-7F86319AE64B}",NA,0,0,0,1,0
"{23AEDDFE-1861-4C3B-81A1-F0916046C374}",NA,0,0,0,1,0
"{D4CF3F35-71ED-4FC3-8271-8AE8FAFC2EC8}",NA,1,0,0,1,0
"{E7596B18-9ECE-4529-8BE5-4C20942DE489}",NA,1,0,0,1,0
"{36929BAC-833E-48ED-BA57-82EA9804E481}",NA,NA,NA,NA,NA,NA
"{550018BA-19D8-477B-B977-2EAA71028CF8}",2,0,0,0,1,0
"{C6CAC675-8D47-4622-A527-4EBE0CA05CC0}",NA,0,0,1,1,0
"{F16B71A6-F945-4477-8D42-C29AB223F982}",NA,NA,NA,NA,NA,NA
"{1213F9F7-691A-4A8F-9F23-0A21152681C1}",1,1,0,0,1,0
"{348AB485-32FA-49E7-BBEE-3C5FFFBAD9DA}",1,NA,NA,NA,NA,NA
"{2F9002E3-BB27-4197-A419-C10E7D2134B1}",NA,0,0,0,1,0
"{571949DB-6A04-496F-BE66-5C51ACA3A719}",NA,0,0,0,1,0
"{2A6D1460-D2C2-4286-B29B-1EF3D9B4CF30}",NA,NA,NA,NA,NA,NA
"{49D79DDA-A911-4543-8ED1-99CCC8D97245}",1,1,0,0,1,0
"{D36DAA65-BDD8-4B4D-A515-2D18D7E81161}",NA,NA,NA,NA,NA,NA
"{FB12C6EF-D123-4716-89C3-720E72D9F3DD}",NA,1,0,0,1,0
"{15A8C17E-D347-4BA7-B69A-4899AFAAA15C}",NA,NA,NA,NA,NA,NA
"{15127373-12A9-4EB5-B344-2DAE2C9F9EAE}",NA,0,0,0,1,0
"{858D55DB-C1C6-4062-9531-08CF739E3317}",NA,0,0,0,1,0
"{07519361-D324-46E3-AD4A-C0938A9E64A9}",NA,0,0,0,1,0
"{346E7748-593A-449F-9C46-1239B59EC41C}",NA,1,0,0,1,0
"{CA64558C-4527-4A9B-B253-E46B7E7F2533}",NA,1,0,0,1,0
"{D9D668A9-C78D-4A8C-A5EA-9E4EE39A795F}",NA,1,0,0,1,0
"{5093D406-DB37-4CC0-80E7-80390FBAFAE3}",NA,NA,NA,NA,NA,NA
"{2B0A69CD-EED9-41B6-A120-B3799039CB03}",NA,0,0,0,1,0
"{F8462D74-10E5-44B4-8483-9F9F818DBDED}",NA,1,0,0,1,0
"{DFD84920-970B-4513-A1B3-63BD308AD892}",NA,0,0,0,1,0
"{A76B573D-8CE0-440C-912C-82D62DF5C75A}",NA,1,0,0,1,0
"{F75A37AD-91D3-49A0-B12E-5409BA64C91A}",1,1,1,0,1,0
"{7E2834F7-E9D1-4D4B-A924-79B1E35D3DFE}",NA,0,0,0,1,0
"{9857C0D3-6D13-4F26-B0D8-5BF1244C8FD8}",NA,0,0,0,1,0
"{6B0A7091-1F60-46EF-A9BF-49C21FEE5EA0}",NA,0,0,0,1,0
"{C6C0129E-B8F9-4403-84AB-2C8856D9406F}",NA,0,1,0,1,0
"{E46703BE-833A-4CA1-A3EF-8B5A4A58159C}",NA,0,1,0,1,0
"{163E5E52-6D45-4B3B-9811-149C9788953D}",NA,0,0,0,1,0
"{D25783B8-9816-436B-BC19-27BC6FBF6BA9}",NA,1,0,0,1,0
"{5ED85074-55F7-44D4-A5B9-A8363D09E0AF}",NA,0,0,0,1,0
"{6D7D3C0B-5071-452B-BCE6-2490C6756B57}",NA,0,1,0,1,0
"{EB9AB6C6-5E9F-4381-A674-CBA558252ECC}",NA,0,1,0,1,0
"{1D9FDEED-360D-4A0A-ADFF-5229B5C57975}",NA,0,0,0,1,0
"{F8C48142-EF22-448B-B26C-D73449AEDFAC}",NA,1,0,0,1,0
"{A330F2EF-0F25-4829-B5AC-5E18C554DBFF}",NA,0,0,0,1,0
"{77CC9095-BB37-4F2E-B010-C242A4D46260}",NA,0,1,0,1,0
"{2FE2E343-657F-474B-AC93-9696F0AA41D3}",1,0,0,0,1,0
"{C1D7D941-58DE-4E4F-9FB4-DA640C45BA84}",NA,0,0,0,1,0
"{95163474-3648-4FBF-B0B0-BBB3A0CB3F36}",NA,0,1,0,1,0
"{DCB106A4-500F-48F3-9FD7-A5C008111332}",NA,0,0,0,1,0
"{8B34E63D-68D6-4785-BCA3-166DA6DCBB7B}",1,0,0,0,3,1
"{88E3F90A-5E04-493B-9542-B70446A2B2C3}",NA,1,1,0,1,0
"{224C6AF7-C33F-4195-BC7D-FC30E9CE35DF}",1,0,0,0,1,0
"{93E4E16A-167E-4F5C-AA99-83779C595C3B}",NA,0,0,0,1,0
"{877EA626-B93F-4259-9BCB-4DC8A81C2495}",1,0,1,0,1,0
"{BDEEF964-8567-4CC3-8B06-5821B9BC46CB}",NA,0,0,0,1,0
"{0DD14A31-DFBA-4170-B39A-4C3123E6619F}",NA,1,0,0,1,0
"{4BE5699A-236C-47FB-B3E1-C47FA0F658E3}",NA,0,0,0,1,0
"{AD0522A0-F6B1-4483-8DA0-FEF4ABD9CC63}",NA,0,0,0,1,0
"{CB8A9905-BCA5-43E6-86C1-37CA7D4F3735}",NA,1,0,0,1,0
"{CA35C9C8-471B-4EF0-9042-770219DC9A9B}",NA,1,0,0,1,0
"{27646F64-8703-406D-8611-A25FCDFA695A}",NA,0,0,1,1,0
"{6C83EDF2-D1D9-4556-93ED-1E8AA723420E}",1,0,1,0,1,0
"{CC35A5E6-AE73-416B-8130-352AABBAA28D}",NA,1,0,1,1,0
"{C7F7C01B-3426-4C80-9857-CDF1DD2E8D36}",NA,0,0,0,1,0
"{AF2D37E5-762B-4CD7-89FD-7892E85EB4A1}",1,NA,NA,NA,NA,NA
"{0CA6D933-742D-4675-A548-C21E44CF6FC1}",NA,0,0,0,1,0
"{1461A7DB-9651-4980-9313-ADA0ACC9FDB6}",NA,0,0,0,1,0
"{4D1FB4A7-37AA-4C48-B286-376CCE19515E}",NA,1,0,0,1,0
"{10F3BDB8-7998-4BF1-86D8-32CBCE8CFC4D}",NA,0,0,0,1,0
"{48F21D83-38E3-43D0-A2CD-D9348CF138A8}",NA,0,0,0,1,0
"{14992EBB-6C4E-45E9-BC5B-B322BCCBEC09}",NA,NA,NA,NA,NA,NA
"{FF490FB3-BC94-4BC3-BC9A-5E0807F3629A}",NA,0,0,0,1,0
"{0F1D2CB9-0A78-4FC8-876C-809C38AD114D}",NA,0,1,0,1,0
"{9204CB2A-2547-4924-A6BB-7F499635AA7B}",NA,0,0,0,1,0
"{8DC82798-A6B3-4687-B411-E9F80BC2948C}",NA,0,0,0,1,0
"{5E5CFA22-9332-4CC3-8755-DA176D09F07F}",NA,0,0,0,1,0
"{43E275D9-3889-428E-BDA2-C95A2D0BA4B6}",1,0,0,0,1,0
"{5EF8F3AB-F527-4976-A3D7-1820E95A1CB3}",NA,1,1,0,1,0
"{911A5799-8D40-403A-8D7F-31BE9DC24964}",NA,0,0,0,1,0
"{A7EC67DF-D6EF-4073-A08C-8074EE13A631}",NA,0,0,0,1,0
"{6C52CA12-8A3A-4446-AFFD-CD48FA41C328}",NA,0,0,0,1,0
"{B76F3013-57E8-4F1E-8989-40212EFF58FB}",NA,1,0,1,1,0
"{66B819E0-01AB-49E1-ACCD-9137EECABD0B}",NA,0,0,0,1,0
"{EEB5FFBC-9C53-4B6C-A86D-FCCE546E64BD}",NA,1,1,0,1,0
"{0C9CA37E-8264-482C-BF99-3FF4D92586BF}",NA,0,0,1,1,0
"{FB17B4EE-BADC-4FCD-AC48-E88C5B3A2A61}",NA,1,0,0,1,0
"{DA7ED25A-C76D-46FF-9A23-84B7267B95F2}",NA,0,0,0,1,0
"{EE078F0E-062C-459B-93FD-6CD81E7C63E6}",NA,1,0,0,1,0
"{4F2A77BA-A05F-4DFC-A96D-705D247C188D}",NA,0,0,0,1,0
"{99BB0B3C-0835-4D04-8006-2952E2AB66F3}",NA,1,0,0,1,0
"{CC311EEF-47A5-4630-94DF-7FB0AECF5300}",NA,1,0,0,1,0
"{581158D3-87FE-4053-8AE4-9772BBA4777A}",NA,0,0,0,1,0
"{21F2CC9C-1832-4C9D-AC2E-5CF577379BE4}",NA,0,0,0,1,0
"{82A8B948-79D0-4345-BB17-73EF72AD7400}",NA,0,0,0,1,0
"{35EB1BF0-8ED7-4F6B-B426-7668B9C23400}",NA,0,0,0,1,0
"{FF74F434-1708-4DCD-BCE3-FB7D64BBF9BD}",NA,0,0,0,1,0
"{2A9421DC-D55D-44EE-8543-24AF06237E90}",NA,0,0,0,1,0
"{4CB9DB07-84B4-4B1F-B56F-57327AA4A894}",NA,0,0,0,1,0
"{66869FD7-C64F-4BA9-A47F-D2CDFFEA07B8}",NA,0,0,0,1,0
"{DF260FEE-620A-4DDA-AC0C-8559B6C19547}",NA,1,0,0,1,0
"{991CFC3F-9152-4069-8D61-A9ECC01525BD}",NA,1,0,1,1,0
"{4958CB60-8308-4D62-8619-E9B99EE902B5}",NA,1,0,1,1,0
"{6BC06B72-2DB9-4A96-8AC2-C0302690C178}",NA,1,0,0,1,0
"{397A6A7C-B7A2-4817-A275-E80C61A81997}",NA,1,0,0,1,0
"{0C0F438C-C1D0-4814-960C-EE9A1C818D7C}",NA,0,0,0,1,0
"{9E18CD85-E3EC-499E-84A7-0263BC144B7B}",NA,0,0,0,1,0
"{58841487-19A6-4784-8A92-82F0A634A4B5}",NA,1,0,0,1,0
"{CB0B1380-94D4-424D-8D0C-FBCDBF72C4EE}",NA,0,0,0,1,0
"{FDC3E3A1-27DA-4A67-834E-F9A26EF142C1}",NA,1,0,1,1,0
"{974F6FCC-F6AC-44C9-BA5A-F5B95CD81D09}",1,1,0,0,1,0
"{57F64703-5464-45F4-B7B6-58427E6799A9}",NA,0,0,0,1,0
"{9EA185A3-0064-4B7B-9BA3-484D4DBC600E}",NA,0,0,0,1,0
"{6A16CC74-16D1-4C43-9896-134411AD1D47}",NA,0,0,0,1,0
"{D1EEF731-EAB2-4F5D-84F2-88B4768D0C89}",NA,NA,NA,NA,NA,NA
"{525DF39E-0686-4CD3-88E4-62A8D9BAAAA6}",NA,0,0,1,1,0
"{2738E2E5-C82E-47A6-BBDC-82AFC73E9F67}",NA,0,0,0,1,0
"{3816601C-7881-4911-A911-26FAB051FCF0}",NA,0,1,0,1,0
"{97369472-DE7C-4084-8698-0113BBF2A641}",NA,0,0,0,1,0
"{C55D7C35-CE96-4742-99C9-7CA6C1A31B69}",NA,1,0,0,1,0
"{195A690C-25FD-44D0-9A17-7D05C3CE89FD}",1,1,0,1,1,0
"{B4D20787-A2ED-4A4D-9CE9-F28FA2090D6D}",NA,1,0,1,1,0
"{6056C638-1F46-40C1-BBB5-CD8B3240D333}",NA,0,1,0,1,0
"{8150605C-6059-412C-86EA-01F915168E74}",NA,0,0,0,1,0
"{019D3529-DA06-4706-A5DE-EA152378BEC7}",NA,0,0,0,1,0
"{31D553C7-6A9F-49E8-A1EA-445889A8EF84}",NA,0,0,0,1,0
"{D411CBD8-77C0-4251-B717-4940C3ADF576}",NA,NA,NA,NA,NA,NA
"{78B4B081-BA90-4433-84F5-29D0204ACAA5}",NA,0,1,0,1,0
"{F1D0B36A-4381-4123-A086-B3CC2D2B1055}",NA,NA,NA,NA,NA,NA
"{FB6B6A02-CEFE-4CD5-A65A-8EB0506FCC7B}",1,1,0,1,1,0
"{692BA338-E8C5-43DD-8A5A-65697097157B}",NA,0,0,0,1,0
"{B502387A-77E7-4120-9198-BB2566823B6E}",NA,0,0,0,1,0
"{4CF421B0-1E36-4F42-8630-DAE5BE552BA1}",NA,1,0,0,1,0
"{5181BD92-3FE8-4EC8-9684-E7F2C7AF4695}",NA,0,0,0,1,0
"{C6B2C9A3-90A2-4CFA-BC00-030F3B92E204}",1,NA,NA,NA,NA,NA
"{0E10391D-30C6-46ED-BC0D-9F1A63F81D47}",NA,NA,NA,NA,NA,NA
"{591E7D51-6417-4DFE-BE8E-097F0E7313E6}",NA,0,0,0,1,0
"{7FD348C5-BDB2-4968-9994-57277BB9A01E}",NA,NA,NA,NA,NA,NA
"{98DC0F49-81E4-451F-BD39-DE96A0918495}",NA,0,0,0,1,0
"{933FDEF5-6691-4BB2-93CC-D0B1AF9454D8}",NA,0,0,0,1,0
"{8579BCDA-F09D-4AE2-8FF2-C2D1E7C262E5}",NA,0,0,0,1,0
"{F46A4B3F-B0DD-4C2A-A0E9-77A3134257E5}",NA,0,0,0,1,0
"{BBFEB0DB-3205-445D-BDD9-CAC9B8651306}",NA,NA,NA,NA,NA,NA
"{E577728E-46FA-4F35-965E-669719072BD5}",NA,0,0,0,1,0
"{6A4DBD87-D5D8-4F79-960E-51E726BE84C8}",NA,NA,NA,NA,NA,NA
"{90E2AA85-C14D-412A-A6AF-43B23EB3F218}",NA,1,1,0,1,0
"{B3757E57-18D9-4710-84CA-FD703DF00C28}",NA,1,0,0,1,0
"{A36C3FFC-735F-4818-999B-54B45F04F141}",NA,0,0,0,1,0
"{6DE3EB30-96FE-41E9-90F8-4C944411887F}",NA,0,1,0,1,0
"{8136C82E-FD55-4676-8E71-FF91475E4FD1}",NA,0,0,0,1,0
"{4A5C60C2-D3E6-40AE-9C58-4CCF1C3BF7D5}",NA,0,0,0,1,0
"{542C33D8-FDBC-4735-85F8-8181A1B1FCC6}",1,NA,NA,NA,NA,NA
"{B74C0449-B819-4894-B616-2E37B7E4B106}",NA,0,1,0,1,0
"{DACF6F6F-726E-4F3C-95DB-36D56D70E570}",1,0,0,0,1,0
"{2CDCFD01-BF49-4571-957A-2D09C5CAF404}",NA,0,1,1,1,0
"{06DED99D-DBB5-4469-B3FF-8450686CB8CC}",NA,0,1,0,1,0
"{087C0881-0387-41A2-BA03-3CBEAC13340E}",NA,NA,NA,NA,NA,NA
"{248111A0-AC13-48FB-9F71-7B0C712B998B}",NA,0,1,0,1,0
"{FA071EA7-8334-436B-89D6-7E14EB8FF232}",NA,0,0,0,1,0
"{A4BE1221-99F3-489E-8C0E-D6AC8C90DABC}",NA,0,0,0,1,0
"{B97BC5FA-9E35-42A6-9D07-DFCDFDA096AE}",NA,NA,NA,NA,NA,NA
"{5A2B0AE0-10FE-4E54-B408-4F968D143166}",NA,NA,NA,NA,NA,NA
"{683CC78E-F742-4F4E-A59E-BEAEDB6DC942}",NA,NA,NA,NA,NA,NA
"{D01F5DCF-6F53-41CC-A0BD-F0B4416A2E4E}",1,0,0,0,1,0
"{93458126-0657-482E-AF6E-BFF885F8370E}",NA,0,0,0,1,0
"{22B685FC-7C9A-4B4E-9EC0-C7C47E91521D}",NA,0,1,0,1,0
"{A1CD5E29-2052-4205-877E-EFEA6312E071}",NA,0,0,0,1,0
"{C2E025D9-22AA-42A2-9A76-2C2369D932C1}",NA,NA,NA,NA,NA,NA
"{A12013E6-EDCF-4654-8FB7-36AF5AB63EAF}",NA,0,0,0,1,0
"{59B493DB-809A-4F34-9B68-70BADB43D1AC}",NA,0,1,0,1,0
"{26B2D20A-9653-4D77-8AA1-D41C1C0AE2F3}",NA,1,0,0,1,0
"{D76B1929-6A09-46A6-A65D-5809224A55A5}",NA,0,0,0,1,0
"{413E538F-78DE-4ECA-A70E-363C497E6903}",NA,0,0,0,1,0
"{A826A7AA-ABB4-43FA-8D7A-D126F6CC711F}",NA,NA,NA,NA,NA,NA
"{EF9981C6-4184-42A7-A668-D1412FE8C7CD}",NA,1,0,1,7,0
"{E5759285-159B-48A3-AB95-7E5E0E561B96}",NA,1,0,0,1,0
"{6916B9B0-3945-492B-8F4B-46CE0D1F33FA}",NA,0,0,0,1,0
"{C5503940-0C3A-4FBA-A429-6D40FDB5C289}",1,1,0,0,1,0
"{B7125593-5ECC-4F7E-8822-3798241B1BB5}",1,0,0,0,1,0
"{85C05D9C-E056-4E66-B73D-ABD70D96C0C3}",1,0,1,0,1,0
"{AB20B87D-2565-4C0F-828A-05C368579367}",NA,0,0,0,7,0
"{20D170AF-5E04-40FD-A4C1-1ED215C27B73}",NA,0,0,0,1,0
"{FA6EBE75-5BA4-4131-AC9A-6397B13A29E1}",NA,0,0,0,1,0
"{02731FC3-8521-4B30-89EB-0AD9B70CEEED}",NA,0,0,0,1,0
"{3C3AA1B6-67F4-44D5-A51E-89A7CC5D437B}",NA,0,0,0,1,0
"{566F5E10-9828-4202-98CA-9ECB4373B6BC}",NA,0,1,0,1,0
"{302FF7B0-8F61-4070-B5C1-BA6D8100BB58}",NA,0,1,0,1,0
"{68418C05-A98A-4520-B66F-E47378665464}",NA,0,0,0,1,0
"{8CA0A4A6-173E-468B-BE40-393A1C7EB11C}",NA,1,0,1,1,0
"{EF196420-8986-4832-BD6B-83ED8CE40C8D}",NA,0,1,1,1,0
"{0CE0B61B-59F2-4A4B-8FA9-7903E09E1E09}",NA,1,0,1,1,0
"{3234D7D7-F3A2-4CF9-8CB8-8A68EA9B7512}",NA,NA,NA,NA,NA,NA
"{DE31D9AB-8D64-4855-BEE8-C4E9EAE0526B}",NA,NA,NA,NA,NA,NA
"{EEA19A3E-F732-451A-B461-4D841A448932}",NA,0,0,0,1,0
"{D8C182AE-8192-47B0-8B84-1ACE248F528F}",NA,0,0,1,1,0
"{8C15A07B-37E2-4107-BBAC-AF7010154983}",NA,0,0,0,1,0
"{EDD491B6-735D-4732-8295-7388F7FADE8B}",1,1,0,0,1,0
"{1C56AE61-695C-4107-99EB-1DA03662B064}",NA,0,0,1,1,0
"{6636AAC2-8741-4B6D-B0D9-38C46BA3DC59}",NA,0,0,0,1,0
"{F187F8BE-6BD2-49D2-986E-831C2479430D}",NA,NA,NA,NA,NA,NA
"{19C8F55B-E6D1-40DE-9521-F29923CC5938}",NA,0,1,0,1,0
"{43C210FB-77A3-40D8-BF8A-3FC5A0A773B0}",NA,1,1,0,1,0
"{3AB330B2-D461-42E4-9C47-C0A234DDD1C9}",NA,0,0,0,1,0
"{582C0457-A434-4FD4-8CE2-803E51BCBA45}",1,1,0,0,1,0
"{A58C2B7C-BAB3-4A36-93D7-8034C876A417}",NA,0,0,0,1,0
"{D3DA8E90-F6F6-465C-82F4-86A4FC45BC74}",NA,0,1,0,1,0
"{6FFB118D-1884-4EDA-825E-7685DC6DD6E6}",NA,1,0,0,1,0
"{A6322765-EB39-4AA9-8F00-4F25F3B74D71}",NA,0,0,0,1,0
"{AB45B290-F80F-42DC-8411-0958E639B727}",NA,1,0,0,1,0
"{DE54D1C1-3E0E-4EB0-9BC0-133FA85359AF}",NA,0,0,1,1,0
"{7DDB3BC0-9046-4AF1-B21D-6086EB65452C}",NA,0,0,0,2,1
"{51646D68-E328-4AC5-AB07-9B2DBA9BFB01}",NA,0,1,0,1,0
"{302B7F33-88F5-4951-80B9-A58C09981F60}",NA,0,1,0,1,0
"{B3B869D4-09E9-4D92-BE68-D55CFCF557F8}",NA,0,0,0,1,0
"{FF6E259C-1FD4-4D3C-BE73-8EADA0A915F3}",NA,1,0,0,1,0
"{7E007C04-3738-41A5-ADBD-B28A26E5F45D}",NA,1,0,0,1,0
"{1B70A896-0FA7-47DB-BCB5-6CE0237E4724}",NA,0,1,0,1,0
"{B014426F-9ADD-4BC0-BD38-5FA877D49E1E}",NA,0,0,0,1,0
"{2569A5F5-3175-4F03-902E-A1AA1D13787D}",NA,1,0,1,1,0
"{8E0C68B9-907E-46EA-BF09-0F963849DD34}",NA,0,1,0,1,0
"{3774679B-6C67-4CA3-9E7A-4D1E387CFDA8}",NA,0,0,0,1,0
"{DDE2BF74-4BB7-499C-BC2F-FF19DE3E4CA7}",1,0,0,0,1,0
"{F7BE8FF6-B84E-4918-B855-8AC1BE449E74}",NA,1,0,0,1,0
"{8395F644-813E-43A8-BCC7-B3599D806A7A}",NA,0,0,0,1,0
"{81D431D0-21B4-4AC0-A8FF-C098E49602B8}",NA,0,0,0,1,0
"{F6A116E8-50FD-4BC8-B031-6E3CBCA320CD}",NA,0,0,1,1,0
"{414A4F49-0753-4F0A-904E-CE37F42A2427}",NA,NA,NA,NA,NA,NA
"{DAD456C9-941F-4F45-8BB1-1AA66A290C6B}",NA,1,0,0,1,0
"{087C152E-5BFE-466F-A362-DF29F87B1D2B}",NA,0,0,0,1,0
"{542018B7-5D8F-4770-8E96-205C8B1BC577}",NA,0,0,0,1,0
"{CC2E5D45-916A-4574-AF16-DD4767B20A90}",NA,1,0,0,1,0
"{1334FE22-4E4C-4187-8848-F7DDF65B43CE}",NA,0,0,1,1,0
"{8A9A90FF-C019-4F20-BB64-ADDFBB8F9354}",NA,0,0,0,1,0
"{A7C4C69F-43B7-4982-A2DA-676FC58F5384}",NA,NA,NA,NA,NA,NA
"{74A0D1E3-964B-4EAE-89F8-DDFB48187D7C}",1,NA,NA,NA,NA,NA
"{AC3EB33F-8BA6-4186-AAB6-7DC9EA42F3D1}",1,NA,NA,NA,NA,NA
"{F8BCD4AB-590F-4101-86D7-B90077F8035F}",NA,0,0,0,1,0
"{DB2DF341-89C9-4985-AF66-7BDCF721721A}",NA,NA,NA,NA,7,0
"{9EE3F1D0-A4DB-468C-B6EA-0F6970985C2E}",1,0,1,0,1,0
"{9EE496A0-4158-4943-8C39-F5B6268B2CC1}",NA,0,0,0,1,0
"{DA035A25-77C4-45AA-8426-6B2CE4ADA71D}",NA,0,0,0,1,0
"{D57F9891-F2F2-44D1-9C0C-F099C38217E1}",NA,0,1,0,1,0
"{5823216A-451D-4093-8837-20DA36F98154}",NA,0,1,0,1,0
"{4C8AFC2A-F0DE-4C40-BF2F-A648ACA742DC}",NA,0,0,0,1,0
"{5194DA10-4EBA-4372-9B9C-11837BF57478}",NA,0,0,0,2,1
"{7CFA6CEF-7F7D-446E-A2DC-964316FE5C58}",NA,0,0,0,1,0
"{627D3A85-3161-4368-B812-B8A7E48BC4E7}",NA,0,0,0,1,0
"{CEE8A9AC-27CA-4D0C-9F2A-973DA51B0387}",NA,0,0,0,1,0
"{566B6F86-51BC-46E8-AA36-F32F4532219D}",1,0,0,0,1,0
"{9374FE72-5677-42C0-B4CC-8A760C11B39B}",NA,0,0,0,1,0
"{83FD85A2-10CE-4573-B89E-C6C04ADD0EFB}",NA,NA,NA,NA,NA,NA
"{86DEFC62-887B-45BB-82A5-163A9FC472C8}",NA,0,0,0,1,0
"{22075834-A3CB-4510-979F-BB610E6A0334}",NA,0,0,0,1,0
"{0C5CB9F7-4BDE-4D54-AA57-7B2E5047F7B5}",NA,1,0,0,1,0
"{AD0C233E-D7DE-46CC-811B-16239D9EE7D0}",NA,0,0,0,1,0
"{9EA0B310-A247-4891-8F7A-BC5AB4EB31D7}",NA,1,0,1,1,0
"{F73CB3D9-8BCE-4EC3-8F4D-203C1A8C4608}",1,0,0,0,1,0
"{C52147A2-6413-4A81-86B1-1BFAD0ACB86E}",NA,0,0,0,1,0
"{06FAFDF1-EC20-4D99-B00E-2E7605DBDB56}",NA,NA,NA,NA,NA,NA
"{B80738B5-75AD-46B5-AEA9-422FE40334FB}",NA,1,1,0,1,0
"{2367D58C-AEA0-4DC4-B466-F0A15C64197D}",NA,NA,NA,NA,NA,NA
"{FAE4C1AC-963C-4011-B142-39960D7A1E33}",1,1,0,0,1,0
"{D46320B5-64D8-4151-B6EF-B651A69586EF}",NA,1,0,0,1,0
"{95DB5D82-6C91-4BBE-A343-FD24EBE7DAC4}",NA,0,0,0,1,0
"{0EB22E1F-3ADB-4793-94D9-51AAA38CCD70}",NA,0,0,0,1,0
"{69118264-E82C-4F68-82C0-84483B74EB57}",NA,0,0,0,1,0
"{ABB3CAAF-A405-464E-B20F-424C08E5BAAC}",NA,NA,NA,NA,NA,NA
"{FA1FF04D-C182-4E3C-9606-D8222CB688FC}",NA,0,0,0,1,0
"{66C6E03B-5705-4F23-A83C-4130B129402A}",NA,NA,NA,NA,NA,NA
"{9A0577ED-A3D0-4E7E-9239-B9F49E0AFA45}",NA,1,0,0,1,0
"{61A5ACBA-4F8C-41BD-ADBA-E1DA7F2C01CD}",NA,1,0,0,1,0
"{36A30F52-B3E9-4F39-BB10-1409712EBECB}",NA,1,0,0,1,0
"{6EA22380-AF52-4847-AB61-EAC82FD0D952}",NA,0,0,0,1,0
"{056DB3FB-5B16-4008-9B64-50168245B636}",NA,NA,NA,NA,NA,NA
"{84089BA6-87E5-4460-A0CD-FBFCAA7DC0DA}",1,0,1,0,4,1
"{D574F657-ADBD-46D4-BE79-30F6C12D44D9}",NA,0,1,0,1,0
"{2D6003FA-6F25-4C9C-91B0-182A202F3D32}",NA,0,1,0,1,0
"{B6C3D5F1-A082-4224-A23E-15E801C528D9}",NA,0,0,0,1,0
"{F4064AF8-7021-4209-B1E7-FB288ECC4044}",NA,1,1,0,1,0
"{5F3FE3DD-F9EC-4D36-8904-F313E835C2B5}",NA,1,0,0,1,0
"{FAB2EA54-0230-44BC-AC55-7F06E459C78A}",NA,0,0,0,1,0
"{386A8471-AD2F-4AB6-A26A-D464991CD502}",NA,NA,NA,NA,NA,NA
"{63BBCA75-A430-4DCB-BBC6-4A9C88F74DD1}",NA,NA,NA,NA,NA,NA
"{B9850C22-5924-4B15-813D-E4D4FB61B765}",NA,0,0,0,1,0
"{7B5123B2-54AC-4C03-A4A9-35F4853BE76A}",NA,0,1,0,1,0
"{8D74E3A8-7DC9-48E2-B2AB-4485F9A986F7}",NA,0,0,1,1,0
"{E3E5DC7D-9CFC-4E08-A478-094F6BA30C66}",NA,NA,NA,NA,NA,NA
"{59B0D63D-5D00-48D8-8892-F62DEA34D488}",NA,0,0,0,1,0
"{FD66F5A3-9626-4834-84B7-7B0F398C125B}",NA,0,0,0,1,0
"{BCE84695-3BAD-4B9A-A6C3-7550267DFE26}",NA,NA,NA,NA,NA,NA
"{6A6725AD-DA85-4332-86AC-50B536915BD5}",1,0,0,0,7,0
"{993ADF7D-3D61-49E6-BABB-1A11C711679A}",NA,0,0,0,1,0
"{57B7DAF6-780F-4BF5-9DB4-285201787BAA}",NA,0,1,0,1,0
"{B2AEC6BD-F158-44E7-82DF-C36D4CB49514}",NA,1,0,0,1,0
"{E11282ED-486D-4C1B-8A3E-7418EEA3D268}",NA,1,0,1,1,0
"{F3A9109C-0512-49C5-9737-9EF0EF47D019}",NA,1,0,0,1,0
"{9554C936-3CE2-43CF-A642-4106CDA60BCC}",NA,1,0,0,1,0
"{79184FF0-E897-4243-B632-4AD5BF5D6CAC}",NA,0,1,0,1,0
"{8ADB0088-387D-4C5F-B09A-55D2F7E61ABD}",NA,0,0,0,1,0
"{C5729A9B-FFF9-4318-9F14-38E6EC381D9A}",NA,0,0,0,1,0
"{F58153A5-25B7-49C0-AA72-E9F35243C0DC}",NA,0,0,1,1,0
"{A0343566-E72C-4865-91F8-2CF21469BE72}",NA,1,0,1,1,0
"{C6383FD8-0D7B-43F5-AE0A-2C3391FC337A}",1,0,0,0,1,0
"{E3BBF1CC-9B56-49C2-8736-60A00A492C2E}",NA,1,0,0,1,0
"{714EB49B-D53E-4BF3-B758-24A34CD09A0E}",NA,1,0,0,1,0
"{6E1BCFAB-64CC-4126-AD20-27B6DB409DC6}",NA,0,0,0,1,0
"{41FC5AA8-5E59-4BBC-B1DA-EF43D42093B4}",NA,1,0,0,1,0
"{7CA4759A-B32D-4A38-A886-E699D62BBE0F}",NA,0,0,0,1,0
"{B48319EC-A108-41EC-8337-D17E1466D4B5}",NA,0,0,0,1,0
"{B38D89BA-E394-4E53-9DA1-BEF948302D41}",NA,0,0,0,1,0
"{A4C8DF03-08EA-45C4-97AB-2BC9AA3A2210}",1,NA,NA,NA,NA,NA
"{AF35F10C-E6AA-4B36-8E0A-9A1F4A80C37E}",NA,0,0,0,1,0
"{3A6B0124-E7D6-4030-A333-32CAFDA24280}",1,0,0,0,1,0
"{7ADEA622-01F1-4394-8DC6-46FBC869BE8C}",NA,0,1,0,2,1
"{D2D11D3E-4154-4C28-99AD-99E927212644}",NA,0,1,0,1,0
"{C00C248B-D0F7-4337-A08F-913E5C50F51C}",NA,0,0,0,1,0
"{7DC70FC9-D409-4C8B-8FA9-4E0F6C9E3C07}",NA,0,0,1,1,0
"{98ED2C66-A52A-4CAE-BAC9-954F75CD1A1D}",NA,NA,NA,NA,NA,NA
"{08ED0B66-212F-4A7C-95F9-FA34654A48C5}",NA,1,0,0,1,0
"{B8ECA18D-3736-434A-ACE4-E5BB4D21C34B}",NA,NA,NA,NA,NA,NA
"{90105D44-5B12-41F1-A98A-887D2F814E6E}",NA,0,1,1,7,0
"{4B03E179-D8C8-488E-BA4A-128DD0AC8102}",NA,1,0,0,1,0
"{7DF9F1D8-36BD-450C-86D5-3C6444574C29}",NA,0,0,0,1,0
"{35F9CF11-C090-45A9-B0AD-6839153E8708}",NA,0,1,0,1,0
"{7EB8A3D4-FF27-4915-A2EB-CF9C187FC86D}",NA,1,0,0,1,0
"{B6D294EC-B426-41B2-80E6-B582695CB92F}",NA,0,0,0,1,0
"{DCFCEE08-7F9A-41F3-BD43-A52BCE6DB3A0}",NA,NA,NA,NA,NA,NA
"{30BE112C-C3C4-482C-A534-4451934AF236}",NA,0,0,0,1,0
"{99AF146E-5FB1-44C8-AA19-F0BE3C206A87}",NA,1,0,0,1,0
"{0382BA45-3420-4A87-85EA-FFED8E513AE8}",NA,0,0,0,1,0
"{A5786A27-4736-436C-B153-E1D914EFD52B}",1,NA,NA,NA,NA,NA
"{CFE52699-079A-4D78-9055-84B1E3D165DC}",NA,1,0,0,1,0
"{7B989F37-5971-4A88-B4DF-DEB3D6569B19}",NA,1,0,0,1,0
"{5EE4229B-E25D-44EB-A454-4BCA4DE9CA0F}",NA,0,0,1,1,0
"{9FDA5F99-8742-4241-9F2E-4D0DD14A4FD8}",NA,0,0,0,1,0
"{0DC5BDA1-7D77-44DB-924F-B194BD10BFF4}",NA,0,0,0,1,0
"{E6FE1F65-B86F-4122-9D41-E2AAD289E2DE}",NA,1,0,1,1,0
"{E27E4C93-9EA7-44D9-894A-17734AAF0C47}",NA,0,0,0,1,0
"{2491AF72-A880-4776-B4F1-B13C8698361D}",NA,0,0,0,1,0
"{F5331FC8-3CA1-4579-BFD5-237C19196D94}",NA,0,0,0,1,0
"{756F00FC-FB27-4102-AD78-138471912B0E}",NA,NA,NA,NA,NA,NA
"{59E7A0B9-6D6A-4325-9F50-5CD9C4D77938}",NA,NA,NA,NA,NA,NA
"{10244D4A-080B-491E-B5D3-BD57CE67AA10}",NA,0,1,0,1,0
"{621D5071-732D-4190-A66E-BFC43CA22A12}",NA,NA,NA,NA,NA,NA
"{E36A4817-4DE2-4A2C-B788-A106AECBAAC3}",NA,0,0,0,1,0
"{7934A417-11C4-4581-9F22-939968F507CD}",NA,0,1,1,2,1
"{F6C4B01C-C708-4ECC-B5AC-B291BF796EE6}",NA,NA,NA,NA,NA,NA
"{0062355D-014B-4AD4-BFD3-555C7A87BB40}",NA,0,1,1,1,0
"{357D8A8A-4C1B-44A4-9FFB-70C7586D1A3A}",1,NA,NA,NA,NA,NA
"{2893E0AF-941B-46CA-A46F-55210EC7441A}",NA,NA,NA,NA,NA,NA
"{0E4DB99C-7D83-4135-A540-1267CBAFFF0C}",NA,NA,NA,NA,NA,NA
"{133EA644-D41E-48B6-8376-B9AE4956348B}",NA,NA,NA,NA,NA,NA
"{042FD52E-65BB-4B96-A971-CEA09BBA5D13}",NA,NA,NA,NA,NA,NA
"{84CE7172-E316-4249-A86F-7748DD81AA1E}",NA,NA,NA,NA,NA,NA
"{6BF8C092-3F56-4549-8B2B-922064463B48}",NA,NA,NA,NA,NA,NA
"{6ECFEC18-D968-45BD-B714-BB50200F5700}",1,NA,NA,NA,NA,NA
"{718AB6ED-27BD-475F-B780-3C1636BADBC4}",NA,0,1,0,1,0
"{6ED3E4AB-1EB6-4087-9403-780B75C6557B}",NA,NA,NA,NA,NA,NA
"{C953ADFD-54AF-42A5-84AA-087689AFEFA6}",NA,0,0,0,1,0
"{BB75E590-A9AA-4D6D-BA59-13FE07A9CA39}",NA,0,0,0,1,0
"{BA7A0FCA-9029-471F-87D0-1F5F8F186C50}",NA,0,0,0,1,0
"{DC708506-A9BB-412F-818E-43FA11947598}",NA,0,0,0,1,0
"{D930C80E-2886-40BF-885F-AB5E4CBDE1BD}",NA,NA,NA,NA,NA,NA
"{4B4EAF89-6A05-4030-A903-548FEA0627FC}",NA,NA,NA,NA,NA,NA
"{2A9238A9-F73D-4458-84E1-401B791DE27E}",1,NA,NA,NA,NA,NA
"{90267FA2-A3B2-4B24-AF03-C8D6116D6672}",NA,NA,NA,NA,NA,NA
"{5EA32D5D-F63D-4D6B-A7AE-F8B7DFEDE86A}",NA,1,0,0,1,0
"{78991700-7B0C-4996-85B4-3A445D9B2008}",NA,0,0,0,1,0
"{98D0FCC4-302C-4A17-9947-173986E7E5DE}",NA,0,1,0,1,0
"{EA5D6BE8-3DCC-4D19-A5F6-824C600F488F}",NA,0,0,0,1,0
"{F02DD52A-5A8D-438A-BD01-97A75304B8B6}",NA,0,0,0,1,0
"{ED1675FC-996F-4984-ABF4-DACD8D373D32}",NA,0,0,0,1,0
"{696B5B39-1A23-4C0E-ADCD-BC5B379D00F3}",NA,NA,NA,NA,NA,NA
"{0A025A8E-D8DC-4412-80D2-E51F7A423378}",NA,0,0,0,1,0
"{DA7551F0-2644-44D8-BD13-2852CE635046}",NA,0,0,0,1,0
"{56A7A3ED-D0DB-4048-9E75-FFF6917A9B26}",NA,0,0,0,1,0
"{C0AF9C73-B5BA-4E2D-BDBE-3DD4207FB194}",NA,0,0,0,1,0
"{7DCB1E8C-4DCA-4898-9247-1BC5A64A9FE8}",NA,NA,NA,NA,NA,NA
"{743FEAAE-1329-4DBC-8A4D-0AD00E2648CD}",NA,0,0,0,1,0
"{3529BEE2-94FE-4711-ABD2-F4D3D5298AB5}",1,NA,NA,NA,NA,NA
"{1FCA5533-DC63-4D71-8993-4E7F3BD948AC}",NA,0,0,1,7,0
"{0FCF20E2-8EFE-4849-B1EE-629DD9CAE634}",NA,0,0,0,1,0
"{8FDD6037-8B65-43CA-A186-285566D660AB}",NA,0,0,0,1,0
"{20AE5A31-C995-46F1-9270-508991980AC3}",1,0,1,0,1,0
"{FE068963-8948-4F7A-BEF1-B39D15D4D2AD}",NA,0,0,0,1,0
"{916C6245-0B87-472D-A406-5A6F21146844}",NA,0,0,0,1,0
"{3BB3E615-4BC6-436D-BAD5-BE05F70D7723}",NA,0,0,0,1,0
"{E327EF56-FFF6-4E2F-8FA9-EB8FD9153A15}",NA,0,0,0,1,0
"{94F8AF9A-7EA6-4E06-9799-A29C0464EAC9}",NA,NA,NA,NA,NA,NA
"{A5BA4423-77D6-427A-B87F-333B0D670D58}",NA,1,0,0,1,0
"{BD4839D0-54B8-49B3-9EAF-87C3DA9388ED}",NA,1,0,0,1,0
"{A27FCBFC-4A74-4A5A-88DF-C38F647208A7}",NA,0,0,0,7,0
"{EA36423D-349B-4357-AA42-A46A3F0C1799}",NA,0,0,0,1,0
"{6328E2C7-0B3E-4DED-AF39-BCF49D4C31D9}",NA,1,0,0,1,0
"{D6DC4EFD-2B61-40E7-9AF2-EB0126602D53}",1,0,0,0,1,0
"{AFC84AC5-78D1-47EF-8B9E-FBC23B739896}",NA,0,1,0,1,0
"{A7C5574C-9811-4764-AE9A-E8A25D5E1CB2}",NA,NA,NA,NA,NA,NA
"{36BDD1EB-A904-4D45-993E-8507E8436B0B}",NA,NA,NA,NA,NA,NA
"{5C9D8036-5484-40A6-8B06-C5BDBB01D9D7}",NA,1,0,1,1,0
"{633B5605-C242-4A76-861D-76419ED73868}",NA,0,0,0,1,0
"{37241A34-E543-4B86-8A9D-F4D1E7C54606}",2,1,0,0,1,0
"{D4FE19F1-E597-4BD7-AE9D-DB49E00969B5}",NA,NA,NA,NA,NA,NA
"{D42FFE75-EF39-40D2-9E33-812D5524B66A}",NA,NA,NA,NA,NA,NA
"{377DB1F4-19A0-4370-A9B7-B74E64025906}",NA,0,1,0,1,0
"{209C4A0A-7617-43F7-BAA6-418D7ED6745F}",NA,1,1,0,1,0
"{21069139-BEAA-41D0-98E2-94C370821DE6}",NA,0,0,0,1,0
"{B0BBFE2E-D75B-41BF-8896-2566A416FFEA}",NA,0,0,0,1,0
"{D7FA5F8B-8E23-472F-9767-BBF828453282}",NA,0,0,0,1,0
"{61F6024F-2051-4E16-9899-9C7ED26BD2BC}",NA,NA,NA,NA,NA,NA
"{81D37451-10A5-48D6-933B-12137516AD52}",1,0,0,0,1,0
"{036A6408-79F7-42BC-8A55-44AF10E408BB}",NA,0,0,0,1,0
"{6FAB2EAD-1332-4644-A096-442C113B9035}",NA,0,0,0,1,0
"{69F9052F-5744-436A-8C92-0DE2B1EDDA6D}",NA,NA,NA,NA,NA,NA
"{FA0E1B96-1E94-419D-9D09-93139B72C64A}",NA,0,0,0,1,0
"{B7CB2131-AB0E-497B-B5D0-E30D962682F8}",NA,0,1,0,1,0
"{3A8E666E-643D-4745-ACBC-192E69EE177F}",NA,NA,NA,NA,NA,NA
"{F71434E7-FDAE-4D1D-AA8F-FFEE64ECBEFC}",NA,1,0,1,1,0
"{EF35D933-B719-436B-A736-CFBFBCB740CE}",NA,0,0,0,1,0
"{44A04331-BCBC-429C-A8F3-D1003E0012A7}",NA,1,0,0,1,0
"{03970295-B92F-4BF7-911A-2AD4A161D72B}",NA,1,0,0,1,0
"{D9EA99E4-CCD9-406F-B60C-22D7B8F82E48}",NA,0,1,0,1,0
"{D2ABCFAB-E4DD-45D6-868E-687621201A0D}",NA,0,0,0,7,0
"{556AA8DE-4F94-4CBC-ACAD-9AF72F8123C9}",NA,NA,NA,NA,NA,NA
"{AF03F9A8-C5D6-4133-B7BC-EB91336D1F66}",2,1,0,1,7,0
"{EAB66130-1E68-4FB0-8199-951359F8762D}",NA,0,0,0,1,0
"{7818BB24-1F4C-432A-A3F7-6496DCC596AF}",NA,1,0,0,1,0
"{A59522E6-22A4-448E-9141-FC30360E983A}",NA,NA,0,NA,7,0
"{8BA5CDAA-2ED2-443F-8CDC-C5673935043A}",1,0,0,0,7,0
"{086B22AB-EBD0-4714-A9D4-C7D00D6093DC}",NA,0,0,0,1,0
"{8D33E05A-E68C-4B1F-8EA1-FA61BF9A43F3}",NA,0,0,0,1,0
"{939DD88F-2F33-46C7-8BD0-D671F4651556}",NA,0,0,0,1,0
"{4E080163-43E2-41FA-B5CC-E8FFDB187D15}",NA,NA,NA,NA,NA,NA
"{F4FE0FEA-0110-4E2E-87ED-4CA6E4014D14}",NA,NA,NA,NA,NA,NA
"{EEDAA7CD-158F-428B-816E-2746CD0583D4}",NA,0,0,0,1,0
"{6B1E84AB-2F3D-4A9E-9FFF-73AFDD10BF91}",NA,NA,NA,NA,NA,NA
"{8F4039E4-3F0A-4416-98F8-FCC208B3FDAF}",NA,0,0,0,1,0
"{95241BC6-276A-42EB-89DB-189ADA3E16FE}",NA,0,0,0,1,0
"{3CF75519-FDDE-4D06-9215-A9018B5153AD}",NA,NA,NA,NA,NA,NA
"{E1A46AD3-8138-4D0C-A94E-C58EC0D0BBE8}",NA,0,0,0,1,0
"{18CBE12D-4AC4-4313-B2CF-F3D95EE0BBEE}",NA,0,0,0,1,0
"{4A63DE73-EEC0-437B-B98D-6464862B970B}",NA,1,0,0,1,0
"{6D11F7F2-E94B-49C7-B92F-7DC834E70EC1}",NA,0,1,0,1,0
"{72E174FB-546E-43E9-873E-76C0664BD7AE}",NA,0,0,0,1,0
"{B202C27F-4F9C-475D-9FC9-7EA4BFD93816}",NA,0,0,0,1,0
"{8C4C018F-E429-4B3C-88AF-54594C6E1DB0}",NA,0,0,0,1,0
"{5DB1AD5C-FDD0-40A4-BA5C-CBDA6A36FF91}",NA,NA,NA,NA,NA,NA
"{61031DCC-AC15-42E3-8B33-C64216FF489A}",NA,0,0,0,1,0
"{1F6401B8-24CD-44C7-97B2-2F6F1A1F5E56}",NA,0,0,0,1,0
"{B15F8279-ABAB-429A-9BA2-BAD39CA0457F}",1,1,0,0,1,0
"{D5F2956B-F64D-4A1D-9ED2-AE2A3BC2B0C0}",NA,1,0,0,1,0
"{1A19A6A0-BB5E-4716-83BB-65D9450CF210}",NA,1,0,0,1,0
"{71123480-8246-4BC7-923D-1C0ADB60D865}",NA,0,0,0,1,0
"{AA48D02F-E210-4857-A8BD-3644C083471E}",NA,1,1,0,1,0
"{0BC13DBC-2179-4414-BD54-01FEE982DA19}",NA,0,0,0,1,0
"{E47D656F-02E3-4C30-9D0A-430F49E81D58}",NA,0,0,1,1,0
"{EA433DCA-1609-48E1-8EF7-258447E0AEEC}",NA,1,0,0,1,0
"{8F00ED12-2ABF-4FDC-82E2-D258B466BF20}",NA,0,0,0,1,0
"{FDE2186B-D8CF-4AC1-97BB-E190DCD0A6DE}",NA,0,1,0,1,0
"{EE47CAB4-3EC7-4FD9-9E3F-262D78EDB006}",NA,0,1,0,1,0
"{CC876E48-A661-46A2-8D48-296815A8D44B}",NA,0,0,0,1,0
"{48BC9025-422B-4204-9ACA-E2AFF6471369}",NA,1,0,0,1,0
"{A92E1E2F-E03D-440D-AFE7-CED266124C77}",NA,0,0,0,1,0
"{7135F810-1B7E-4F51-8F02-31D588A39E6B}",NA,0,0,0,1,0
"{58DA19DB-5CC2-4236-86CF-A79DE6A39BFC}",NA,NA,NA,NA,NA,NA
"{50B8E42A-63D3-4A71-94D7-1D3F8DB993EB}",NA,0,0,0,1,0
"{3D36E9C0-F4C9-4786-9472-B937096E691B}",NA,0,0,0,1,0
"{88114CDC-7E67-4C1B-A43F-6CEC5740623C}",NA,0,0,0,1,0
"{FCF20174-A06C-4A96-92CB-16073DED077C}",NA,0,1,0,1,0
"{3F02F2C0-378B-444B-9F3B-951837C18D5A}",NA,1,1,1,1,0
"{8E112C7B-09FC-4A20-B106-4034F5518A28}",NA,0,0,0,1,0
"{BFFC9D13-F8E5-4190-8985-1DE9F639DEF4}",NA,0,0,0,1,0
"{0B621505-4152-4060-B824-194D4869E5AD}",NA,0,0,0,1,0
"{B8A76DD4-C2BC-4E47-BF2B-1506A56E9494}",NA,0,1,0,1,0
"{600B433F-8D4D-4980-8C0C-DE9058FF44EE}",NA,0,0,0,1,0
"{D51575C7-2F36-4D7E-946C-B9799EEBFD8F}",NA,0,0,0,1,0
"{F9C4084E-A873-4918-ACA1-F622096FC864}",NA,1,0,0,1,0
"{E9FA6A1A-9348-4DFC-90CE-7304365ECFE6}",NA,0,0,0,1,0
"{C093F57A-4126-48B8-B70F-733D1E101028}",NA,1,0,0,1,0
"{BEBC2C8C-1420-476A-88CC-7028361ACAB8}",NA,1,0,0,1,0
"{BE78A29F-9A81-4902-999C-52A5AFADEFD6}",NA,1,0,0,1,0
"{6B8A9528-F5D4-4522-A951-A85BB4605FC3}",NA,0,0,0,2,1
"{E3FD9C66-F57B-4533-9C6E-EF20F1D35FCC}",1,NA,NA,NA,NA,NA
"{DE494268-F2B8-4E96-A320-FD9455C6B5DC}",NA,0,0,1,1,0
"{2D557F7F-5B53-4EA9-922C-935C5C8C46A2}",NA,1,0,0,1,0
"{7C1B016D-6B64-468C-9958-BA1478769E55}",1,1,0,0,1,0
"{1B8BF859-4786-4B3A-873F-1232029EA482}",NA,0,0,0,1,0
"{A033E6E3-72A0-43E0-BB9F-8C7BD76606CC}",NA,NA,NA,NA,NA,NA
"{9BBC0427-15E1-4AFB-A92E-993F6A47656F}",NA,1,0,0,1,0
"{0561CF91-1061-4DF0-9B2D-27AE2930D215}",NA,0,1,0,1,0
"{589DC773-E6A4-4D70-8F55-23A9B992B50A}",NA,0,0,0,1,0
"{4B22F9F6-AD22-4C6E-A985-F3036DF12741}",NA,0,0,0,1,0
"{829C1555-FB8E-4DD0-8F89-28E79BB57029}",NA,1,0,0,1,0
"{32E11DF7-9456-4EE5-B481-840661AA327C}",NA,NA,NA,NA,NA,NA
"{F23FC60B-BF7B-47DE-A5DF-D43D8F431E7B}",NA,0,0,0,1,0
"{2B5EE668-7231-4DCB-80B8-417412605B61}",NA,0,0,0,1,0
"{F980F066-76A3-4727-8C57-0853D2DBBC9A}",NA,0,0,0,1,0
"{C73D6455-0601-4814-B03A-FE35555D14E3}",NA,1,0,0,1,0
"{4AD89079-38C6-4321-970A-4EDD213695B1}",NA,1,0,0,1,0
"{AD5C25EC-E2B3-4BD2-A6AF-2953A44C8A3B}",NA,1,0,0,1,0
"{E47632AD-4E4F-4DFB-80CB-8669AB95234D}",NA,0,0,0,1,0
"{AFA25288-702F-4AC9-A729-78708F00791A}",1,0,1,0,1,0
"{A50A949C-141D-4772-9758-435C644E283A}",NA,0,0,0,1,0
"{476112E4-284A-4254-A281-D4AE9B5BF278}",NA,0,0,0,1,0
"{55A0EEDB-3D57-491B-9E12-85F377F6F11D}",1,0,0,0,1,0
"{8AFAA471-7368-4E87-8C27-F5DBD5D4019D}",NA,0,0,0,1,0
"{E83576DB-5B4E-43F0-A4C4-E93013368050}",NA,1,0,1,1,0
"{CE3C8C77-2012-4F37-88E4-7ED3FA138125}",NA,0,0,0,1,0
"{657A98D8-5604-4DA8-A654-CA1FEB085F43}",NA,0,0,0,1,0
"{358DFADE-8883-4BE9-9B83-0EA683EAF866}",NA,0,1,0,1,0
"{845D22B2-7AA3-4C3D-8A8A-1F7FF4BEAE8A}",NA,0,1,0,1,0
"{2E9BB078-D01F-47BC-BEE5-2FC40F1CED6B}",NA,NA,NA,NA,NA,NA
"{A77E2FA2-415A-45DD-8360-8E0C30DD52DD}",NA,0,0,0,1,0
"{AC061DA7-0F6D-48CF-993D-E9C4A54FE073}",1,1,0,0,1,0
"{2ED61F20-C450-48AC-BDC1-DAC6FAFA1347}",NA,0,0,0,1,0
"{ACA7AE5A-050E-4CA2-9188-754166249DB4}",NA,0,0,1,1,0
"{42531267-AE68-4212-8A7A-6677800CFC60}",NA,0,1,0,1,0
"{3BD8C5E5-F7B0-4D37-B849-474AA5D065A3}",NA,0,0,0,1,0
"{8345A754-79CC-42D9-869F-FC9BC23CF986}",NA,0,0,1,1,0
"{7A146405-0157-4415-85D8-FEA7F27F3167}",1,NA,NA,NA,NA,NA
"{917D8F89-EC18-416E-AFAD-C9151033EB1A}",NA,1,0,0,1,0
"{02B3B2B4-482C-4338-AC58-5525B99FDA4F}",NA,1,0,0,1,0
"{D7571683-C1C4-4638-A50B-AB8710142277}",NA,NA,NA,NA,NA,NA
"{6F1DD922-42E9-4FF8-853A-971FA10BC85D}",NA,1,0,1,1,0
"{EE545015-2822-4B98-900C-D0110F60A227}",NA,1,0,0,1,0
"{247B1BCB-EC84-4AA9-B3E9-AE0930600F44}",NA,0,0,0,1,0
"{72AD21EC-00DF-4364-8B80-CA9D651F2822}",NA,NA,0,NA,7,0
"{5238912E-C998-43F9-8EF0-4FD921822B7D}",NA,1,1,0,1,0
"{2B7270AB-E520-4F7D-8E89-FFDF71971DB9}",NA,0,0,0,1,0
"{836DC67A-E8F8-4B31-9563-B8640753DB7B}",NA,0,0,0,1,0
"{835F48A1-5BB8-4344-B2E0-3308C1E203AA}",NA,1,0,0,1,0
"{6AB0F780-967F-495A-AFFA-E577D189B756}",NA,1,0,0,1,0
"{15A4FB30-EC85-4661-9936-41E57816E490}",NA,0,1,0,1,0
"{39E23444-2D97-4A0B-AD31-A274E4A9EC8A}",NA,1,0,0,1,0
"{4A23360A-54EC-4D39-973D-E2D8D2216DDD}",NA,0,0,0,2,1
"{71E1441B-7AAD-4CA9-BE52-DC3ECC855679}",1,1,0,0,1,0
"{5B1BEAAD-2CA1-4E8C-88C0-69779780156A}",NA,0,0,0,1,0
"{D6AF526F-BF9D-4730-B9BC-603683744952}",NA,NA,NA,NA,NA,NA
"{95EC07CF-590D-4DCC-83B8-31D167B36C1D}",NA,0,1,0,1,0
"{A2422162-CB80-47F0-98F8-71C62C5730AA}",NA,0,0,0,1,0
"{35E8572F-0042-4145-9231-83803BBFCB2D}",NA,0,0,0,1,0
"{280B6DD7-05DD-431D-AB7C-0514E14F6E63}",NA,0,0,0,1,0
"{DF66B42B-D5B8-42B6-96C3-0F240EADEDCF}",NA,1,0,0,1,0
"{433BCB57-8747-4B09-8386-F32268224546}",NA,1,0,0,1,0
"{0AB533BF-C26F-4970-BCF3-ECBE85F161DC}",NA,0,1,0,1,0
"{436664A4-BE41-41BC-A395-A49763BA737F}",NA,0,0,0,1,0
"{4339987A-DC20-4E76-B345-1B68E6661A29}",NA,NA,NA,NA,NA,NA
"{8DF0D861-0519-4344-A049-A54A1CFA7782}",NA,0,0,0,1,0
"{444B6527-33CF-46AB-A25E-CD5324B956B0}",NA,0,0,0,1,0
"{E2798516-245F-4E19-AF88-22E7A5633742}",NA,1,0,0,1,0
"{C585455B-2031-4EEC-8A4D-638E117EF334}",NA,1,0,0,1,0
"{F6AA98F8-ADE2-42A1-B09E-110391D91F41}",NA,0,0,0,1,0
"{02C1DE31-9074-4612-9BED-B35EE9365468}",NA,0,1,0,1,0
"{A1601EFE-5C5E-4E60-931A-194D721C069E}",NA,1,1,0,1,0
"{2EC8DEF9-2EBD-4139-A020-75D08A0DA534}",NA,1,0,1,1,0
"{CE494960-240B-4427-A62B-6B03E8B497FA}",NA,0,0,1,1,0
"{03B68351-BD5C-4ABD-9540-94822BE396EC}",NA,1,0,1,1,0
"{09740121-E5DB-4524-936D-34EBE6EDD433}",NA,0,0,0,1,0
"{45DD6E7D-219A-4C85-8161-F876AF270911}",NA,0,0,0,2,1
"{91098DE8-2CB6-4E4F-B553-E1CA6F4FA7A6}",NA,1,0,0,1,0
"{C6DE337F-E89E-41F8-B24B-64AE1EB29977}",NA,1,0,0,7,0
"{A185A2EB-6079-4E40-9175-CC94CCC72C4C}",NA,0,0,0,1,0
"{200D89D6-868C-43B5-A98D-188A795CBF7B}",NA,1,0,0,1,0
"{3701C07C-BBA9-4293-AFEF-0D6808E5A1A1}",NA,1,1,0,1,0
"{69B7EE93-5195-4D71-B5F3-D854F0B1EAF3}",NA,0,0,0,1,0
"{ADD30026-A482-4C95-AD38-7E73ADCCA19C}",NA,0,0,0,1,0
"{0898745B-7B0E-43AE-ABFD-088D3AED5DD7}",NA,1,0,0,1,0
"{5C1DAB59-8527-404E-A0F9-66F7CBDF9A6D}",NA,0,0,0,1,0
"{57B62E9F-A991-4766-B187-FF04BDA150D1}",NA,NA,0,0,7,0
"{03DDD8C8-870A-461E-A158-F323D294F19A}",NA,NA,NA,NA,NA,NA
"{C21EE072-577E-474E-9B56-3019EE2AE026}",NA,0,0,0,1,0
"{A81A7AE8-5192-4ABC-AFDA-828BFF81D29F}",NA,NA,NA,NA,NA,NA
"{9F744DE8-F9EE-4BE3-BD07-9220503750A5}",NA,0,0,0,1,0
"{1F670B1B-EFF2-4768-868A-1B1043372039}",1,0,0,0,1,0
"{EB5340F4-1C0E-4F3D-8551-C6F068C906DE}",NA,0,1,0,1,0
"{8F2F37B0-D1EA-47D4-9424-AF18E2487B31}",NA,NA,NA,NA,7,0
"{3E784B75-279C-4B3E-B2F1-77E9624DA5D8}",NA,0,1,0,1,0
"{DAAD6A26-A2CD-434F-8CD0-44103336ABA0}",NA,0,1,0,1,0
"{D5A1B405-593F-4DF5-A55F-05E3F6366FFC}",1,0,1,0,1,0
"{F41B1385-362B-4075-895D-1CA409CD6406}",NA,0,0,0,1,0
"{0586705B-9F43-4810-A2BC-745027E8E7B5}",NA,NA,NA,NA,NA,NA
"{C9C0939F-0622-4F2F-A5D5-3EC2162087BA}",NA,0,0,0,2,1
"{CF487E5B-B86E-495C-A9DD-95C1C704F313}",NA,NA,NA,NA,NA,NA
"{A309BBD9-796C-47AB-90F5-FEF944B11DC3}",NA,1,0,0,1,0
"{DDC32647-92B6-4BDA-A532-DCD052C443C5}",NA,1,0,0,1,0
"{E3C60330-46E4-4A08-BE79-DF3523E761A5}",NA,0,0,0,1,0
"{C6E9C29F-FB22-47DB-ACEF-67BA3DC40A01}",NA,1,0,0,1,0
"{202B88A2-CAC9-4CEE-9E33-3D048B7BB773}",NA,1,0,1,1,0
"{B9DB9A85-5C6B-4275-B323-657020D772E4}",NA,0,0,1,1,0
"{654BB81B-9CB5-4417-8F79-0D16F562E15C}",NA,0,1,0,1,0
"{3AC0020A-EA63-43AA-9872-A7048B8E8850}",NA,1,0,0,1,0
"{8C92ED97-C0EE-4079-BCDA-6171010B067F}",NA,1,0,0,1,0
"{D16E784A-6792-40BB-B53A-3A866D95366B}",NA,NA,0,0,7,0
"{49083745-6FBB-47B5-A1F4-F4E6F1AB4E57}",NA,0,0,0,1,0
"{60720A10-F3A4-4203-9116-908FDD0B6548}",NA,NA,NA,NA,NA,NA
"{C309E6E7-262D-4799-8B54-7E8F8A39EA21}",NA,1,0,0,1,0
"{FCEBB0F9-2E6D-440B-9B31-C60197127548}",NA,0,0,1,1,0
"{8C1873AE-25E0-4323-ABAC-2D966D61429D}",NA,0,0,0,1,0
"{A1A44867-79DE-4AA1-9E15-9A9412EA38FC}",NA,0,0,0,1,0
"{F63425D8-ED2E-4532-9802-5FDC5A8E3F81}",NA,1,0,0,1,0
"{36D836F2-46CC-4CBB-898D-AEE8A9B4D6B1}",NA,0,0,0,2,1
"{284D65E0-F740-43E8-953B-AA20E7BC850C}",NA,0,0,0,1,0
"{95656C1F-5362-4095-908C-E87274A09BB4}",NA,0,1,0,1,0
"{C08D3F55-9D21-4142-AD04-1E9887F88AD3}",1,1,0,0,1,0
"{E57ADF7E-1AE0-4AB2-BB69-292A9A00CE3A}",1,0,0,0,4,1
"{684D6AA9-004E-46CC-92B6-BD2C913BBB47}",1,NA,NA,NA,NA,NA
"{795B1848-CB4A-4D0C-A872-C049B8B5E92F}",NA,1,0,0,1,0
"{645181C1-AC15-40B9-896C-6570D34951B1}",1,NA,0,0,1,0
"{AE2A25B4-B5EA-49B5-BEAA-410005D4BC63}",NA,1,0,0,1,0
"{930BE2D4-3B2B-4C3B-BDD4-456FE7AECA2C}",NA,1,0,0,1,0
"{F2140093-CB29-4C4C-9829-6F40C899A879}",NA,0,0,0,1,0
"{53675A30-8114-4460-AD33-E989277D2677}",NA,0,0,0,1,0
"{C1945A7C-0B63-477F-85F6-E41ECF3CE312}",1,1,0,0,1,0
"{7F938702-892D-4C87-9ABD-4583B08D2796}",NA,0,0,0,1,0
"{44B4B756-F165-491C-B874-8248CBD9DDBF}",NA,NA,0,NA,7,0
"{35D29360-4433-4C9E-BAA4-C5C453669D53}",NA,1,0,0,1,0
"{EBAF2E9F-2AA0-4E54-B727-7FC3558F0F1B}",NA,0,0,0,2,1
"{B0C70931-DD60-4275-89BE-31734152CE7B}",NA,1,0,0,1,0
"{A61A4378-1A6E-4875-A1D3-FABAD09121C3}",NA,0,0,0,1,0
"{342E63F2-2DDA-45E2-A3DE-2634C7DADE82}",NA,0,0,0,1,0
"{9A599792-9E44-4FF6-A855-4A5941FC52F4}",NA,0,0,0,1,0
"{FBA8D241-262A-433B-B22C-184684B037DF}",NA,0,0,0,1,0
"{1C9D1EA6-AD98-4B44-96FE-C5657EA6CF1B}",NA,0,1,0,1,0
"{94905729-E070-4821-8D02-655686167A37}",NA,0,0,0,1,0
"{7FF7968C-3556-4534-B70F-B4F3B7B4911C}",NA,NA,NA,NA,NA,NA
"{B4EBF5A7-E22D-4381-8C5A-1C26D4447000}",2,1,0,0,1,0
"{5ECA5543-6575-4485-BE84-AD73CC6C3DD1}",NA,1,0,0,1,0
"{1E179738-B41A-470A-B37C-1F53F79DB624}",NA,0,0,0,2,1
"{CD9D79A6-FEAE-4A6F-B7D0-3D0904F518B2}",NA,NA,NA,NA,7,0
"{3AF638E8-05B7-420E-AC1F-7A674F30BD1D}",NA,0,0,0,1,0
"{CCA08486-5B43-4B6B-A70A-EA0868A7156B}",NA,0,0,0,1,0
"{E4A8EDDA-78BE-4F49-9A98-B72DDBF2280A}",NA,0,0,0,1,0
"{25F6B683-E9E6-4C73-92F7-1D1518A799C4}",NA,0,0,0,1,0
"{34C3C7C0-AD37-4FAA-BF72-8664FF07D733}",NA,0,0,0,1,0
"{753E01C7-7FAA-44D8-A5E8-300D8E157427}",NA,1,1,0,1,0
"{DF1BE5BC-4668-460B-8F3B-61DBE8BC0C38}",NA,0,0,0,2,1
"{D1B23011-BEBF-46B3-9744-FC6D3911E1A3}",NA,0,0,0,1,0
"{827C5109-8270-440F-885A-03D0D31E4F08}",1,1,0,0,1,0
"{911AA5C9-EE47-44DA-901B-066E04711DC2}",NA,0,0,0,1,0
"{C84AD0A5-9DDD-4507-9423-AF988BFCD31D}",NA,0,0,0,1,0
"{521655FF-EBE5-4FF6-B520-0D9C699D94B5}",NA,0,0,0,1,0
"{467F73B3-5012-4E87-9DB9-B98820B3900D}",NA,1,0,0,1,0
"{217A9DED-4C41-46B9-9DA2-2C4DD0D53203}",NA,1,0,NA,7,0
"{E0E4C070-1C4C-4EC0-93BC-00E290E44CC1}",NA,0,0,0,1,0
"{537E0A82-057A-48DB-9559-E056911145F9}",NA,0,0,0,1,0
"{022FD758-34C4-4D37-B737-3963F2143779}",NA,0,0,0,1,0
"{236AF0C8-A252-4D8B-A651-5048BA3AE676}",NA,1,0,0,1,0
"{9B497778-E7D6-4DC9-9B98-6464D9AEF8A2}",NA,NA,NA,NA,NA,NA
"{B4771CAB-49C4-48D6-82C3-C05119F1FF28}",NA,NA,NA,NA,7,0
"{B4B74021-E080-45A3-8B36-66462D59ED05}",NA,1,0,0,1,0
"{C2B85AE4-84DE-4338-A020-717B34E07BC3}",NA,0,0,0,1,0
"{D1B6E6F1-2162-45EE-BB1E-457DF08C8808}",NA,1,0,0,1,0
"{F336F224-ABC4-4CE5-8969-CB0ED539475E}",NA,0,0,0,1,0
"{FE59B573-A97B-4541-B9DF-6A07184C3E2E}",1,1,0,1,1,0
"{AD7034FA-207E-4BE1-98E0-E33B80504FF3}",NA,0,0,0,1,0
"{EBD0E8C5-382A-46DC-9C95-4A32B3AB1A91}",NA,0,0,0,1,0
"{3403769D-F0CA-46FA-945C-95924FE36DEA}",NA,NA,NA,NA,NA,NA
"{C46D686B-E7FE-4C91-AD45-A82AB6B4FC02}",NA,0,0,0,1,0
"{93712D25-B3D8-4F35-99BB-9A33EAE1C713}",NA,0,0,0,1,0
"{4F908F2A-FC37-4B95-926F-C43887C474F5}",NA,1,0,0,1,0
"{0C551EAD-48D7-41BE-878E-4F5321411B09}",NA,0,0,0,1,0
"{9BAF42D7-96CC-4F8B-893D-2734C4A7F36D}",NA,1,0,0,1,0
"{2D6D8E1D-F734-45A1-BF2D-1C40964B7758}",NA,1,0,0,1,0
"{35AEDBD3-808D-42C5-8768-E380FF56AEE9}",1,0,0,0,3,1
"{F5433CE6-630D-437F-BE6D-F13629261362}",NA,NA,NA,NA,NA,NA
"{2BF6A4D3-D86B-4251-98D6-241ECD3AA1C5}",NA,NA,NA,NA,NA,NA
"{67594631-56E7-41C1-9CA0-FF6D9D31B35B}",NA,0,0,0,1,0
"{09DAA93B-0713-4D19-B122-2DE098A273AC}",NA,0,0,0,1,0
"{154358C3-E60F-41B4-87D8-3915F355E386}",NA,0,0,0,1,0
"{D3A84374-B49E-445F-B11B-26E476E96248}",NA,1,0,0,1,0
"{0A00D42E-08BF-4292-B959-D4D5440FE756}",NA,0,0,1,1,0
"{3A28F4AB-FC34-45C4-A762-84750EEF329C}",NA,0,1,0,1,0
"{8A27A814-BF6A-4C03-9567-2CE18AE36028}",NA,1,0,0,1,0
"{67DD169C-2AB9-4257-806B-3791CB0384E0}",NA,1,0,0,1,0
"{6872880F-495E-46C6-B51C-653E734F68D3}",NA,0,0,0,1,0
"{E2A91FE9-E504-40B9-B174-B51B88041383}",NA,0,0,0,1,0
"{735C3E53-C243-4A25-84DA-0F35BC843383}",NA,0,0,0,1,0
"{6453255E-742A-4786-89EF-6DC8038CD97F}",NA,0,1,0,1,0
"{ED038C4F-7838-42FD-858E-D6116CDFA103}",NA,0,0,0,1,0
"{7397AAD2-91C8-4417-8FA8-C913637B3CD0}",NA,0,0,0,1,0
"{97E45812-B9C7-4910-9694-D532D8A41AAC}",NA,0,0,0,1,0
"{DFE13BBF-7D4A-4A07-B8D7-E911A0C04C4D}",NA,0,1,0,1,0
"{485A4A6D-F5AF-4C37-81E4-A7684CA372E5}",1,0,0,1,1,0
"{F6F56774-CB97-4D9E-B4A6-DAF53C451032}",NA,1,0,0,1,0
"{BB5161AE-C3CC-4A86-B6EC-9D5AEE172D8E}",NA,0,0,0,2,1
"{6D10A30D-C279-451C-95A0-081D9C54C19E}",1,0,0,0,1,0
"{4926DD37-7DED-477A-8455-B3C7953DE52A}",NA,NA,NA,NA,NA,NA
"{65012673-FA63-4BD8-8D1E-D7458F037B2B}",NA,1,0,1,1,0
"{E06F48A5-9CBC-4276-A190-2FF641029BC8}",NA,NA,NA,NA,NA,NA
"{AD1A6A23-B61D-4896-8810-A2141D381531}",NA,0,0,0,1,0
"{545C708E-3660-4575-96DF-182E9B75F6CB}",NA,1,0,0,1,0
"{F2D8AE7E-AE79-4A41-879B-4A67ED7A82BB}",NA,1,0,0,1,0
"{CC71E15F-7C27-441F-B6EF-23DC8EC6BA1A}",NA,0,0,0,1,0
"{21CE9C59-34C0-4451-9498-5CCB0CF3CDA0}",NA,1,1,0,1,0
"{998A5867-6BB1-4574-BA86-291E50F0A666}",NA,NA,NA,NA,NA,NA
"{38012605-FE6D-4605-8EDA-07ABE836EF4A}",1,1,0,0,1,0
"{2D4EA311-A182-4886-B349-A856A56E1043}",NA,1,0,1,1,0
"{51F18843-C8D3-46B2-949E-E6EE90F1E2FD}",NA,0,0,0,1,0
"{308452DE-C87A-4964-BC2E-BA3B0E52E59E}",NA,0,0,0,1,0
"{81CF9032-CCF5-4C09-B9FC-1AA60E283245}",NA,0,0,0,1,0
"{2291C32D-B59E-4579-94B7-45A3146C7DC0}",NA,0,0,0,1,0
"{FBF9AEF0-53E7-419D-8D3D-65901064AEBA}",NA,1,1,0,1,0
"{EE572B29-1DFE-4988-8354-7F62632CE686}",NA,0,0,0,1,0
"{11944ED9-0061-4E07-8FCD-5D23ED7AF4B0}",NA,0,0,0,1,0
"{A35DA3A0-3474-44AC-B726-B83631824ACF}",2,0,0,0,1,0
"{985299B2-7413-4C21-B70C-F9188DE14412}",NA,NA,NA,NA,NA,NA
"{1D1DBA87-E86E-4243-B00B-517C00C97FCE}",NA,0,0,0,1,0
"{D3E4F43A-BC71-4D00-B574-21B084A3DEFA}",NA,0,0,0,1,0
"{E676E55E-75E4-4137-B660-7D2A12497F96}",NA,0,0,0,1,0
"{442510A9-61C0-46B0-AF89-676C6D39F2B5}",2,1,0,0,1,0
"{F099D604-776D-4987-B844-4FCF284E959A}",1,1,0,0,1,0
"{9AA839D6-8370-4CCD-ABE4-4FD1075DEF8E}",NA,0,0,0,1,0
"{54547039-2454-42E8-9C60-E81E7962C8B9}",NA,1,0,0,1,0
"{45E78BDC-B763-45B6-8065-0F8DE70A6028}",NA,0,0,0,1,0
"{B5D739F2-AAE5-4520-A0F1-C28D5D7BBACB}",NA,1,0,0,1,0
"{065210A3-E108-4A43-A4A9-AAF5393DAAD2}",NA,0,0,0,1,0
"{F0E0C729-7FDA-4B0F-B76B-AACC6F5028D5}",NA,0,0,0,1,0
"{0942C549-5E3D-461A-86C1-DD15292A22F6}",NA,0,0,0,1,0
"{9C3D0F80-110E-47B6-8FE3-DBD4A2C0BBA3}",NA,0,0,0,1,0
"{628E1390-2A46-4C55-AEC8-29521AC9F8A9}",NA,1,0,0,1,0
"{2017B366-DE92-4D6F-959E-D22DD66A06D4}",NA,1,0,1,1,0
"{1C5F5CD9-E59C-4D6B-A80D-E02613D20CAC}",1,0,0,0,1,0
"{50294FB2-182A-49AF-AAE5-2928230F973E}",NA,1,0,0,1,0
"{46E4337C-07CA-4CC9-8323-3B64B1C51987}",NA,0,0,0,1,0
"{37410564-84B0-48AF-8DB4-5A8E8F0F1577}",NA,0,0,0,1,0
"{1F549977-A15C-43A6-80B3-24A779FC1EB9}",NA,1,0,0,4,1
"{77FDFA82-C3D5-4507-AF62-267C48D5428D}",NA,0,0,0,1,0
"{0955583B-8F5D-4E3B-A76D-970CF04828EC}",NA,0,0,0,1,0
"{B568B095-98C8-441E-95AB-E79BC8B4EF15}",1,1,0,0,1,0
"{A62DFE4C-7E02-4B70-BEC4-40EFA61A6454}",NA,0,0,0,1,0
"{0DED0D32-5A1D-4AE6-AA59-F96839586B8E}",NA,1,0,0,1,0
"{C1113191-30E8-4932-9C85-DBC35DCC50EA}",NA,1,0,1,1,0
"{A0528CB9-EC0E-4C6D-A799-C9756664F013}",NA,NA,NA,NA,NA,NA
"{42B76F98-5C5B-4CF4-AAB2-85C3551D171F}",NA,0,1,0,1,0
"{CDB7A58B-60FF-4092-A530-B0AFCBA7557D}",1,0,0,0,1,0
"{5DA10AA3-3B92-4E05-A82D-8FC70043DD7C}",NA,0,0,0,1,0
"{99F54DA0-219F-4136-A9A3-D4442C194DF4}",NA,0,0,0,1,0
"{A1BBBD9F-1D60-4C6F-BB06-718BB4C6B691}",NA,0,0,0,1,0
"{9B3E7637-3974-4F80-BE50-2DE320C20401}",NA,0,0,0,1,0
"{F1B30D35-CEBA-481A-A413-835096E6E5AE}",1,0,1,0,1,0
"{3F4ABF60-F83E-4D3E-8C01-EB6BE8B705E5}",NA,0,0,0,1,0
"{8B3C9EFF-2492-4BE1-ABD0-694D52C8A5EE}",NA,0,0,0,1,0
"{AD660F63-4818-4CF4-8C50-19DBAAA27283}",NA,0,0,0,1,0
"{5F191143-2363-415E-8EE7-9C8CFDEE9C89}",NA,0,0,0,1,0
"{F426BE39-5041-4EC1-8C74-A805886446D0}",NA,0,0,0,1,0
"{59975D64-4715-4235-A106-403A249B222D}",NA,1,0,0,1,0
"{1F784006-6BEA-4298-AD61-657585E8A638}",NA,1,0,0,1,0
"{F79AEC65-1525-4A46-A2D9-FE2BA3A42E9F}",NA,0,1,0,1,0
"{9B0A27EA-8B20-4B14-9379-CFDF8AF30C21}",1,0,0,0,1,0
"{EFABF43A-E43B-4F1A-88B8-07FB79D65631}",NA,0,0,0,1,0
"{730D245B-0302-47AC-A1AC-F427E55AB4C3}",NA,0,0,0,1,0
"{04F26B07-1E7D-4706-926A-113E22A0BBBC}",NA,0,0,0,1,0
"{3DC6FD94-9CBC-4E7D-9625-97F595E27E5D}",NA,0,0,0,1,0
"{22EF6E14-C030-4951-8701-3D5867A0798A}",NA,0,0,0,1,0
"{ED771442-D709-4999-9EB9-FFF4C7901B29}",1,NA,NA,NA,NA,NA
"{AAAC5C0D-22EF-4CEC-9408-62E9C140E69C}",NA,0,0,0,1,0
"{94713322-D127-4FDF-BBA0-7A9CAC5C902D}",NA,0,0,0,1,0
"{C7CDD6CC-BF0D-4413-BF54-68EA503087B8}",NA,1,0,0,1,0
"{4BCA2DA4-3C36-4E2A-A683-8A1006283B44}",NA,0,0,0,1,0
"{EC8B2F88-236D-48B1-81F0-7948E8507FAC}",NA,0,0,0,1,0
"{227624F2-59E4-40B5-8959-5419A6EA3AD6}",NA,0,0,0,1,0
"{57560908-68BE-4EC6-B5A4-121163B94129}",NA,0,0,0,1,0
"{CC6CA3AD-80EB-445E-9C47-484AD574C894}",NA,1,0,0,1,0
"{1F4FFE00-FA42-4A3F-85A6-68E3CBE94DE3}",NA,1,0,1,1,0
"{3DA9630D-4EFC-4131-B4E5-9E3D16C1577F}",NA,1,0,0,1,0
"{8028DDE0-E052-49D4-94CB-340814DE82D0}",NA,1,0,0,1,0
"{C46E7937-A3B5-430B-9FB2-384938202E3B}",NA,1,0,0,1,0
"{8CCBEEAF-52C2-4975-9B95-25E835E5D1ED}",NA,1,0,0,1,0
"{CE2CCE90-5E30-4912-A402-B207AEC8F40C}",NA,0,0,1,1,0
"{280797CD-2B20-4E67-8689-B26AD164A610}",NA,0,0,0,1,0
"{CA2E2320-606F-467C-A9D6-FF02F9B00B84}",NA,0,0,0,1,0
"{49F1C747-4012-4085-8E1F-2BA1A67FFBF9}",NA,1,0,0,1,0
"{5E58A87E-6C63-40F8-BEEC-1DDD0DD80CAC}",2,NA,NA,NA,NA,NA
"{8DF02636-7511-4EAD-940B-839F5B2854F7}",NA,0,0,0,1,0
"{09338AFB-C270-460A-AB82-F7AD317E77B8}",NA,1,0,0,1,0
"{FC39F829-6614-4FD8-9D5F-589F339ECDF4}",NA,0,0,0,1,0
"{3CF76BEF-220E-4F73-98EE-9A9684FA127A}",NA,1,0,0,1,0
"{0EA1586D-6C3B-46FD-A94C-4F4B15059017}",NA,0,0,0,1,0
"{4B2CDC55-4781-49F4-A9DA-A8F803321792}",NA,0,1,0,1,0
"{2D43692E-8E84-4060-9683-32A340A75ACE}",NA,0,1,0,1,0
"{24F02546-9728-4C45-9A24-D6BED5FBE359}",NA,0,0,0,1,0
"{B9229266-BDCC-405E-B32F-418524849EE0}",NA,0,0,0,1,0
"{5A081AA6-9494-44E4-A0AE-7DB8EDF7DB51}",NA,0,1,0,1,0
"{6E940E57-7F5E-4556-B4B8-337EEA1812B3}",NA,0,0,0,1,0
"{AE9D02CF-33E9-4078-9367-216C4F488092}",NA,0,0,0,1,0
"{5F451015-1612-436C-8E1A-BC23DC5D90F4}",NA,NA,NA,NA,NA,NA
"{77F02E91-AC87-44B1-B4A7-E8605FBE8BDD}",NA,1,0,0,1,0
"{AAF61B47-B00A-4B3A-9F44-D58E8C47F2F5}",NA,0,0,0,1,0
"{754079A9-7A54-4530-9597-27F701860853}",NA,NA,NA,NA,NA,NA
"{ACAD411D-B132-47AC-9B55-D8B78C7BDAB9}",NA,1,0,1,1,0
"{78218B29-5C2B-4899-A82D-162ED6D7101A}",NA,0,0,0,1,0
"{73270399-A896-4AAD-964B-A02D5731E8C8}",NA,0,0,0,1,0
"{E7C6CC30-644F-4986-8B8F-A2CEC1761453}",NA,1,0,0,1,0
"{D6AA48EB-5834-4365-ACB4-446B8472C57F}",1,0,0,1,3,1
"{824F6DFA-0E10-450B-B37B-AE42F4EFAAC6}",NA,0,1,0,1,0
"{89B0F83A-6ECF-4F0B-AE05-E9E144BFB22C}",1,0,0,0,1,0
"{B4B8FB0A-8026-47CE-8665-C54CE186A356}",NA,NA,NA,NA,NA,NA
"{C348D4AE-FAB7-4032-A2FD-6E5330C3C2E9}",NA,0,0,0,1,0
"{7CC2B85E-D0C4-4719-8380-1D0AD4845B84}",NA,1,0,0,1,0
"{E2FF2EB9-1B17-479B-B512-1868EA17C976}",NA,0,0,0,1,0
"{204A3413-4EFE-4F54-BD7A-918FFE3B9804}",NA,0,0,0,1,0
"{18B52BB0-15E2-46CB-9184-F6C8FF25A14E}",NA,NA,NA,NA,NA,NA
"{AC10F6ED-933F-473C-BE56-153A0AA27416}",NA,NA,NA,NA,NA,NA
"{66217F66-624C-4C4C-B054-77AF07BC015E}",NA,NA,NA,NA,NA,NA
"{5D2F85B7-CF3F-4916-B360-81F7A80F034D}",NA,1,0,0,1,0
"{4DADEF6E-3CCD-468A-B3C3-ACC54C0433C8}",1,1,0,1,4,1
"{450F32E2-A42C-4F8F-BAB9-BAB9E5BE4831}",NA,0,0,1,2,1
"{3E226526-A775-4C9A-A8CB-E625FA297EA6}",NA,0,0,0,1,0
"{711EFD05-E825-450D-967B-CFB20740FE51}",NA,1,0,0,1,0
"{C59E3374-AAC6-4F92-A4BA-4C58539EDA46}",NA,0,0,0,1,0
"{9ED5C2A3-697D-43B9-BA9C-1544C7A9065A}",NA,0,0,0,1,0
"{69E651B5-A86E-489A-B9E4-DAB0275BF7AE}",NA,0,0,0,1,0
"{E3D145A6-A8AA-4973-AE5D-3CF64EB82029}",NA,0,1,0,1,0
"{1087DFF1-6451-4D71-AA30-ED6EB6AB0D7C}",NA,0,0,1,1,0
"{24A66818-A655-4B15-958B-D50D6DDA4057}",1,0,0,1,1,0
"{7D026751-61E6-4D19-8954-15EF1FE15342}",NA,0,1,0,1,0
"{EAFEA588-5AA5-4812-B271-8517B6DEA044}",NA,NA,NA,NA,NA,NA
"{D796B7CD-65EF-47C2-B727-BBB71604D5A0}",NA,NA,NA,NA,NA,NA
"{568A0D66-170E-45AA-998D-927C75EA31F9}",1,1,0,0,1,0
"{928EACC1-20AE-4B15-8C8D-5C31E86EC26D}",NA,0,0,0,1,0
"{0AA5BD73-5252-4995-A189-3AE92852A655}",NA,1,0,0,1,0
"{792582CA-D05C-4ADE-964F-44E5D082E884}",1,1,1,0,3,1
"{666D8CE0-BFCB-46C5-BB86-2E0B0A96CC9F}",NA,0,0,0,1,0
"{5EE21AA4-E495-4A53-89FE-B91AC089D73E}",NA,0,0,0,1,0
"{CBCDA48E-B45C-42FE-813A-6371BEE840BE}",NA,0,1,1,1,0
"{8CA6AD7F-27A9-46EF-A8F6-496551C6D5C4}",NA,1,0,0,1,0
"{D5046594-F657-4BE8-A171-49861C6905BA}",NA,NA,NA,NA,NA,NA
"{4B105DAE-09D9-4059-9A3F-6D3918D65F51}",NA,1,0,0,1,0
"{D8EB6719-21CD-4D97-A171-DB92B8D38D0F}",NA,NA,NA,NA,NA,NA
"{F65B3EBC-D290-4EAD-99CD-79D65A04A906}",NA,0,1,0,1,0
"{C1ADAA1A-99B3-47DD-93CF-B79EE7BDD078}",1,NA,NA,NA,NA,NA
"{79DD3AF0-C30C-479D-8C06-04C4C7D9FE4A}",NA,0,0,0,1,0
"{27149051-8221-46CB-8B39-2E542638380C}",NA,1,0,0,1,0
"{AFAB2FD0-7649-44BC-AAC2-FCD99955DFFA}",NA,NA,NA,NA,NA,NA
"{24614737-4AE7-4CF8-9C82-242214313146}",NA,0,0,0,1,0
"{D64D74DA-C3EA-4732-ABCD-7204E48E2259}",1,0,0,0,1,0
"{17DAFCA7-6710-4705-A2F8-A186DF064941}",NA,NA,NA,NA,NA,NA
"{DCBB8D5C-4936-4E71-90EB-8516BDE6EC7F}",NA,0,0,0,1,0
"{ACFA52DE-0264-449E-A304-B7A705F68E84}",NA,NA,0,NA,7,0
"{86CB6134-6C66-4D9C-B223-12638F49EA68}",NA,0,0,0,1,0
"{8D2B0FE8-84C9-45CB-8DBA-2C36D7F866DD}",NA,0,1,0,1,0
"{FE233F4E-BF47-42E0-A774-AB187C0F928A}",NA,0,0,0,1,0
"{398BA696-BA1F-4249-A224-9A4866AD9CFC}",NA,0,0,0,1,0
"{88192E6C-1810-4336-AE40-AEDE828005F8}",NA,NA,NA,NA,NA,NA
"{4723E422-F715-4440-936D-F532BE11B05F}",1,0,0,0,1,0
"{E9C30292-1EE0-478B-B0C2-DE50806FA5FC}",NA,1,0,0,1,0
"{D23D2205-3230-4B32-8B8C-E0CFF34EE339}",NA,1,0,0,1,0
"{F38D7F51-E4B0-4A9A-911F-57EFABCCCE2B}",NA,1,1,0,1,0
"{0B776FC6-9697-4A15-A220-F8D76A57277B}",NA,1,0,0,1,0
"{94964701-BADE-47BC-B6A3-94A087C66127}",1,0,0,0,3,1
"{E2AF4AD2-D981-46AE-BF6D-85B0F2B49BAC}",NA,0,0,0,1,0
"{5C0DD3D8-7478-4172-80F4-90E2938570CE}",1,0,0,0,1,0
"{C7537DEC-E1E8-4465-804A-4A9FD4BC8E27}",NA,0,1,0,1,0
"{C49B0EF9-7B11-4668-AF33-A53FC88E7490}",NA,1,0,0,1,0
"{CA34285C-594B-4424-AA32-B4EFB573EBC5}",NA,1,1,0,1,0
"{9A591721-27E3-494E-873C-07C4A1B443E7}",NA,0,1,0,1,0
"{79CCC45E-B2DE-448F-9CB1-4E1489B650A5}",NA,NA,0,0,7,0
"{8C112315-6066-442B-9AD4-F6631A3DA2F7}",NA,1,0,0,1,0
"{46631F52-91C6-4420-BC3F-B13805AC6A32}",NA,NA,NA,NA,NA,NA
"{26D98E40-2431-4782-863A-F44E47B11EA7}",1,0,0,1,1,0
"{F48F0707-DE36-48E0-B695-47B2074F7CD9}",NA,NA,NA,NA,NA,NA
"{4C9E93BD-2697-429C-B24E-D3164C742B9C}",NA,1,0,1,1,0
"{84B97CB6-CD2B-4B56-B6C2-B0829CCA7A89}",NA,1,0,1,1,0
"{A31E4DCD-7584-4A4E-8D79-B465CD599DE4}",NA,0,0,0,1,0
"{0A9A4EA8-2850-430E-967B-B87683EAD7E3}",NA,0,1,0,1,0
"{34EDB3D1-E8E0-46BC-A9C6-70778982EB78}",NA,0,0,0,1,0
"{688B120B-2544-4828-9001-428F2D3C187F}",NA,0,0,0,1,0
"{0B239985-7CC9-4E84-8414-D90142E8D378}",NA,0,0,0,1,0
"{88C82A7F-D5A6-4073-8F70-442FC14281E3}",1,1,0,1,1,0
"{151E730E-60D4-4EDB-A9E0-5F474B0D9E39}",NA,1,0,0,1,0
"{755860F1-D1CF-4279-851F-FECFA7871E21}",NA,0,0,0,1,0
"{90DB8C8F-70D4-4AD2-B626-A5AA000A37E0}",NA,NA,NA,NA,NA,NA
"{0629D4EF-8484-433C-99A1-7DD85B8F38F0}",NA,NA,0,0,7,0
"{ED664560-5E08-4859-86EA-1DFBF3D80474}",NA,0,0,0,1,0
"{2B56DFC4-26C2-4E6E-88EA-43656A566251}",NA,0,0,0,1,0
"{ED3FAF95-2F25-4B70-8447-09BBF9893046}",1,0,0,0,1,0
"{C6AA4D3E-9F85-4358-9989-C7B44B1E1C47}",NA,0,0,0,1,0
"{E1B02CD6-04A8-4EDA-BB75-D273E4CFB76A}",NA,0,0,0,1,0
"{7F575101-BB70-4CD7-8549-679C3B1BB14B}",NA,0,0,0,1,0
"{B11BED44-F923-4ADB-AA48-1719808C0B64}",NA,1,0,1,1,0
"{87CFB874-EFBD-48D0-8CC1-57FCC01C3653}",NA,NA,NA,NA,NA,NA
"{3F5AA69D-801E-4D9D-8B93-36A3BA28F30C}",NA,0,1,0,1,0
"{6ABC7AC6-A2EC-487B-8859-3E56C2D2CDFA}",NA,NA,NA,NA,NA,NA
"{5ABDC19E-B39F-4DEC-9651-F694E53EC2DD}",NA,1,0,0,1,0
"{0613B96A-F795-473E-A1E8-DFEA14FBA02C}",NA,1,1,0,1,0
"{1978455D-F761-4E03-9280-76A77A395157}",NA,0,0,0,1,0
"{1169942C-0B4E-4198-A662-19DA5488D96D}",NA,0,1,0,1,0
"{4876B804-8756-44FF-A366-2E29E257388B}",NA,0,0,0,1,0
"{747CC9ED-0EA2-4C25-A5D4-F0D653CBC956}",NA,NA,NA,NA,NA,NA
"{9999B3E4-6304-4810-9A12-8B49716F09FC}",NA,1,0,0,1,0
"{2CD33901-67DC-45F7-BDF9-EA05B8872600}",NA,0,0,0,1,0
"{CF135B62-B24F-4A93-B3DD-DB3045EB938D}",NA,1,0,0,1,0
"{BB3214E1-B8E2-4CF6-933E-B4BCDD61FA60}",NA,0,0,0,1,0
"{0AE1E8BD-5A12-49FD-BCFB-BF86F4B5C292}",NA,0,0,0,1,0
"{15107B3F-2FAD-4B3A-9113-D2051E1683DE}",NA,NA,0,NA,7,0
"{7AE084D4-707F-428B-A09E-A907B943FB21}",NA,1,0,0,1,0
"{EF86A4DD-9859-41C5-B412-9B330BD936FC}",NA,0,0,0,1,0
"{812D2941-3CC1-44AE-AB25-38AB16C0AC66}",NA,0,1,0,1,0
"{BA06A471-5339-4313-A325-4EC2D9B7DF9B}",NA,0,0,0,1,0
"{3897EDCA-7A9A-4DB2-B385-0C3E335C5558}",NA,NA,NA,NA,NA,NA
"{B9345DCF-1777-4948-8FF0-E4039AA73E1E}",NA,NA,NA,NA,NA,NA
"{62A11191-4EA6-412A-B8D5-35D2CEAAC31A}",NA,0,0,0,1,0
"{6DB333C1-E5F1-4349-A7FC-72989216B153}",NA,NA,NA,NA,NA,NA
"{07A554F2-91E7-4C59-AE80-4600A347C2F6}",NA,0,1,1,7,0
"{3DA20E6D-DCF7-43EC-9095-4D92DC76E500}",NA,0,0,0,1,0
"{B7092768-AD05-42A4-9C6D-8CC9D4CBDFDB}",NA,NA,NA,NA,NA,NA
"{7433BEC5-5AAA-4E60-B5C0-EAE7F1C13C34}",NA,0,0,0,1,0
"{D788E4D0-A263-47C9-8524-F362AFBCCE2B}",NA,1,0,0,1,0
"{720B280A-8129-42D7-B7E0-CE808877B0DC}",NA,0,0,0,1,0
"{238E4A45-4EB9-47A9-8D44-26D590205924}",NA,0,1,0,1,0
"{293E624B-96D1-4158-8E72-0E573D8F1328}",NA,1,0,0,1,0
"{031BE9B2-BBD5-40A9-B2B5-C9813E37A231}",NA,0,0,0,1,0
"{B6795135-11A3-4566-874D-A8F7D38B47BC}",NA,1,0,1,1,0
"{21B582B2-6966-442C-B053-A32BFBBF725F}",NA,1,1,1,1,0
"{3D657BE6-5B10-465C-BBC1-5FB9BD85FE39}",1,1,0,0,1,0
"{9A3682AA-A280-4CCA-A0E6-62FBCD287731}",NA,1,0,0,1,0
"{B7BCD783-7F49-4889-8A6E-286176B034D5}",NA,0,0,0,1,0
"{9681A5F7-1D04-44A7-B54E-79C459AA35D0}",NA,0,0,0,1,0
"{0AA20231-B1A9-406E-8AA9-C84AD3625FAD}",NA,0,0,0,1,0
"{CA24FFEF-8ACF-4409-B903-4E150D71A00C}",NA,1,0,0,1,0
"{C517DC38-66AB-4E94-BF45-C49E24692802}",NA,0,0,0,1,0
"{C1A1BA01-ED45-485E-8543-B422B0EEC229}",NA,1,0,0,4,1
"{62C119F4-4960-48CF-AE35-02C6817B8583}",NA,1,0,1,1,0
"{C64082A4-D88B-4BBC-A81A-C7623C919719}",1,0,0,1,1,0
"{EB528A2F-7CDB-4F4C-95A7-C5EB2741524A}",NA,0,0,1,1,0
"{25A45D2F-415A-4181-8AC9-3390B0F0A18D}",NA,0,0,1,1,0
"{183FF1EF-DFBB-48B2-9482-EB22B9A8E1E8}",1,1,0,0,1,0
"{05F9D3EC-0824-4A6B-B1A9-F422524837CE}",NA,1,0,0,1,0
"{94F7B4AA-0BDB-401F-8319-C353E666F4B2}",NA,0,0,0,1,0
"{92EFF23E-2514-427A-8F03-2D984AFD0767}",NA,1,0,0,1,0
"{BA1CAE4A-E63C-4E5F-BFF4-AABF01027838}",NA,0,0,0,1,0
"{83243D08-69D8-4B9B-A85E-F1A0EA8E4997}",NA,0,0,0,1,0
"{31CBE875-859E-4301-B0FF-464F8B8007E3}",NA,0,0,0,1,0
"{D3AED6D2-A672-4219-B11E-BA46A7EC0E9E}",NA,NA,NA,NA,NA,NA
"{ADE34969-4CD7-4A5B-9C5A-92CAF9539D95}",NA,0,0,0,1,0
"{FE7DB007-2D27-4097-A40B-B1A18821B4E4}",1,NA,0,0,7,0
"{954FE141-295F-4D59-9AB7-219F1E7033D3}",NA,0,0,0,1,0
"{3138CF92-2862-4195-B5FB-52B61177DF2C}",NA,1,1,0,1,0
"{50D9CB99-2384-4AAA-BBED-FE45650A0B13}",NA,0,0,0,1,0
"{2E28FC61-CB0E-4EFD-AD6E-31B37DD291A1}",NA,0,0,0,1,0
"{69ED9CC6-9164-45FF-BC63-095844C479CB}",NA,0,0,0,1,0
"{8FC0EEA7-9F4B-4FF9-B51A-1E62FE5564C9}",NA,1,0,0,1,0
"{A22C10D8-6020-49A8-9965-2B092168B18C}",NA,0,0,0,1,0
"{8E937752-FCC2-4E5F-9429-6A5417E87F52}",NA,0,0,1,1,0
"{01F0B794-0556-4A3D-8BAD-C6E48F34D5DA}",NA,0,0,0,1,0
"{B30B6C6C-EA65-4009-AC8F-68FE40F97CBC}",1,0,0,0,1,0
"{28E9BE46-13EA-474A-8DE8-3BC52557B29E}",NA,0,0,0,1,0
"{5E74FA16-B035-4725-A950-0C41F04BD1B6}",NA,NA,NA,NA,NA,NA
"{162FBE96-BB8E-49F1-A43D-916D1CE67AF7}",NA,0,1,0,1,0
"{69D254D7-E0E9-4ABF-9465-BB16CECAE2D7}",NA,0,0,0,1,0
"{568604DA-CC62-446F-9704-CF1928DF03F9}",NA,0,1,0,1,0
"{0B6A5DED-8D57-4492-B7BB-82E4C8E5B9A5}",NA,0,0,0,1,0
"{30C9CD94-8F71-4C62-AF4D-7D321F11DF51}",NA,0,0,0,1,0
"{796709A6-F745-49D5-B8A5-F0B3FD90FD06}",NA,0,0,0,1,0
"{0140D54E-6476-4897-8096-237287C0305E}",NA,1,0,0,1,0
"{8547D0E8-6B85-42EB-9FEB-D50FDB98D344}",NA,1,0,0,1,0
"{C7175916-2004-42D3-9CAB-839291E83E5E}",2,1,0,1,1,0
"{685AEBA9-F072-49F1-9A6B-03CBD1A0B2D9}",NA,0,0,0,1,0
"{C44C0D0E-9045-434D-ADAA-DF82ABAC8D9D}",NA,0,0,0,1,0
"{7E7EBDC5-A7CC-4E0F-A711-DAB0BCA64C74}",NA,1,0,0,1,0
"{17BB06ED-0048-4D46-A276-25229B16EDD4}",NA,1,1,1,1,0
"{B3E391A8-E43B-44C8-B201-0FD5EE558AF1}",NA,0,0,0,1,0
"{F2AFAC8E-9EA8-4EEC-AEA8-5B5602AC8888}",NA,0,0,0,1,0
"{60B1E45C-3AF7-48B0-8344-D7398EC315AC}",NA,1,0,0,1,0
"{48B93A1C-8ED1-41D4-B223-8C6C11F32493}",NA,0,0,0,1,0
"{3A84887D-4B47-4F2A-A914-868B9F8D87A2}",NA,0,0,0,2,1
"{2433E99C-42AA-4588-8236-EEC49B43925E}",NA,0,0,0,1,0
"{C027A708-1E70-4070-895B-5EB489D299C1}",NA,0,0,0,7,0
"{30FB304A-E500-4F2B-A9FD-F7FB4D624086}",NA,0,0,0,1,0
"{79612B4D-761F-4ABD-A3E1-EA0256B74E91}",NA,1,0,0,1,0
"{47B28BC9-2D76-43C3-BA6F-80F8B80437C7}",NA,NA,1,NA,7,0
"{A56CDC99-5B89-4BE8-A56B-6C579F553DBB}",NA,NA,NA,NA,NA,NA
"{4A59C9E4-7724-4A7A-A049-59686289929D}",NA,1,0,0,1,0
"{CA95F811-0EFA-409F-9FB4-101CDD6C45F8}",NA,0,0,0,1,0
"{BD9A5EBB-7593-456B-9404-B03B76452B33}",NA,1,0,0,1,0
"{3A8D3611-425D-4960-A2B4-5993D33F79E3}",NA,1,0,0,1,0
"{F8AADB58-4210-48B5-B96F-284B9B22920B}",NA,0,0,0,1,0
"{99955201-0CEC-49BF-911B-02F39D89F253}",2,0,0,0,1,0
"{C0DCE1A1-28C8-4132-9D15-C879CF3A30FE}",NA,NA,NA,NA,NA,NA
"{618E11DF-1AC9-4362-86DC-8DC7CD2E0D91}",NA,NA,NA,NA,NA,NA
"{0544A455-3954-4A21-9EF5-EBF4EE64FA1B}",1,NA,NA,NA,NA,NA
"{773A27D4-3805-4E20-9E43-E576BF08BAC8}",NA,0,0,0,2,1
"{A1798795-2A47-4952-8EE0-212750AB3729}",NA,0,0,1,2,1
"{FB1A84B6-2D69-428F-9904-A1AC52D8B003}",NA,0,0,0,1,0
"{AF954AF8-F28E-419E-86A4-F1B60C613378}",NA,0,0,0,1,0
"{F0059BB4-4819-4ADA-8877-4AAE6A77BE7D}",NA,0,0,0,1,0
"{48706CC4-DCE7-4A2F-87CF-C982D053CB65}",NA,0,1,0,1,0
"{F263215E-8C1D-4AA1-8C03-30E69B45C291}",NA,1,0,0,1,0
"{6A2780A8-0062-44FD-BF3F-E2B277F0B78B}",NA,0,0,1,1,0
"{F7002123-0BE7-422D-876B-9060386E972A}",NA,0,0,0,7,0
"{34AD9CD4-0644-4F00-BA7C-800B5E922CBB}",NA,1,0,0,1,0
"{6E71888A-F6D5-4961-A7B8-21061452EBF9}",NA,1,0,0,1,0
"{4181BE74-7894-4DD2-AC42-92B50577FC7D}",NA,0,0,0,1,0
"{83AFB36A-AE90-46E8-AD69-63B9636C1C65}",NA,1,0,0,1,0
"{5345C33C-CB97-4697-9650-E6BB85187600}",NA,1,0,0,1,0
"{205D07CE-DD50-4B0F-A4A8-3588962B8E4D}",NA,1,0,0,1,0
"{1AA162CC-C649-4670-B004-F585B130E547}",NA,0,NA,0,7,0
"{EF911D1B-B400-4C6C-A1A4-789D5706E594}",NA,0,0,0,1,0
"{1FB7F0CA-CA41-4B97-B1C8-C5D78DF10EC7}",NA,0,1,0,1,0
"{3A4FA0DA-5E36-4C88-BD52-9575C3C40BA9}",NA,0,0,0,1,0
"{519F78C4-D87E-41E5-AE00-1E51C2E9FDFE}",NA,1,0,0,1,0
"{FF198B7F-D651-45B9-8CF7-171BFAA0F93B}",NA,NA,NA,NA,NA,NA
"{393B80E8-1D73-4767-B99D-9F0AE4F3D1C1}",1,0,0,1,1,0
"{B1DBDAA1-04AF-42F4-B178-5920D2D7E61A}",NA,1,0,0,1,0
"{293AEA3B-19D6-415C-AD7A-BE7D02B464E1}",NA,1,0,0,1,0
"{E1E36E84-F543-4C21-8C55-57BE3077F7A3}",NA,0,0,0,1,0
"{0E25FDBB-3214-44B1-B499-07B9DBBB1811}",NA,0,0,0,1,0
"{C3D31C7A-30DE-40D1-92EB-4FB1B55EAA08}",NA,0,0,0,1,0
"{F3FD0D18-A915-4254-829F-1F1E1F45C092}",NA,0,1,0,1,0
"{40E22531-179F-48F0-80B3-ACDE456F3F9A}",NA,0,0,0,1,0
"{22BFB730-B1EE-4A35-9B46-030018B4C6A8}",NA,NA,NA,NA,NA,NA
"{ACA4D36F-420C-4E4E-A32E-FD020CECEAE2}",NA,0,0,0,1,0
"{B9E4D603-ECED-45C7-8EA1-9AE0407462EC}",NA,NA,NA,NA,NA,NA
"{F6D6383F-3ECF-4FC7-8BAF-4970C63DCDDA}",NA,0,0,0,1,0
"{E8E49072-871F-4AE5-88F4-0D70311930C5}",NA,0,0,0,1,0
"{D4D39C17-C1F0-4136-8EA5-CF5C39EE3F09}",NA,0,1,0,1,0
"{CCF61172-5D8E-47D4-BA4C-B236CAB42E9A}",NA,0,0,0,1,0
"{FFF259D3-1039-4CE7-B318-5A963DD34F27}",NA,0,1,0,1,0
"{8223CAEC-3C66-4929-9B54-DDE3AFEFC1A1}",NA,0,0,0,1,0
"{77556D12-DC51-4FB4-A5DD-0941BD96224A}",NA,0,0,0,1,0
"{3F0A9879-18E4-4CE2-93AD-4F3ABD28C08D}",NA,0,0,0,1,0
"{14E09D77-A9EC-45AA-9DAB-F5F2CB09C4F9}",2,0,0,0,1,0
"{79D3939C-626E-481A-B3C4-F5FBF445BBE4}",NA,1,1,0,1,0
"{10EFA4B3-CCB0-4D46-AC5D-4BE6EBBEC5C1}",NA,0,0,0,1,0
"{7343C541-DC7B-4827-BD9D-093D92CA58C3}",NA,0,0,0,1,0
"{0CBABD78-6E07-4ADD-96EF-C1066E677EAC}",1,0,0,0,3,1
"{ED9C9FF3-7A91-4758-87A0-321BD965E669}",NA,1,0,0,1,0
"{5AD9AC95-0BCC-4BD5-9BB5-B6719473D238}",1,NA,NA,NA,NA,NA
"{90EDA902-CDBD-4AF4-908B-7EA897ACF269}",NA,NA,NA,NA,NA,NA
"{39196A4B-1E4D-4852-BB04-88C6D595803F}",NA,0,0,0,1,0
"{689A4245-B852-4EBB-BD82-E3171267BA01}",NA,0,0,0,1,0
"{6CF704EC-DA76-4444-B020-ED97FEB20A09}",NA,NA,NA,NA,NA,NA
"{37362968-83CD-424E-AF7A-2DEA901E3EF6}",NA,0,1,0,1,0
"{E8D6BAC1-3D37-4744-8143-DDFA49DB5E8A}",NA,0,0,0,1,0
"{E24EEB19-4C80-446D-B964-A2CA8F7E787F}",NA,0,0,0,1,0
"{89A197CE-D56B-4F48-9826-2EC8B3EBDB2A}",NA,NA,NA,NA,NA,NA
"{AE5C8668-C89B-4D3D-9A4D-554D5F49B535}",NA,1,1,0,1,0
"{F4FC2EEE-FEAD-433A-B977-9952D2A4E40F}",NA,1,0,1,1,0
"{17A09C5A-95E5-4031-B6D8-564066338721}",1,1,0,0,1,0
"{20568765-2BB8-46CB-BFAB-562F8A3FC4CC}",1,1,NA,0,7,0
"{B76E3FA6-4BD5-42BC-A1AD-F5E627CE3CB3}",NA,0,0,0,1,0
"{50A4E52C-3FED-4B44-A06E-6B1A7BB14B8B}",NA,NA,NA,NA,NA,NA
"{4631A48B-04E7-4736-97EF-7F3FCDC3039F}",NA,1,0,0,1,0
"{8CAD0D21-BBCF-4249-BA86-384605B8586E}",NA,1,0,1,1,0
"{5372788A-AC7E-403B-A203-70F5D0F0126C}",NA,0,1,0,1,0
"{2E9A137C-3EF8-4FA2-B898-CAD947C74107}",NA,0,0,0,1,0
"{625BF477-06E5-4C3E-B1A4-5DC1DAD7DC06}",NA,NA,0,0,7,0
"{1CAA6AAE-F803-49AB-9CA3-316CD2D74245}",1,0,0,1,1,0
"{3B16ADE6-E515-4CF6-8789-66678C8AAAF3}",NA,1,0,0,1,0
"{2384A1CB-EEB1-4193-B081-5A918E45F150}",NA,0,0,0,1,0
"{3DA5BFD6-517A-4AC9-B7E2-DC9D75230D43}",NA,1,0,0,1,0
"{442EF012-895C-4118-B072-8AC482AF6909}",NA,1,0,1,1,0
"{005C50CD-98E8-4A4D-8345-F412F6BE3CDD}",NA,0,0,0,1,0
"{DAAAD892-E5C3-43C3-ABED-E554216C9EE7}",NA,1,0,1,1,0
"{DE4B62F9-19CA-46C4-8454-F2F636E87733}",NA,0,0,0,1,0
"{67E5340E-6014-498A-AA57-E7288D441D0E}",NA,0,0,0,1,0
"{9618C325-65C0-4EA6-B87A-B7263991A817}",NA,0,0,0,1,0
"{F15E40D1-8AA5-4532-B69B-B30F8DA675A6}",NA,0,0,0,1,0
"{9F0239DB-CD48-49CF-9E22-2D819F100831}",NA,1,0,0,1,0
"{735FC09E-83A8-4AC8-AC63-D7BEFB1EFAB1}",NA,1,1,0,1,0
"{21790471-86AD-4AC0-9356-26CF480ED071}",NA,1,0,0,1,0
"{D2E7123C-7EF1-48A3-8870-E22643879163}",NA,0,0,0,1,0
"{DD5FBF1D-339D-47EB-9236-5775E6C1D57B}",NA,1,0,0,1,0
"{9132148A-B19F-4AA6-9446-1E4DDEBED911}",NA,1,0,0,1,0
"{B310DA31-1DF3-4631-A17B-8675DE325FD4}",NA,0,1,0,1,0
"{CF8213EA-7275-4336-994D-2890C3CA2263}",NA,0,0,0,1,0
"{8CFD3611-3D46-4908-8D29-2F3C9436D032}",NA,1,0,0,1,0
"{96F683C4-78CD-4141-9A5C-2F2D331F1E9E}",NA,1,0,0,1,0
"{084D7F61-ED87-4E6D-9FF2-181446F028DA}",NA,0,1,0,1,0
"{6D839D00-B322-4DD1-98CE-5B4DDA39E23A}",NA,NA,NA,NA,NA,NA
"{948A0D44-59F7-4A41-B105-C3D60DD569EF}",NA,1,0,0,7,0
"{D5713E0D-5BA0-49DC-A972-426A262A91DF}",NA,1,0,0,1,0
"{A6FF8F50-633F-4BB9-B46D-951B10C0426A}",NA,0,0,0,1,0
"{DCCBE61A-4C30-4E6A-ADAC-549BEE9DA870}",NA,0,0,0,1,0
"{6C28E79E-0B4B-450C-8CD1-B7127B2626B4}",NA,0,0,0,1,0
"{D7612D68-E63F-4708-887B-452F6195690B}",NA,0,0,0,1,0
"{CC5F0201-CC9B-46F8-9BBC-5079790A7060}",NA,1,1,0,1,0
"{7937D48E-5F8A-4A7C-A49E-ABE61DAC2025}",NA,0,0,0,1,0
"{77A5C14D-EBC8-4BDE-86DC-0AD0EED1213E}",NA,0,0,0,1,0
"{9A4405E5-B18B-4E1E-A937-B511986DEBAF}",NA,NA,NA,NA,NA,NA
"{85A7FFD4-9175-4C54-9A9D-CDCFBC3FF8DD}",NA,NA,NA,NA,NA,NA
"{BAA4B5D2-F591-4360-9FBF-8463DA985048}",NA,0,0,0,1,0
"{889CE982-A903-4858-867D-CDAB100BDB99}",NA,0,0,0,1,0
"{6AC037CF-02E9-4550-91F6-A89DAD1DDDA9}",NA,1,0,0,1,0
"{991C8AC6-3177-4D27-8FEE-8582C71A0791}",NA,1,0,0,1,0
"{8D7D4B57-0BB9-4D15-B3B3-88B2C3CD375B}",NA,0,0,0,1,0
"{392E096C-641A-4C34-BEA3-58C93FB298E2}",NA,NA,NA,NA,NA,NA
"{2A085444-19F0-495B-ABFD-EDBA664855CB}",1,0,0,0,1,0
"{EAB4AF15-28AF-48F0-AEE5-C397EBB16AEB}",1,0,0,0,1,0
"{AB18D181-807F-48C1-99B3-B1AF6B8368A7}",NA,0,0,0,1,0
"{09CB1BDD-7114-4677-A019-598E0AB52507}",NA,0,0,0,1,0
"{EBF671CB-ADCF-447E-8153-FAD893FC007A}",NA,0,0,0,1,0
"{A231B732-A2F1-4CF6-BEDC-2753FC501B0D}",NA,0,0,0,1,0
"{09151B31-CCF4-42CD-9C48-9D924CB69E91}",NA,NA,NA,NA,NA,NA
"{ECCA4168-19DB-4AA4-8940-7451097154C5}",NA,NA,NA,NA,NA,NA
"{34AFD50D-1F5B-4A2C-8B8D-19C1A6977101}",NA,1,0,0,1,0
"{70368079-3552-415E-9FBB-399358ACCDC8}",NA,0,0,0,7,0
"{6FCA8749-83E8-4E58-9415-6E3BCEC68F51}",NA,1,0,0,1,0
"{4C715CAB-BAF2-41E0-B62E-2441F6D50AD1}",NA,1,0,0,1,0
"{981971C3-5D61-4D29-8F31-C7C02F6FD2CB}",NA,0,0,0,1,0
"{F2C222DD-ED4B-43C0-AE74-13B73F55DBF7}",NA,NA,0,NA,7,0
"{5781338A-6419-4B11-A4BD-D4843F735EED}",NA,0,0,0,1,0
"{156C76FC-3239-4BD9-80CE-7018F4B73443}",NA,NA,NA,NA,7,0
"{C1C4964C-5C3E-4919-95A6-B708F799ADD7}",NA,1,0,0,1,0
"{0950F027-7D52-439F-A45A-E4C80F563307}",NA,1,1,0,1,0
"{CD9A89AE-0D7E-466C-8841-807F500D6210}",NA,1,0,0,1,0
"{C9382EA9-995E-4D0B-A418-8D18B14D605A}",NA,0,0,0,1,0
"{A9CC89FF-0269-4A92-8C7E-C3053BFDEAE3}",NA,NA,NA,NA,NA,NA
"{286B90CA-A3AA-4B1F-A382-E03CA2926E9A}",NA,0,0,0,1,0
"{90FE9A40-5966-4038-85F0-60FA7715DEB0}",NA,NA,NA,NA,NA,NA
"{7B1D11BC-5883-42EC-AB9F-F40B9A4D9954}",NA,0,0,0,1,0
"{7115DCFC-4AA3-4DBC-89B1-068133A43D9E}",NA,0,0,0,1,0
"{17AA78D7-1A65-4AA6-95AE-93DC37206128}",1,0,0,0,1,0
"{6E9FC879-02F2-47BF-83F8-379CA241FD6C}",NA,NA,NA,NA,NA,NA
"{02CFB11B-BD2A-46E8-B8A3-D11ADEC6A861}",NA,NA,NA,NA,NA,NA
"{8D0B8B26-108C-43B4-99F4-C10C8C38525D}",NA,NA,NA,NA,NA,NA
"{22979D73-4F0C-4060-9CFD-C2C896FD8BE1}",NA,1,0,0,1,0
"{5E33FC30-C997-4164-9D93-809F2096C6C0}",NA,0,0,0,1,0
"{253264AF-C886-4882-8305-B6DF88000D28}",NA,1,0,0,1,0
"{BE84B59D-D845-4E7B-8BC4-E0928C5F1496}",NA,0,0,0,1,0
"{AC5F2854-31E3-40DE-9E5E-A5C4381681DF}",NA,0,0,0,1,0
"{A92AD5CF-6457-49CD-91DE-A272F5788CBF}",NA,0,1,1,1,0
"{0CE76EC0-0132-49B5-9539-BEC4D5345C46}",NA,0,0,0,1,0
"{3592C462-330F-4C0D-B4B2-CFD385D1E098}",NA,1,0,0,1,0
"{E142026F-07E4-41B5-AB9C-404F048AD2E6}",NA,0,0,0,1,0
"{927AD0AD-2477-4CE7-B484-729B6B025491}",NA,NA,NA,NA,NA,NA
"{A3391445-4DF5-4FBD-BB15-6F3BDB35ED6B}",NA,1,1,0,1,0
"{05A6A904-AA4E-41BB-AC66-DDD9E8B35A2F}",NA,0,0,0,1,0
"{9867C0B0-A08F-4F0E-83DD-4769CE83B5A2}",NA,1,0,0,1,0
"{AFC97AD6-05F5-4FD0-9D64-6C095520111B}",NA,NA,NA,NA,NA,NA
"{7D44B99E-B979-41E1-8928-4C831982E44A}",NA,0,0,0,2,1
"{5A55B9E2-2592-473F-A37D-33B94C20189E}",1,NA,NA,NA,NA,NA
"{EABFA90A-2433-4C4F-857C-F570F5A702A9}",NA,NA,NA,NA,NA,NA
"{EDF37DFB-C131-49CA-99F2-1B2964CC746A}",NA,0,1,0,1,0
"{17EA26BF-6A90-4B48-BFCF-EBBC20B19EBE}",NA,1,0,0,1,0
"{C6AA3837-C477-4662-8C24-6B16F15BD57E}",NA,0,0,0,1,0
"{96761DA6-5502-4C1F-81BF-16BB491FC9AE}",NA,1,0,0,1,0
"{47BF70B4-0703-40EF-9BF1-D61F0CB59CD2}",1,0,0,0,1,0
"{0ADF608B-FDCF-4ABF-97DD-20B0BAE8D57F}",NA,NA,NA,NA,NA,NA
"{6199B80D-91D2-427F-AE65-E70729E34CA6}",NA,0,1,0,1,0
"{250399E5-006D-4589-A99E-EB7EC1DBBAA5}",NA,NA,NA,NA,NA,NA
"{CC975035-5170-4E1F-8DBA-5C7DE14BC204}",NA,1,0,0,1,0
"{6044CD39-806B-42B2-8789-3D3B49B24F12}",NA,0,0,0,1,0
"{65207EE7-0BFF-4DBC-B558-CFFFC6CB2489}",NA,0,0,0,1,0
"{442ADA01-6178-4A36-A9F1-13B4A6E45AF4}",NA,NA,NA,NA,NA,NA
"{0CC4E299-5E15-4ED1-9C64-9F45FA8EAFC2}",NA,NA,NA,NA,NA,NA
"{20389BA7-3F02-44DA-919C-5C30C82FFD6A}",NA,0,0,0,1,0
"{11889702-45F2-4361-9D79-3AB4FA91151C}",NA,NA,NA,NA,NA,NA
"{5EF25F34-98CD-4188-883D-82E1B2E190BD}",NA,1,0,0,1,0
"{D014C3BA-986B-430E-9300-B717FC5A259C}",NA,NA,NA,NA,NA,NA
"{27C6F615-EC09-4933-89E8-93D92A2D33D5}",NA,0,1,0,1,0
"{AA34DEFA-14A9-45AF-920E-ABE92CD6B8D4}",NA,NA,NA,NA,NA,NA
"{C14CDDB8-301E-4312-A8D1-12050D55BF77}",NA,1,0,0,1,0
"{F860EF98-958E-46B5-862A-BB7A4381757F}",NA,NA,NA,NA,NA,NA
"{5AF2678B-4DDD-4C99-9832-D8B024FDBBFB}",NA,0,0,1,1,0
"{F7EE3EA4-6D5B-42C0-8E47-2B5F45AA99BC}",NA,0,0,0,1,0
"{AA626399-45EC-4B4D-A21C-C32C7B6165EF}",NA,0,0,0,1,0
"{98A4D83E-37FD-4BBD-AEFA-2A153C044970}",NA,0,0,0,1,0
"{27AAEBD0-0504-42E1-A11D-173577432B5F}",1,0,0,1,1,0
"{41B48440-61E2-409D-812D-296345DE23B5}",NA,0,0,1,1,0
"{E115D346-DACD-478E-9A56-FCCC1ED60A9B}",NA,0,0,0,1,0
"{34B8764E-B1E5-4983-B645-AFDE367BD0D4}",NA,0,0,0,1,0
"{CB98B610-024C-4668-947B-E36B18DE6E75}",1,NA,0,NA,7,0
"{2986BF8D-D34B-48BF-AEDF-1CE716EEA0C7}",NA,NA,NA,NA,NA,NA
"{21544F51-7CE0-407C-A51F-3E3414B6F3FE}",1,0,0,0,1,0
"{9C89CCDF-DE91-4E24-A766-0EC66943155C}",NA,NA,NA,NA,NA,NA
"{7DFF75CD-7E40-443A-A711-8A281FD79739}",NA,0,0,0,1,0
"{722974C0-628D-458B-826B-8E8807187ACB}",NA,NA,NA,NA,NA,NA
"{B36AA017-5F8E-4069-AF64-ECB5D57423A4}",NA,NA,NA,NA,NA,NA
"{BAB9DC2D-BF4A-4DE1-9DB9-04EF61FD062F}",NA,0,0,0,1,0
"{8768684C-029C-4618-8194-8D4239041699}",NA,0,0,1,1,0
"{99FBD735-BE41-422C-894C-B12181E2B95A}",NA,0,0,0,1,0
"{2BEE9610-23F5-4EAB-A19E-7C8F9B9DC18C}",NA,1,0,0,1,0
"{E515A2D9-8617-47F5-A76F-7901040D16B2}",NA,0,0,0,4,1
"{E0CB5780-5265-4E57-A0FF-1E8159D2DF3D}",NA,0,1,0,1,0
"{47A7F140-15C4-434F-B53F-A368E1CA986F}",NA,0,0,0,1,0
"{B23E72E9-3FF8-4933-B703-0068F8C8DB0F}",NA,NA,NA,NA,NA,NA
"{FFCCED07-249B-4481-AF24-DE07833249D9}",NA,NA,NA,NA,NA,NA
"{CBE023A3-EF5E-4248-A1FE-DCA6F3B3360F}",NA,0,0,1,2,1
"{0D78E12F-4F1F-45F0-A680-CE51ABABF494}",1,1,1,0,3,1
"{C14B6B83-DA31-4AE2-81A6-3305BDAFD3EE}",NA,NA,NA,NA,NA,NA
"{EFACA7C6-6666-4F34-A4A9-881EF7ED4A87}",NA,0,0,0,4,1
"{2FEACAB2-AE7C-4282-8F4F-123BD78D75D7}",NA,NA,NA,NA,NA,NA
"{D2E8AE82-4578-47ED-A217-D200CC9A4C18}",NA,0,0,0,1,0
"{59990728-D1FB-4132-8A55-1FEA1B88D382}",NA,0,0,0,1,0
"{1C2E655C-E0C2-4AA5-A21A-5928FE039ED6}",NA,NA,NA,NA,NA,NA
"{A4E2CD40-B818-48BB-B5F2-1F58B21243D2}",NA,NA,NA,NA,NA,NA
"{4DF1E640-4F0E-4064-87B7-391A9F15B570}",NA,0,0,0,1,0
"{4B93183E-6163-472F-9199-37A39E2B8642}",NA,0,0,1,1,0
"{8E00D4C6-7AE0-4EFD-A6C5-F91D7C93A586}",NA,0,0,0,1,0
"{4465DEB3-B14C-49DB-A48D-D60262E28E4B}",NA,0,0,0,2,1
"{1015B4D6-EA62-4D61-AA2E-D69716D460DD}",NA,1,0,0,1,0
"{E1B0AF34-9F04-4B25-AEAE-EDC39A1EE8D5}",NA,0,0,0,1,0
"{90898609-BBB6-4CB5-9B63-1472BE865C83}",NA,0,0,0,1,0
"{BECF185E-A997-4FD9-B402-7360F34FAEFE}",NA,NA,NA,NA,NA,NA
"{B2EDDC5B-723F-49E4-B348-E8681DE7A96F}",NA,1,1,0,1,0
"{305CD2B7-DD2F-4E3B-AC4E-96303C877ECA}",NA,1,0,0,1,0
"{D8650E86-B577-4FEA-BE41-9AB53C04F90B}",NA,0,1,0,1,0
"{9B2D8327-FC01-4A24-AAD2-5A932B83AFE5}",NA,NA,NA,NA,7,0
"{42887BC5-4CC3-41AC-92EC-290CDA52BCCD}",NA,1,0,0,1,0
"{C5D3B6F3-DB58-4A37-96CA-CAEF4F585C76}",NA,1,0,0,1,0
"{FF4F0279-F12C-426F-A7AA-15F58822307B}",NA,NA,NA,NA,NA,NA
"{F06EBEA2-C2E4-4EE7-BEFC-46D5C7174D17}",NA,0,1,0,1,0
"{A460DF83-99A7-46EF-BB8C-035380ACF270}",NA,NA,NA,NA,NA,NA
"{F04110AB-A374-4696-8C33-974A2504E372}",NA,1,0,0,1,0
"{511B4844-8CFE-4C92-AEDD-A80022973304}",NA,0,1,0,1,0
"{AC499ED0-3211-48DA-81AB-FCDA59382AEA}",NA,1,0,0,1,0
"{8EA90619-7E50-4467-89DC-CA0DBAE534C8}",1,0,0,0,1,0
"{8A9CB937-2270-41CB-A0CA-E96E69926BD2}",NA,1,0,0,1,0
"{4E1D0BE5-0D79-4796-90DD-BEBBF452CDFD}",NA,1,0,0,1,0
"{7300636F-91EA-4912-869F-DC22DD5604DD}",NA,1,1,1,1,0
"{97D64F09-5E81-4DB9-A541-9E49915FAE21}",NA,1,0,0,1,0
"{EC9866C0-F1F0-4FC1-8C84-0A84F53E34E0}",NA,1,0,1,1,0
"{39449896-C07D-4440-9B59-2F10AFF8D358}",NA,NA,NA,NA,NA,NA
"{11BDC23F-760A-4C61-9B8B-436B0B0DFA29}",NA,0,0,0,1,0
"{90196811-3C69-48DA-91C5-24455CB3AECB}",NA,1,0,0,1,0
"{04570E1D-774C-4758-B86D-93EC95A20000}",NA,0,0,1,1,0
"{49078BCB-159C-45A7-AA14-D0831A416BFD}",1,1,0,0,3,1
"{F7F39151-3D1E-438F-B6BF-9821F47B15C0}",NA,0,0,0,1,0
"{3CBEFAC0-8C40-449E-9E70-01E62DC40C10}",NA,0,1,0,1,0
"{C9BBC33A-C17D-4E2A-823E-50E1D67457EA}",NA,0,0,0,2,1
"{DC64A362-1206-4C10-950A-5BE6E18EEDF9}",NA,NA,NA,NA,NA,NA
"{408CF424-85A3-4371-837B-C890B7111D6B}",NA,1,0,0,1,0
"{923DEEAD-E4B1-4443-B2C5-6C438B109459}",NA,1,0,0,1,0
"{F71D4AD1-F041-4BFF-909B-689069F6E90A}",NA,NA,NA,NA,NA,NA
"{0F2EDE3F-6046-4C68-B2E7-4FFF10C5BEE2}",1,1,0,0,1,0
"{FF4DD49F-D582-46ED-BAAF-9C7BECAF07A1}",NA,0,0,0,2,1
"{AD42D2DC-5DFC-4C83-B4D2-06D0F5640357}",NA,NA,NA,NA,NA,NA
"{1FFCE2BD-A31C-41F7-BB4A-9A453D2CCDC1}",NA,0,0,0,1,0
"{2664DB63-168B-479F-A02C-3A482AF4FE5F}",NA,0,0,0,1,0
"{DEA33557-A5F3-4024-905A-7F7DDC3D6848}",NA,NA,NA,NA,NA,NA
"{2A39A78F-B225-47EE-8156-7F65C30CBC20}",1,NA,NA,NA,NA,NA
"{E0A8E201-4A6F-4ADB-B484-93F945F5D142}",NA,NA,NA,NA,NA,NA
"{DC966311-C371-49CE-A0F2-20AA8A336CB9}",NA,0,0,0,1,0
"{44848C52-9AEA-41BB-BEBA-D7243D9CF9B8}",NA,NA,NA,NA,NA,NA
"{009402E0-2E9B-47B4-9C71-3FF7F8FA766C}",2,NA,NA,NA,NA,NA
"{1B89E470-D6CB-4D01-85AD-A4E5B5DFDC97}",NA,NA,NA,NA,NA,NA
"{3CB00DBE-7BAD-4B32-827F-A5F5C65423C6}",NA,0,0,0,1,0
"{8DDC7024-81BC-432F-8331-C000E1D40870}",NA,1,0,0,1,0
"{9C6FCDE4-8C0D-46C6-8A71-5D0A747F6D35}",NA,1,0,0,1,0
"{D64EBF8F-F802-4A11-9E0C-06D59761A5B9}",NA,1,0,0,1,0
"{5A6F2284-C0A8-4312-BCAA-AC18F26FD6BC}",NA,1,0,0,1,0
"{03DF9E51-7EBD-4314-B9E0-172B80FA0F76}",NA,0,0,0,1,0
"{975F8798-0DDA-4745-B675-6599D0F462AE}",NA,0,0,1,1,0
"{BA1043C9-86D3-4EA6-AC0D-F10FC3135838}",NA,0,0,0,1,0
"{2D7C0BED-5452-4E07-8EF8-418234B8077B}",NA,0,0,0,1,0
"{B27727BA-3812-4088-A356-A597C0B1963E}",NA,0,1,0,1,0
"{211909EE-527A-42B8-8750-88F236CAFAFB}",NA,NA,NA,NA,NA,NA
"{D0C32C72-2FA5-41CF-AA46-7DEAEEB176FC}",NA,0,1,0,1,0
"{F663ED5B-89E4-4984-A20A-B069C52ED602}",NA,0,0,0,1,0
"{D5F41139-8423-4759-96E1-0189CCC61AE4}",NA,NA,NA,NA,NA,NA
"{E7626C8E-2BE0-47DC-BEAB-CDD888FF013F}",NA,NA,NA,NA,NA,NA
"{4EB10B87-816B-49F5-82BC-6260F04E01E4}",1,0,0,0,1,0
"{31625BEA-9D98-4B96-83A0-745FF82B2295}",NA,NA,0,NA,7,0
"{2CDA2A69-983C-4063-8439-B71296EF005F}",NA,1,0,0,1,0
"{CBF12CD1-F6FC-4D38-BA50-7E61A2AFE6F7}",NA,0,0,0,1,0
"{F9A71DE0-52F1-455B-99E6-9A14DD528D8E}",NA,0,0,0,1,0
"{F3C9D3F3-DB78-4D17-A95C-D07834B63FD2}",1,0,0,0,1,0
"{A52CEE13-3A13-45F0-BA95-9D5917F3CA3E}",NA,0,1,0,1,0
"{C9E9664A-1064-4D03-9DD3-C9AB79EF3E97}",NA,0,0,0,1,0
"{D7B9EEDC-C8D3-4119-86FB-8109D66C6061}",NA,0,0,0,1,0
"{5D4D3E8F-701B-4B64-A46B-FA32DD32ECFE}",NA,0,1,0,1,0
"{3F903618-608F-4BCD-A72A-275E80AFAB50}",NA,NA,NA,NA,NA,NA
"{67BC8EF6-8AC1-4BC5-A213-E12A6C236A04}",NA,0,0,0,2,1
"{AF9C961D-3DB2-44C0-8F84-50F2C276EBF0}",NA,0,1,0,1,0
"{F10861F1-B7B9-475E-B4A4-431B87EC87ED}",1,1,0,0,1,0
"{5CD824AB-997B-4546-A6DB-3D0636D7C2AF}",NA,0,0,0,1,0
"{23CD7B9C-2733-455F-A754-38F78DDDB709}",NA,1,0,0,1,0
"{B2F3A917-60DC-45A1-9DE0-C564DE14E380}",1,0,0,0,4,1
"{C197C81C-9379-4D91-B084-CD717214ECAE}",NA,0,0,0,1,0
"{7723BC05-76FC-4574-B259-B0EF0AE1F0E7}",NA,0,0,0,1,0
"{D5EE8060-9C3B-4231-B398-1CA5DE55158C}",NA,1,0,0,1,0
"{6C3B12AA-522B-4C54-88E4-669D0B273502}",NA,1,0,0,1,0
"{8BBA901C-1E35-4855-B6C3-E92F38FF7A7E}",NA,0,0,0,1,0
"{69A5F13F-732D-44B5-8355-401E2526B261}",NA,0,0,0,1,0
"{26D18020-2DBE-4104-8CA5-217D0B1B9A95}",NA,1,0,1,1,0
"{0A960E7F-BA61-4362-A9FE-BF5AF7B028F6}",NA,1,0,0,1,0
"{FAA82B8A-B86B-4C54-BE40-08CC7D140825}",NA,0,0,0,1,0
"{5DBC65BD-19ED-4053-994A-E5458EAB445D}",NA,0,0,1,1,0
"{A58883E6-4BD3-47B8-85B6-07B9319379C8}",NA,0,0,0,1,0
"{7C81FB0F-DE02-4FBA-93E5-A93C97EF73C8}",NA,1,0,0,1,0
"{CC9783E4-79CA-40AC-B2A0-BD6056809C58}",NA,1,0,0,1,0
"{5DA2AF1F-2522-423D-A175-C59C718929AF}",NA,NA,NA,NA,NA,NA
"{255D4BF7-D071-4B8C-A249-C4DD9C8CC4AE}",NA,1,0,1,1,0
"{8427F814-45C6-41E3-ACE0-AC2030403A53}",NA,0,0,0,1,0
"{2362ADC1-8399-4129-9475-EE8BBD37DFDF}",NA,NA,NA,NA,NA,NA
"{5B9C990E-9840-4EF5-8795-5F7D6342162A}",2,1,0,1,1,0
"{6D9D8321-3811-43F6-826B-D2A2226833CD}",NA,0,0,0,1,0
"{5D417571-5C73-4261-BE56-F22804F50652}",NA,1,0,1,1,0
"{E3026400-DB00-4C53-9110-7BC503C16B74}",NA,0,0,1,1,0
"{90E86587-2DAD-4A79-81A2-17863160F113}",1,0,0,0,1,0
"{159835D9-ECA1-4B9D-BA5C-AF4031F156AB}",NA,0,0,1,1,0
"{1BA52A4E-2E65-4574-B718-C01B5C323E1B}",NA,0,0,0,1,0
"{18EF35B7-C229-4BB0-94E2-B2A220BE9948}",NA,0,1,0,1,0
"{62EDE23D-2B56-4346-B136-4FCF5BAAE2AF}",NA,NA,NA,NA,NA,NA
"{66FE8F1E-5C2A-4D08-B848-899C674E8D42}",NA,0,0,0,1,0
"{91CBC650-51F3-4AF6-9627-414F6D761AB9}",1,0,0,0,1,0
"{9B618D8E-9AFB-49F7-A9DC-077509A95552}",NA,0,1,0,1,0
"{FAFA467B-02A1-42D6-BB7B-050C32831C29}",NA,0,0,0,1,0
"{2519FE52-361A-4CD7-92DF-A625050F173C}",1,0,1,1,1,0
"{B1AF5A20-3C1A-4944-BB21-FC06FC344112}",NA,0,1,0,1,0
"{AD4F8AC2-2A06-440A-A752-182EB047D363}",NA,0,0,1,1,0
"{89415D0C-3A74-4726-9689-D2EB772D46FC}",NA,NA,NA,NA,NA,NA
"{111999FB-C764-40E7-9FA0-E86CC4943FBB}",NA,NA,NA,NA,NA,NA
"{93B3E88E-2112-44DA-82BE-8323B959C793}",NA,1,0,0,1,0
"{93D4375C-CB00-4629-BE8B-1FD882AD8B49}",NA,0,0,1,1,0
"{EBBF9584-9106-4EFE-9655-064F5A9445EB}",NA,1,0,0,1,0
"{213B92A2-E0DB-4E00-9206-B08A7DFC47CB}",NA,1,0,0,1,0
"{BBA2AAB8-BA16-4D5E-A627-E9D7EC99D6AD}",NA,NA,NA,NA,NA,NA
"{81C17A69-D540-4433-A756-AFD969A75852}",NA,1,0,0,1,0
"{0F7E6E96-610A-43F1-8627-B63B5D46EAD6}",NA,0,0,0,1,0
"{4379CEF2-16D4-4FF5-8E6A-0ADD5057B376}",NA,1,0,0,1,0
"{ABFC282E-4DA0-4DF1-BF57-76EB73C80BFD}",NA,1,0,0,1,0
"{1362816A-A198-429A-8C5F-107B600716F4}",NA,1,0,0,1,0
"{6F89ABD7-8F3B-4A94-B293-A060CBEF1435}",NA,1,0,0,1,0
"{2680C2AB-F1B9-4CE9-91AC-66783AC3652E}",NA,0,0,0,1,0
"{AFD6EAE5-F1AA-41ED-88AB-81124BA541F4}",NA,1,0,0,1,0
"{72506ED0-AE8A-46B9-A999-575FF347E84F}",NA,1,0,0,1,0
"{87A33E52-DAD5-4D80-A876-42FF7A64EEA7}",NA,NA,NA,NA,NA,NA
"{617CFEDF-8507-4DEB-B2B8-09E08DBA3CE9}",NA,0,1,0,1,0
"{7C1A8C3B-B11E-4D47-B1A5-9EC8A39ED0AD}",NA,0,0,1,1,0
"{404D08C0-DD7F-48F0-ADE0-E801EF4FCFFC}",NA,0,1,0,1,0
"{CF55355C-930A-46A0-84EB-BAB9257E71E5}",NA,0,1,1,1,0
"{F4075B42-7B1F-4AB9-BDF8-CF79D44C45BE}",NA,NA,NA,NA,NA,NA
"{47EB16C5-49FD-44B0-9FCB-F8D31983C664}",NA,1,0,0,1,0
"{BFF217F7-2184-4DE6-8930-B9D5948B4A57}",NA,1,0,0,1,0
"{3127C7EF-A7A5-4E42-AB04-87D2D5CB3D07}",NA,0,1,0,7,0
"{B4B382AC-687D-4E70-937F-A5D37A388786}",NA,1,0,0,1,0
"{973BC53D-BDF3-45D2-ADFD-46BC232F0AF6}",NA,NA,0,NA,7,0
"{D1E47E0B-ABDF-4D26-BF80-1A998F21FB1D}",NA,1,0,1,1,0
"{D887F2E9-74C3-45A8-9AC5-9B30C728F9CB}",1,1,1,0,1,0
"{0374B4F2-D47C-41B7-AFAC-4E00E313FB66}",NA,0,0,0,1,0
"{531D3F93-28F4-45D4-9E97-4C0581AA5B30}",NA,1,0,1,1,0
"{F8965899-0F2A-4C96-8D3A-AB26C2E5B09B}",NA,0,0,0,1,0
"{EDC75DF8-583D-46BD-A1B0-D06001B33D36}",NA,NA,NA,NA,NA,NA
"{4253BC23-D66E-4009-B1D3-F668CEBBA66B}",NA,NA,NA,NA,NA,NA
"{B5718245-6139-4395-A55C-37E8563E5AF3}",NA,0,0,1,2,1
"{8410E3E6-9E52-4EA9-B9DF-534610B3634B}",NA,1,0,0,7,0
"{3F557444-0C16-4F4E-BBE9-7CA13FECCACA}",NA,0,0,0,1,0
"{A519B535-6B4E-4864-9CC3-C12820128117}",NA,0,0,0,1,0
"{587CFC3E-7F11-47D8-929E-840D3F5303DD}",NA,1,0,1,1,0
"{FE4BFC18-5B32-4E76-B4E9-50E212104A02}",NA,1,0,0,1,0
"{C749D9ED-046D-4483-AD53-A6991D53973F}",NA,0,0,1,2,1
"{13E1BDCB-09AB-45DA-9217-3BE2AABBDE06}",NA,0,0,0,1,0
"{EC3CDF94-43A7-4AAF-81D9-EC94F74AF3DA}",NA,0,0,0,1,0
"{0DC60412-3621-414D-B497-6205E2E60095}",NA,NA,NA,NA,NA,NA
"{8594F98A-71E5-4D74-B956-EF03B0C2E4B7}",NA,NA,NA,NA,NA,NA
"{512C000D-4168-4140-BE43-9E8A6DFB4BF4}",NA,0,0,0,1,0
"{32155AD7-F36F-4DC9-8D50-6217E6F1E9C8}",NA,NA,NA,NA,NA,NA
"{E22BBCEF-7C95-4EE3-9CA4-F86B9E478169}",NA,0,0,0,1,0
"{E3BFC766-E374-4A7D-9D43-9B39D26D198A}",NA,0,0,0,1,0
"{45B6EECF-F2B0-4F2B-B227-A1A7960C3AB7}",NA,0,0,0,7,0
"{AE1CB804-63D6-406C-AE90-CB7FC07F7CB1}",NA,NA,NA,NA,NA,NA
"{66BAA9FC-96DA-4AF6-A1D4-FFE28C285515}",NA,0,0,0,1,0
"{CC34DE53-3A99-48B1-830B-8EB9E1F62B50}",NA,1,0,0,1,0
"{04CD4623-A7A0-49DB-85F4-C342870B5C9A}",NA,0,0,0,1,0
"{4368F337-9DD5-462E-A57E-3572B8D8AFEE}",NA,0,0,0,1,0
"{368B8C18-A16B-4410-8AF3-BA87123908AA}",NA,0,0,0,1,0
"{AB40FB9C-8204-414E-A371-8C2068F7732B}",NA,NA,NA,NA,NA,NA
"{477B3C6A-4F87-46CF-9099-CF36186CF618}",NA,1,0,0,1,0
"{C76D029D-E739-45CE-AE98-B51BADF1B265}",NA,0,0,0,1,0
"{166CC7B4-5ADE-49FC-A56D-AD01433A6408}",NA,0,0,0,1,0
"{A860A5F1-1F72-4ECD-BC50-3D0F83E71FC1}",NA,0,0,0,1,0
"{E19BCE55-E1C2-4ED3-85C2-74669A0CD2BD}",NA,0,0,0,1,0
"{DE045307-5C50-4065-8DC8-640732CA3120}",NA,NA,NA,NA,NA,NA
"{DDEBD0D8-43C3-4FDB-B00C-DC175B976416}",NA,1,1,0,1,0
"{43497D53-EE61-4435-A6A3-84AA13070C35}",NA,0,0,1,1,0
"{2C6B731B-89C8-4123-A033-3F9CFA15B368}",NA,1,0,0,1,0
"{42D8F43A-D799-43F9-B32F-786C79CB1B63}",NA,NA,NA,NA,NA,NA
"{E23A91E0-7580-48ED-B19D-88B59AAF480D}",NA,1,0,1,1,0
"{520F3A13-9D58-4BD5-9E1F-B34FBAC61837}",NA,1,0,0,2,1
"{1BE7E552-374C-48C8-AB39-B2A5B8C187E2}",NA,0,0,0,1,0
"{01C4E9C0-9423-498D-9999-D66014D02DB8}",2,NA,NA,NA,NA,NA
"{0291836E-4817-43BC-90B5-62B75ACE9E70}",NA,0,1,0,1,0
"{8707F9D4-D45F-4646-A6CA-C0068E413F9E}",NA,0,1,0,1,0
"{A1803746-A1CF-4AFA-9462-7F9754DD8DB5}",NA,NA,NA,NA,NA,NA
"{4589378A-6FDA-4641-ADED-BCB547AD9577}",NA,0,0,0,1,0
"{E1F15D6E-2551-43C9-9E64-863483BA1E1C}",NA,NA,NA,NA,NA,NA
"{5B61E80E-1648-4DB5-B26B-B5993B5F848F}",NA,0,0,0,1,0
"{338C14CE-4BD2-4B3D-B64D-248DD907D255}",1,NA,NA,NA,NA,NA
"{7442CE7B-7DAF-4D38-9E21-FAD2E2B13BDA}",NA,0,0,0,1,0
"{45811B86-9ACC-4AEC-B688-C32C4F9D2EE7}",NA,0,0,0,1,0
"{76DC1106-DBD9-40B3-9BCA-0ACF071469E5}",NA,NA,0,0,7,0
"{0EFF1D74-A3FD-41A5-9560-A8B272310818}",NA,1,0,1,1,0
"{38562C87-61F2-49ED-A790-9B4D20CDC2AC}",NA,1,0,0,1,0
"{68E0B871-DF25-4423-979E-9B0A1960F397}",NA,NA,NA,NA,NA,NA
"{D85CE4FB-70ED-4654-A1F5-7E892BA306F4}",NA,NA,NA,NA,NA,NA
"{68A44E2C-5612-42E6-A24E-E0338AFAA0B4}",NA,1,0,0,1,0
"{2E64936C-58B3-4B13-AED2-F17F50F64885}",NA,NA,NA,NA,NA,NA
"{E3D26E69-73BD-4F20-AD2F-A17456095521}",NA,1,0,0,1,0
"{49AA9682-ACC9-4713-B29B-B7197B18C97D}",1,NA,NA,NA,NA,NA
"{6AC950D1-C10D-4A1C-A5E0-93B601BE0BB7}",NA,NA,NA,NA,NA,NA
"{FB831C8D-14A7-4CAF-88B5-B219B4165CDF}",NA,1,0,0,1,0
"{12957F43-BA2D-41E2-83B3-AFCCE26EAC22}",NA,1,0,0,1,0
"{C68D80C0-1B4F-41E2-8081-4F66D1BD5E0D}",NA,0,0,0,1,0
"{F15D64CE-64D6-4F04-B7F0-8B772840687A}",1,0,0,0,1,0
"{CA9B7168-C0D7-4AFA-8C39-47D0FAF7C3C2}",NA,0,0,1,1,0
"{DEC4FF05-0CBB-4C90-A310-C6BB610754C7}",NA,0,1,0,1,0
"{F95C2786-E7AB-4322-8720-D4F9C30500E4}",NA,1,0,0,1,0
"{CFAE4F3F-1ABE-4958-978D-20931F81694D}",NA,1,0,1,1,0
"{A0535FE7-3084-4FE4-B117-FF9ACA99427D}",NA,0,0,0,1,0
"{DBF0D100-8B2A-46BD-92C3-E8B64C80EC68}",NA,1,0,1,1,0
"{247038CD-FBF8-44F5-A567-16C564E6DF7E}",NA,0,0,0,1,0
"{44FA4B58-52A8-4EB0-A273-6DF3C38BDCE8}",NA,0,0,0,1,0
"{59FC55AC-4B12-4D05-9031-A185722478BA}",NA,1,0,1,1,0
"{6197C2BC-C0FD-4970-B121-38AF8775E294}",NA,0,0,0,1,0
"{F1607EAD-062A-4AD2-B2E6-93071EDF87B5}",NA,0,0,0,1,0
"{8032758F-B065-4C4D-A8A7-EE3BC633B6C8}",1,0,0,0,1,0
"{5E75CC12-1FC4-46C1-84E8-00E9AA2A58B3}",1,1,0,0,3,1
"{FD02AF89-C774-45AB-AF3E-B0FC7FCF3393}",NA,NA,NA,NA,NA,NA
"{1B7C099B-01DD-48EC-BC92-5FC0211EA02A}",NA,0,0,0,1,0
"{45454874-F6F9-4A04-BF68-6AF4FBE64E42}",NA,NA,NA,NA,NA,NA
"{538F8A1C-6082-4FB7-AA3E-75E66F2AA45E}",NA,NA,NA,NA,NA,NA
"{3FB173EC-E857-41BA-B2E4-75275FAA9839}",NA,1,1,0,1,0
"{3ED6E07B-22CA-4E61-93A6-A77BAE6A349E}",NA,0,0,0,1,0
"{20B37803-94B5-446E-9B19-D648BE823E8F}",NA,1,0,0,1,0
"{FDC0DD25-F9F4-49C0-8C58-B43A66CB8325}",NA,0,0,0,1,0
"{6B700074-1720-471A-8BB5-F789844B4E7A}",NA,0,0,0,1,0
"{1AE579F7-4769-414F-85E8-B9F5BD7FCEEF}",NA,1,0,0,1,0
"{62806E8A-276D-4FE9-8D75-A70FE374CC10}",NA,1,0,1,1,0
"{6AC07966-1624-43DF-ACB4-2F2DB8E56F01}",NA,0,0,1,1,0
"{DC6202C3-A2AA-4EDC-A74D-EF83D4B58703}",NA,0,1,0,1,0
"{DE4379E7-633F-4131-A977-B0AB25D5C1E0}",NA,0,1,0,1,0
"{3658178E-77A0-453E-B0DB-CFE31BBF8394}",NA,0,0,0,1,0
"{430E5F7D-1ED9-4D92-A5CE-F5883F8FEC24}",NA,0,0,0,1,0
"{BB7FB1E4-35F5-40B7-A07D-73EC09291CC8}",NA,NA,NA,NA,NA,NA
"{99946D1E-0328-4A37-AAD3-552C576AF0B8}",NA,1,0,0,1,0
"{9797AB4E-C242-4C3D-8BAD-A5BF98958EAF}",NA,0,0,1,1,0
"{7FF74F30-EB03-44C2-AAB9-42546EE2576B}",NA,1,0,0,1,0
"{7B6A583E-1615-47A2-954D-FA2B67AA7964}",NA,0,0,0,1,0
"{01FF301A-D8D6-4D25-983C-BA843BEB8589}",NA,0,1,0,1,0
"{4D1AF38B-62D7-4600-8BBC-49FE9228F085}",NA,1,0,0,1,0
"{9610EA3E-3F56-4736-9AF4-A7186F8EC4A9}",NA,0,0,0,1,0
"{C63E79CA-97D2-49EB-B8BD-AC20E3C408EE}",NA,1,0,1,1,0
"{869FC35F-0F41-48EA-82C5-6CAC4B5C1A17}",NA,1,0,0,1,0
"{643F3707-3FC8-4611-8453-3E28B39E7865}",NA,0,0,0,1,0
"{4815A99F-106F-4865-ADF3-CF7E92EB6A51}",NA,0,0,0,1,0
"{BAF23C34-17C4-4434-9801-CE3584635E23}",NA,0,0,0,4,1
"{2ABB650A-13F7-42D4-A2A6-52D6AE68D2EF}",NA,NA,NA,NA,NA,NA
"{8A3DD1C6-14B7-4121-A203-2089DCAB1A63}",NA,0,0,1,1,0
"{206AA5F3-0E38-4C96-82F8-17BD78673AF0}",1,1,0,0,1,0
"{3266B53C-1E33-4504-A722-C7A7AFE1FAB2}",NA,NA,NA,NA,NA,NA
"{4BBD279F-B999-43E5-B6A1-2FCDF579DED1}",NA,NA,NA,NA,NA,NA
"{E7F46F0F-11A8-4B95-8F1E-891CCD87FB64}",NA,0,0,0,1,0
"{C681D758-FEBA-4EDF-BA8B-BA9F83D94941}",NA,NA,NA,NA,NA,NA
"{0C2BB7D2-9110-4E29-B88F-DA6F30E1ABE0}",NA,0,0,0,1,0
"{5DC42B02-1C8B-4AAB-A206-B05C93C5039A}",NA,0,0,1,1,0
"{5E822ACF-05DE-40D0-916E-7B9BD6C315B3}",NA,0,1,0,1,0
"{4CBFF403-874D-4C4E-8D88-4EAEA96EEFAD}",NA,1,0,0,7,0
"{FECB6474-BCB5-4C1F-AF7D-C5B7F0C0E859}",NA,0,1,0,1,0
"{AD0A5850-2007-4167-9F65-59D4C85DF84D}",NA,0,0,0,1,0
"{4780B61C-AFB5-453D-B84C-937F79ED4E52}",NA,0,0,0,1,0
"{9A25258D-B181-4A05-A043-CF9FE994A859}",NA,NA,NA,NA,NA,NA
"{DE86331F-9D2B-4325-84AC-7037B683203A}",NA,0,0,0,1,0
"{EBB57CBD-1403-4228-93CF-5670F1559E21}",NA,0,0,0,1,0
"{F17F9400-0D9B-4F99-88D7-5ED3AF82FC30}",NA,NA,1,NA,7,0
"{223506BE-02A5-444D-B8E9-2836FC6D5B9E}",NA,1,0,0,1,0
"{7CAC1269-5A31-4C08-BAD6-A4BC4026926F}",NA,0,1,0,1,0
"{16038C17-F8D4-46AA-B0B9-DB86932E0B8E}",NA,1,0,0,1,0
"{C02A7044-7388-4524-A05F-0A7AF50AAD47}",NA,0,0,0,1,0
"{B27B15D4-5D63-429A-B1F3-ED39D8F6921C}",NA,1,0,0,1,0
"{09F87E12-FC37-41C4-B473-CF5711023B31}",NA,0,0,0,1,0
"{B3A38B96-E7BA-4A5A-966E-9DEC3E009F14}",NA,1,0,0,1,0
"{011BC21F-FC88-4995-A1FD-24EDF9B663E6}",NA,1,0,1,1,0
"{70948B3B-F2D8-4838-8B90-C7BB29D80A17}",NA,0,0,0,1,0
"{15F118CB-1C51-4655-A626-B5FAD9825525}",NA,1,0,0,1,0
"{99253229-F373-4C71-BFCC-C31B1E2EA8CC}",NA,1,0,0,1,0
"{929F0660-E7CA-4BB7-9C81-5739DE2EB4AD}",NA,1,1,0,1,0
"{C3D23413-1F07-430F-9216-04F975B765EE}",NA,NA,NA,NA,NA,NA
"{8E205B42-3B67-4064-A278-4687371968C6}",NA,0,1,0,1,0
"{DA44F5F5-9D59-4B74-AC8A-2F5B33EACCCD}",NA,NA,NA,NA,NA,NA
"{E095BAFC-D22E-445A-BB20-4B4278038F0A}",NA,1,0,0,1,0
"{9C7764D7-4499-4C1C-B009-8C16D37D0593}",NA,0,0,0,1,0
"{2F277034-3AC6-4F4B-9772-B6CE2B4BA28D}",NA,0,1,0,1,0
"{1DDA97C9-B96C-4844-BDBF-27A44F8A8A9E}",NA,1,0,0,1,0
"{C6698CBD-0FF6-4A56-A4E2-B52D119DCC64}",NA,1,0,0,1,0
"{31DD7E95-8CD1-4F95-AE07-C3116216A7D8}",NA,0,0,0,1,0
"{6912CF78-2D83-44C3-B010-BBAC69C1922C}",1,1,0,0,1,0
"{F4925FFA-9B4B-4736-9064-344D346E99EA}",NA,1,0,0,1,0
"{F0B90938-56AA-4669-8FD0-5515A6BAC710}",NA,0,1,0,1,0
"{C3D51884-030A-4D8A-8771-83DD7FC29E93}",NA,0,0,0,1,0
"{3BE4F518-BAA2-43D9-BEA4-4C310BB711A0}",NA,0,1,0,1,0
"{40D73F61-A042-4321-B0AF-7CB0251FD700}",NA,NA,NA,NA,NA,NA
"{00AC8904-1917-4DEB-B839-177C00CF6497}",NA,0,0,0,1,0
"{AA29B47D-493E-49F8-96E4-580A761799DC}",NA,NA,NA,NA,NA,NA
"{1CD3F133-3947-4283-9BBD-BD4E89874E8C}",NA,0,0,0,1,0
"{C1BB083D-DF7C-44B4-B3E8-CF82C2C396D1}",NA,0,0,0,1,0
"{3C2E3702-A525-446B-89EE-382EB6848CD9}",NA,0,0,0,1,0
"{AB2E6E6E-BB2C-4280-922F-0E44B6DFAF44}",NA,0,0,0,1,0
"{32086BD1-1DF8-465F-AEEF-B15187FB6CF8}",NA,0,1,0,1,0
"{4784BC29-E2E7-449C-8614-F3B588451C5C}",NA,0,0,0,1,0
"{10F25F02-EB0B-4116-9857-9E3141E6BF17}",NA,0,0,0,2,1
"{382DFB79-BCBF-41F6-A6E9-C7B916357877}",NA,0,0,0,1,0
"{C79F25FC-2B89-488C-8AB8-7B6ECFDA08C4}",NA,1,1,0,1,0
"{F6B06A97-3298-4EC8-8AC9-A9F56E10D5A5}",NA,0,0,0,1,0
"{FCF1F5C8-5AF6-40AA-BFB0-9F3C34B9A36A}",NA,0,0,1,1,0
"{0FCE6EEB-E486-4CE0-B85E-CEF2E91B4C8E}",NA,0,0,0,1,0
"{C2BBF833-6AB9-4608-A5F5-2F68A13795B2}",NA,1,0,0,1,0
"{172E3334-DAC2-4EC5-A7DE-7D1F764F5C60}",NA,1,1,0,1,0
"{FDF36B21-4ADA-4891-B5DE-0E478A752E48}",NA,1,0,0,1,0
"{5A34E8F7-118D-4120-B0B3-B02C4532BFA7}",NA,NA,NA,NA,NA,NA
"{34D01FD8-94CA-4266-B96D-E275DEAE21D9}",NA,NA,NA,NA,NA,NA
"{82713766-5770-4425-B878-0A32CFE947B3}",1,0,0,0,1,0
"{30636F25-A7CB-4BA5-86EE-818AB1730E16}",NA,NA,NA,NA,NA,NA
"{8CB4E567-1BC1-4D40-ADF5-D285D90977BA}",NA,0,0,0,1,0
"{7FD19CAC-844E-4080-BAB9-9227C59AC16A}",NA,0,0,0,1,0
"{D6B96262-83DF-4A98-9978-7DE42A0943DF}",NA,0,0,0,6,1
"{4301D94D-C91F-4F51-B8CD-703DD59B2CB8}",NA,0,1,0,1,0
"{5B8676FE-B5A3-467F-8A56-3B3BAF73AFF4}",NA,0,0,0,4,1
"{06135F06-35DF-46B2-96EE-95D91006389D}",NA,NA,NA,NA,NA,NA
"{06EA8762-810E-44ED-BEF3-7A629B0165C8}",1,NA,NA,NA,NA,NA
"{30CB2D97-F0A3-472D-A9C0-4F10BE805F55}",NA,NA,NA,NA,NA,NA
"{00BEAE2C-3188-4445-9A72-A3D22DF07192}",NA,0,0,0,1,0
"{72A74F0E-DA7F-4CDC-A5AF-42BB93B9EE39}",NA,0,0,0,1,0
"{5E85947C-F9F4-4597-A606-8FA43671C59D}",NA,0,0,0,1,0
"{A6081A0E-2520-4D01-B4D3-9D3D7D51DA30}",NA,1,0,0,1,0
"{3EF04C68-14EE-458B-9F66-A24ADB01CCEE}",NA,0,0,0,1,0
"{37922EA5-3A0F-41D5-B017-77E707C3330C}",NA,1,0,0,1,0
"{CB33C72D-FB61-40D4-9048-7007FB4EA20A}",NA,0,0,1,1,0
"{AF6A13B8-D668-4166-A3BB-662EA30BA457}",NA,1,0,0,1,0
"{442EAB88-5935-4FAB-9D1B-EFF721F140BB}",1,0,0,0,1,0
"{B861F053-68AD-4C0B-BD05-2B570706C0AB}",NA,0,0,0,1,0
"{FE7EF44E-BF65-4386-9F8C-0FEA01F3052A}",NA,0,0,0,1,0
"{4D469C55-4684-4772-9357-AAC328B7D02A}",NA,0,0,0,1,0
"{B04451AB-C2B0-4F7D-A723-424F4D95180A}",NA,0,0,1,1,0
"{0E0848C7-AE6E-44CF-99FD-AFF5EB25C4AE}",NA,0,0,0,1,0
"{9E3C8B8D-5734-430E-AF2A-00EC101EB6FE}",NA,0,0,0,1,0
"{841EFDBE-69FD-4F2A-B37A-1267AE9DA682}",NA,1,0,0,1,0
"{136946C8-C6ED-48BE-8D21-DB0B2ECFAF1B}",NA,1,0,0,1,0
"{FFE2EC9F-8F2C-4DFF-98D4-FCDE18B595EB}",NA,0,0,0,1,0
"{49C37B37-C531-44F9-83D9-4A93B56E4BC9}",NA,0,0,0,1,0
"{3B8D1453-E00F-408B-9E4B-88397BA4915C}",NA,1,0,0,1,0
"{922AD211-8731-4F42-9B32-E68507B5D936}",NA,0,0,0,1,0
"{4013462E-6032-408D-A62C-9B0CE73EC317}",NA,0,0,1,1,0
"{EC20E222-81E4-4A5D-8BB2-2C54EEDF128B}",NA,0,1,0,1,0
"{2C3194E6-9FAC-444F-8958-44FD64760A7C}",NA,1,0,0,1,0
"{78BCDF83-C5CC-4956-8A22-A6A443B53978}",NA,NA,NA,NA,NA,NA
"{6E7D78CB-1621-4F94-B069-3DD9FA889020}",NA,0,0,0,1,0
"{4CDA3543-5787-45E1-9608-1152CC9E0EA6}",NA,0,0,1,1,0
"{17A4B73A-4787-4B9D-B68E-F5F3406763D9}",NA,1,0,0,1,0
"{2B86949C-ED4A-478D-97DB-ACE803149FB5}",NA,0,0,1,1,0
"{439599F3-0065-48E2-8DE3-7151826F4B2A}",NA,0,0,0,1,0
"{C48C31F9-C9E2-4852-A298-AE0B42EA3994}",NA,0,1,1,1,0
"{061F7A0B-BE82-460A-8462-BE3D8080792B}",NA,1,0,0,1,0
"{BC9612E7-AA87-4CB1-A886-B040B41F3044}",NA,0,0,1,1,0
"{C0AA2443-B32C-46FF-91FE-4EBDA1CC1EDD}",NA,0,0,0,1,0
"{74BB531A-C5E1-4712-9E6A-0638784959DB}",NA,0,0,0,1,0
"{1DBAAFDE-9540-4DC8-BBD0-B6B0A0914EF4}",NA,0,0,0,1,0
"{133DD488-DD9E-4C5E-9FE8-2F4563F3B692}",NA,0,0,0,1,0
"{5448EE22-B709-47DE-B8E0-233D4254DBD3}",NA,0,0,0,1,0
"{BDDCFF7A-602F-4497-A6E7-AA589A19AF0C}",NA,1,0,0,1,0
"{0AC57E9A-388F-4450-812F-D7242B366BFC}",NA,1,0,1,1,0
"{61F72DFF-2A5F-4F5C-B346-38EA7F898FF4}",NA,1,0,0,1,0
"{BABA61F6-EFFD-4A26-A85F-199C6C9562C6}",NA,0,0,1,1,0
"{D63FA5C4-D522-468B-8F11-CFC7D43087E5}",NA,0,0,1,1,0
"{A862F05F-B8FF-42EA-A8FD-44CD56A97567}",NA,0,0,0,1,0
"{3C95332C-BC1E-494A-895E-E767CBBEBE2A}",NA,0,0,1,1,0
"{1F875386-DFFD-41B8-9717-1C0C43CD5A62}",NA,NA,NA,NA,NA,NA
"{44A4454A-7789-4547-A656-D992D5AC33BA}",NA,1,1,0,1,0
"{49968E37-A3D6-4025-AFDF-48A3EB184EA7}",NA,1,0,0,1,0
"{8C38FAF9-75D6-4A55-8203-34A763DE2850}",NA,1,0,0,1,0
"{0AEB903C-0B35-416D-BBE8-EC64E82E93A4}",NA,1,0,0,1,0
"{7765DFB8-FABB-4C58-BCA9-AC6DFE679AB7}",NA,0,0,0,1,0
"{D67E38F5-8244-4611-A4CC-63AE0D8013D3}",NA,0,0,0,1,0
"{79D28A10-7BB7-404B-AF35-E733CB78EB1E}",NA,0,0,0,1,0
"{252AF83E-9FF2-4E1A-8219-9377B7772FF5}",NA,1,0,0,2,1
"{A243D1EA-9992-417F-B984-0DA84863F4CC}",NA,0,1,0,1,0
"{894FB1C7-0E0E-4D94-B415-1F310F91114E}",NA,0,1,0,6,1
"{3E2E1BD0-985F-44D9-B402-87A1E9C1C486}",NA,0,0,0,1,0
"{A7BECEF1-7C60-4CB9-A042-6FFE23C541CE}",NA,0,0,0,1,0
"{7B5BF596-17E9-4087-9A40-82B9577708A7}",NA,0,0,0,1,0
"{24396860-D8EF-4FFC-B3FC-69080280CF07}",NA,0,0,0,1,0
"{0E938EAD-9FE5-4CC0-A7D6-1D95B7313AA3}",1,NA,0,NA,7,0
"{2D301533-4DC5-442B-AF0A-251340DD7D5A}",NA,0,1,0,1,0
"{424450AF-79EF-4CF6-8358-D930ED519FF6}",NA,0,0,0,1,0
"{B70FDD71-C900-4B8B-84DB-D15C79F8F4A0}",NA,0,0,0,1,0
"{FE4AA67A-828E-4C7A-8C29-875672261268}",1,NA,NA,NA,NA,NA
"{A5482FDE-4373-4E40-91F1-94106F78F8DD}",NA,0,0,0,1,0
"{2EB032A4-2D97-4C06-8A61-8C7FE1E24AA2}",NA,0,0,0,1,0
"{658CCE87-4711-4F3F-8A9F-D17E593D8CAD}",NA,0,1,0,1,0
"{5E71A167-25D1-4E14-A2CF-AC0B54E935A5}",NA,0,0,0,1,0
"{F548DAF4-9E66-41F6-9DDC-5D6D885EA83F}",NA,0,0,0,1,0
"{279B2714-9F9D-4C9A-B219-516908A7685C}",NA,1,0,0,1,0
"{FEF26236-9D5C-4D7E-9A63-1C59C77823F7}",NA,0,1,0,1,0
"{C80FABAA-DB1F-4326-9162-B8E201B03FC8}",NA,NA,NA,NA,NA,NA
"{25D49617-3543-4DD4-93D3-24F06990C319}",2,1,0,0,1,0
"{4BAF40ED-5B01-4D20-9758-83250D8DEEDE}",NA,1,0,1,1,0
"{22FA2A54-A1C0-4D01-8D26-E138F51F02B6}",NA,1,0,1,1,0
"{3B8A34BF-829D-4C10-A4AC-425267063F38}",NA,0,0,0,1,0
"{0CA406D1-7AB0-490A-AAB0-B7F959154D53}",1,0,0,0,1,0
"{983F6772-E0E6-431B-94FA-3B832E0572EE}",NA,1,0,0,1,0
"{904E832A-E7D0-4B58-A001-42037C4436D9}",NA,0,1,0,1,0
"{6824D422-4959-4C0D-A1A0-F5FB850AD9B7}",NA,NA,0,0,7,0
"{1CD54EB7-2B06-462C-A64F-CC62CA7C97CC}",NA,NA,0,1,7,0
"{1B506F83-A545-4AEB-919A-CEC0D625BF8D}",NA,1,0,0,1,0
"{25CFC2AA-2BE8-40D0-A9EA-112F1301062B}",NA,0,0,0,1,0
"{8420BB59-61A1-4B05-AB1B-960A686DE395}",NA,0,0,1,1,0
"{34DF4F8B-82CF-414E-93F2-69BD626109FF}",NA,1,0,0,2,1
"{33C0B939-4DB6-406D-95B1-D22D848D368A}",NA,1,0,0,1,0
"{8C861B4E-3DA8-476F-BC6D-F5CF7B137352}",NA,0,0,0,1,0
"{0970DCD6-E939-4F4C-A74D-3DBA35DA618F}",NA,NA,0,0,7,0
"{2AB8D19C-5AB1-4645-9C17-6F3EA42AC077}",NA,NA,NA,NA,NA,NA
"{49536990-E8F7-4C54-81D1-CE95212A612A}",NA,0,0,0,1,0
"{0064B608-3725-4815-9EF3-92A936B04023}",NA,1,0,0,1,0
"{065DEF20-F109-4E37-BE97-3A3AAC2ACBA5}",NA,1,0,1,1,0
"{E545512A-3C6A-4864-8361-84241E0F7CBE}",NA,NA,NA,NA,NA,NA
"{3E8D4552-7C99-452D-BB35-5B35A6A105AD}",NA,1,0,0,2,1
"{DB5B5BEA-4281-4A32-9537-9C0A2994A108}",NA,NA,NA,NA,7,0
"{15432D7E-A258-4350-8F1E-E9EA91AD4EC8}",NA,1,0,0,1,0
"{C790A755-9FA2-43E0-97ED-08A2F4009585}",NA,NA,NA,NA,NA,NA
"{87933E86-7459-4D04-BF94-742A48C4EDED}",NA,NA,NA,NA,NA,NA
"{B5D2E69F-F785-4226-B5E8-09A059EB7976}",NA,0,0,0,1,0
"{22658C91-2136-4651-8F03-1DB206F8314B}",1,1,0,0,1,0
"{657D58A9-625F-4676-9031-9653C2CCBD04}",NA,1,0,0,1,0
"{256636B8-54BC-4786-AF91-F40EE6DC8EE4}",NA,0,0,1,1,0
"{25A1A824-0345-4077-B69D-C79B38DA5579}",NA,0,0,0,1,0
"{8524C9D8-114D-42A9-9010-7DF89C0BD35F}",NA,1,0,0,1,0
"{D3DD2B49-C3E6-4249-9ED1-33D69873650B}",NA,1,0,0,1,0
"{CD4665B6-B9F8-404A-9B00-A11A14AFE242}",NA,1,0,1,1,0
"{D60772AD-8E1A-4A61-ABF5-4D6730185709}",NA,0,0,0,1,0
"{62682783-0B87-428C-9683-017146040D03}",NA,1,0,0,4,1
"{3C8D102D-4C0D-46ED-B336-4506F832E849}",NA,1,0,1,1,0
"{0886582E-70D6-486A-810E-6A9F49782D6A}",NA,0,0,0,1,0
"{B1710980-E486-417C-90E2-BFFEE4B603DA}",NA,0,0,0,1,0
"{452701BE-7B7A-466E-A2AE-F36C43515630}",NA,0,1,0,1,0
"{C2E64742-9A3B-457B-8986-F6EFC415A23A}",1,0,0,0,1,0
"{035EAF35-F5CB-46FE-B31A-65C24C18F386}",NA,0,0,0,1,0
"{52010A36-60B1-4565-94A3-99CA98A4FC49}",NA,0,0,0,1,0
"{4EE8C2F1-A4BE-4F45-9539-69B46E17CD85}",NA,NA,NA,NA,NA,NA
"{7C0D7EAD-F9E7-41F0-8962-8E48532DE0B8}",NA,0,0,0,1,0
"{B6EF551B-2CD8-4C0D-A637-30F190B4F132}",NA,1,0,0,1,0
"{605B8831-6283-42D6-9D6B-A8C9E90A03E0}",NA,NA,NA,NA,NA,NA
"{803FCA83-2BC1-42C3-8C0D-CEF24782DCDD}",NA,NA,NA,NA,7,0
"{B989861C-2A8F-4375-9F0F-9562FB3A9294}",NA,NA,0,NA,7,0
"{CE2FF90E-1D05-43BC-AF7C-CA622CAE80E4}",NA,0,0,0,7,0
"{62726DC9-BB37-4A24-AF36-212212D9708C}",NA,1,0,0,1,0
"{A078A0EF-8CC9-4F44-BE8A-04A5C97C8325}",NA,1,0,0,1,0
"{17C3ACB4-F0F9-4071-BAA2-B95E816A092A}",NA,NA,NA,NA,NA,NA
"{9E67609B-AD00-4A29-B327-E5502D16E26A}",NA,0,0,0,1,0
"{9417E224-8F74-4A40-AA5D-376AC4D9F1BD}",NA,1,0,0,1,0
"{FAE56796-3BBF-4B8B-B9BD-D7204E7566BE}",NA,1,0,0,1,0
"{EF980DF7-988A-4441-A153-B5182FBE795C}",1,0,0,0,1,0
"{546A8457-DD62-4D7D-9787-0148D2305FAD}",NA,1,0,0,1,0
"{F64C0244-EC0E-48DB-9B46-DAC121FAA90E}",NA,NA,NA,NA,NA,NA
"{9801195F-765D-44AD-8339-5C8E05CB7F52}",NA,0,1,0,1,0
"{A0BC28DA-27DB-4FF2-B03D-0C25D2BEB95F}",NA,1,0,0,1,0
"{5B67849D-FDEA-4589-A292-411305DF3F97}",NA,0,0,0,1,0
"{04A669FA-CC7B-4A16-A309-D3F963E4C402}",NA,0,0,0,1,0
"{7E206816-2755-4CE1-90B9-509674E85459}",NA,1,1,1,2,1
"{A444BC16-8477-42F8-994B-DC4B72587580}",NA,1,0,0,1,0
"{192E8B93-BE1E-405C-BD81-CEFFCA80BDEA}",NA,NA,NA,NA,NA,NA
"{021C3712-7D85-45DC-84D9-252DC139072C}",NA,1,0,0,1,0
"{A0E5EEE6-708A-44E8-9336-9BE7330DAE14}",1,0,1,0,1,0
"{971EEACD-AA24-4F5A-A506-D61C95C0303D}",NA,NA,NA,NA,NA,NA
"{9F43FE24-E5CA-4FD7-89C3-AF02D95CD778}",1,0,0,0,7,0
"{4A2575DC-9E8B-4D49-8028-4588440997D0}",2,0,0,0,1,0
"{06D4DC28-4941-4087-9B70-F37268E72281}",NA,1,0,0,1,0
"{C7FD67D4-5086-4820-B921-F2E3FD53EE23}",NA,0,0,0,1,0
"{2BBE83BF-869A-496F-BC71-F1303F359FC9}",NA,NA,NA,NA,NA,NA
"{1BC72D1E-9C71-484A-B0D2-9BF16E409379}",NA,1,0,0,1,0
"{DC5FFC1C-5384-4920-969A-06435B9127ED}",NA,1,0,0,1,0
"{C6CE6159-7F75-408A-ACEB-5AF7E3F1FBF2}",NA,1,0,0,1,0
"{E6FE41FC-6760-40A9-AA24-8F43B46AA590}",NA,0,0,0,1,0
"{58F95058-3A2A-4479-A868-56F595B4A78A}",NA,NA,NA,NA,NA,NA
"{58E64EC0-879B-47BB-B85E-2F5C71BA0D11}",NA,0,0,0,1,0
"{99ECC404-5FE4-4940-958B-E5CA2C03583A}",NA,NA,NA,NA,NA,NA
"{0CCFACE9-D91F-4A50-87F3-E54E9510E00F}",NA,1,0,0,1,0
"{0BC722BA-5778-44E6-8C0D-63DCA55C8325}",NA,0,0,0,1,0
"{EDD28F39-15B5-490D-B100-F584906C78BF}",NA,0,0,0,1,0
"{068EC0E4-488C-42C1-956B-5A29A3724E38}",NA,0,0,0,1,0
"{751E63CC-6A5C-40EA-B384-752656DABBAD}",NA,0,1,0,1,0
"{3571FC95-3522-46DD-BC92-1DFE02DCE6EC}",NA,1,0,0,1,0
"{E2AB79ED-81F8-4D8C-92D2-B75CE6F4DA99}",NA,0,0,0,1,0
"{E2A0CEBF-A358-42FA-B749-92168F68DF93}",1,0,0,0,1,0
"{EE0BB6A8-CEC0-4B0E-95B0-062A676E2B6C}",NA,0,0,0,1,0
"{8E08E44A-2656-46A0-8327-5D70B8D3E443}",NA,0,0,0,1,0
"{A7A857A6-F38C-404A-A610-AAB79D7793CD}",NA,1,0,0,1,0
"{0A761140-AEA3-4D64-9062-50961E7F5321}",NA,NA,NA,NA,NA,NA
"{B5FFF964-BEBE-403A-A09A-F96E40A6D5D3}",1,1,0,0,1,0
"{F7B1F9B4-72EA-4C88-832A-C3C561680B8C}",NA,1,0,0,1,0
"{DDD6ABCC-E5ED-4508-92B0-2C0BF8B0BDA2}",NA,NA,NA,NA,NA,NA
"{9E188A6D-77BD-4926-B511-0236B1729036}",NA,0,0,1,1,0
"{5662A138-11B4-444B-8AF4-81D7C30F5599}",NA,NA,NA,NA,NA,NA
"{7450146B-4320-46B8-8348-B70446FA1639}",NA,NA,NA,NA,NA,NA
"{4FF35DD3-F708-4772-8232-9DC6E6A738DC}",NA,0,1,0,1,0
"{E4BFC301-7523-4475-B3CB-21F28827A064}",1,0,0,0,1,0
"{CDBE1127-C9D2-4DEA-9203-F50E9D0BE8F1}",NA,0,0,0,1,0
"{32BEA857-CAC6-4BF1-870F-6EACE0B3293F}",NA,0,0,0,1,0
"{6A21DF04-4FF9-4723-92C0-56180E455A7A}",NA,NA,NA,NA,NA,NA
"{950C8AA8-93AA-40E2-880F-57063170590E}",NA,1,1,0,1,0
"{F8618E60-D921-4F8C-9C8F-CC2D234D450C}",NA,0,1,0,1,0
"{85E6C521-0324-47C9-B764-FD740BB3095E}",NA,0,0,0,1,0
"{644E1B41-54C3-49AE-8FDE-896B15604AAC}",NA,0,0,0,1,0
"{096A63C6-A0CE-4401-8E6D-3F1BA3CC8778}",NA,0,0,0,1,0
"{B5AEB9F6-FD9F-4214-9134-3295D719CEAE}",NA,1,1,0,1,0
"{3F02FA8C-E098-4325-B3F5-E3221DEEDD29}",NA,0,0,0,1,0
"{CB474953-02B1-4B3C-9DC8-EBE3A28656FC}",NA,0,1,0,1,0
"{ED9EA0A1-A694-4B63-8389-E851738BBF9E}",NA,1,1,0,1,0
"{31F4FA03-3244-4F83-81F9-036C42C37ED5}",NA,0,0,1,1,0
"{CA22B5FD-16E5-4EDD-BAA5-6C1C37DE3903}",NA,NA,NA,NA,NA,NA
"{2C8CD60B-F192-4C34-A396-468FF95C046D}",NA,1,1,0,1,0
"{598C0933-1694-4D58-A6DC-BF5878CF7CCA}",NA,0,0,0,1,0
"{FB2C5A82-6EE5-49E9-A1EB-8325AC7170E1}",NA,0,0,0,1,0
"{DEF55E1B-FE83-4DDA-B5B3-319FBBF319FF}",NA,1,0,0,1,0
"{DF4E5DB6-6A99-42BD-88A7-BF8638D691D7}",1,1,0,0,1,0
"{1B1F73BA-DE8C-496C-B171-7CE36C216123}",NA,0,0,0,1,0
"{59EA59DF-86CF-43F9-B97B-D245FADB8621}",NA,0,0,1,1,0
"{FF1049C0-3496-4FF8-8DC2-AD36059C8962}",NA,1,1,0,1,0
"{7B6065C4-070A-4F3E-8DDF-405758282132}",NA,NA,NA,NA,NA,NA
"{411C4A5F-4A92-4621-878B-6ED9F9E46091}",NA,0,0,0,1,0
"{D28F8133-607D-47C0-8041-5FEABE56E5F0}",NA,0,0,0,1,0
"{F55E75A7-B7F7-44AE-AAB3-226B09D8D823}",1,0,0,0,1,0
"{3DF01A86-7206-493B-B3E5-EEF03675327B}",NA,0,0,0,1,0
"{343DD009-70D0-45AD-849B-3BEE07B3C4E0}",NA,0,0,0,7,0
"{D33134C3-3E13-4371-B096-EABCCDC37C4C}",NA,1,1,0,1,0
"{A4608C94-5A0B-41C9-9C71-39E01FF7A643}",NA,0,0,0,1,0
"{AFBD5ADA-30F9-4E9E-95A0-D739EEE55D79}",NA,NA,NA,NA,NA,NA
"{33519C28-E947-4664-B967-8A533BC051B3}",1,1,0,0,1,0
"{FC46384F-5228-4BBA-B393-D17704377525}",NA,1,0,0,1,0
"{5EB28E73-0284-4C95-9121-5C771F4FCEAA}",NA,0,0,0,1,0
"{C12597ED-F124-46D8-8774-0100898F466E}",NA,0,0,0,1,0
"{7FFDB4C3-5E88-4874-BF53-476874C09F0C}",1,NA,NA,NA,NA,NA
"{1864D728-A6DA-448F-9DBD-F7042A587C58}",NA,0,0,0,1,0
"{C7DC7E14-6FE3-4FEB-B31A-8A060603CF4D}",NA,0,1,0,1,0
"{57157CFF-F66D-4169-A0B0-6EAC418A11D4}",NA,0,0,0,1,0
"{86D911B7-7678-41F7-A1C1-38A7E5D26376}",NA,0,0,0,1,0
"{7837DA1C-E02F-441D-A832-36A143EE3BD5}",NA,0,0,0,1,0
"{021BE45A-5B84-4130-95A8-6D8F3235F667}",NA,NA,NA,NA,NA,NA
"{410471D8-3485-47A1-9A3C-1FBEB6724C25}",NA,NA,NA,NA,NA,NA
"{C7ABE942-DDB4-4A1B-ADAE-664072340153}",NA,NA,NA,NA,NA,NA
"{67989B46-9A7F-4A0C-B101-EB0F72A63FC4}",NA,0,0,0,1,0
"{4C8D1AE3-005D-4985-9ECC-CCA8C11FA724}",NA,1,0,1,1,0
"{A6FAB9F1-E3A0-4878-9DAB-2223BE3090A8}",NA,1,0,0,1,0
"{22DD71CB-9A47-4B88-9903-DAFFB7D5900E}",NA,0,0,0,1,0
"{2DAB6EE5-ECD5-45C3-9FF2-11DA8F7B2F68}",NA,0,0,0,1,0
"{9A0326A4-4900-4BB1-8407-850770CD2A77}",NA,1,0,0,1,0
"{3BF414D4-6E59-4C67-A9F3-EC55E0DE441E}",NA,NA,NA,NA,NA,NA
"{66C99B2C-F2C5-4720-BAB0-85E654D077C4}",NA,0,0,0,1,0
"{F579281F-ED54-4278-8D12-D3E4AE5B4932}",NA,0,0,0,1,0
"{D9DF989B-D23A-47D7-9703-13A4510D0945}",NA,0,0,0,1,0
"{37CA1649-50A9-4129-8EE2-B4D6EF2A07C6}",NA,0,0,0,1,0
"{7B1B0E2A-371F-4FBB-ADCE-64C4C0DBB5B0}",NA,0,0,0,1,0
"{3A7863AD-EF46-4CAB-9D85-DEAF43FF10C2}",NA,1,0,0,1,0
"{BDE0367C-A484-4C65-87ED-39C2C1A4A849}",NA,0,0,0,4,1
"{734931D9-C084-45EF-BBFC-CF161763AF95}",NA,0,0,0,1,0
"{3B7BF2AA-0711-481E-BBD7-17E384C8BD45}",NA,0,0,0,1,0
"{41B8752A-C673-4E50-A4E1-4D58DEE7D284}",NA,0,0,0,1,0
"{891105CD-87C7-474A-AB4D-94647C02DEA8}",NA,0,0,0,1,0
"{176A3FE6-6AD3-4BED-BA2D-EA15D2E70D1D}",NA,0,1,0,1,0
"{A49FCE63-B689-4FDE-9775-2F4249F73017}",NA,0,0,0,1,0
"{D08250D6-F9E4-426C-87C6-A87355CCAFF1}",NA,0,0,1,7,0
"{4F41BAFB-A42E-4C1A-BA01-DF55879D1EE4}",NA,0,0,0,1,0
"{ED93DF1E-A635-4FDD-A535-6CFF263BA2C0}",NA,NA,NA,NA,NA,NA
"{85639C93-5360-47B9-A70B-8600FFC0474B}",NA,NA,NA,NA,NA,NA
"{FB0943B7-3864-41C8-90AF-58B48909796E}",NA,NA,NA,NA,NA,NA
"{9EB58AAE-7811-4AFA-9ED2-F0ADE2B22111}",NA,1,0,1,7,0
"{7D9EC824-7CCD-4C3B-B1B0-D4730CE15075}",NA,0,0,0,1,0
"{9425E717-ABE0-49DF-AE28-FAE18A810B83}",NA,NA,NA,NA,NA,NA
"{A5A0A3B4-7AD7-4D10-9098-7CEA42078A83}",NA,0,0,0,7,0
"{AA613627-3436-49DA-A32F-1CDB67BEB9EC}",NA,0,1,0,1,0
"{1F5BD4C0-A75E-4FE1-81CD-1607FEA328C1}",NA,1,1,0,1,0
"{1BB9D3CC-D660-4091-B6DC-DE8D068BD45C}",NA,NA,NA,NA,NA,NA
"{A1FEECC9-7C22-45F9-800D-1B742DB9AB08}",NA,1,0,0,1,0
"{EB4CDE24-E251-45A9-8472-FBA7991E9DFA}",NA,1,0,0,1,0
"{21D46067-413B-4DC0-AFB0-8A019BC7A563}",NA,0,0,0,1,0
"{1C572F01-4D8C-4BD3-9D0E-03BCAF334A11}",NA,1,0,0,1,0
"{AE9489FA-2592-4732-90B1-8F31024E93FE}",NA,0,0,1,1,0
"{E6687330-72DD-4770-8119-6EFE2CE140D2}",NA,0,0,0,1,0
"{9AB30120-A8A2-4CEA-B0EA-0B8803A1EA00}",NA,1,0,0,1,0
"{B8485C9D-2281-494A-A6BF-9E676EDBB224}",NA,0,0,0,1,0
"{DDA71FFA-3441-4BED-BCF1-A8546EB664CB}",NA,0,0,0,1,0
"{F29DDDB9-56E0-4D1F-ABDD-B5CA5E0AF079}",NA,0,0,0,1,0
"{58EF85ED-8E6C-4BFB-8845-65212DF757B9}",NA,0,0,0,1,0
"{99284968-407E-41E7-A893-E13F74F82D61}",NA,0,0,0,1,0
"{D0935561-89D1-44DB-A658-D51946A67085}",NA,0,1,0,1,0
"{10C8F49A-E08F-440B-AE5D-C2E56CC96ABB}",NA,0,0,0,1,0
"{7C07FA56-28CF-4F23-A909-B751F66CE06D}",1,NA,NA,NA,NA,NA
"{6171BBFC-7238-4302-B201-B2FFF3CDF453}",NA,NA,NA,NA,NA,NA
"{538083C2-AEC8-40CC-BAD4-DA443D093191}",NA,NA,NA,NA,NA,NA
"{E115094D-DC45-4352-BEDA-D878EE2FDB0B}",NA,NA,NA,NA,NA,NA
"{86D48E86-BBF8-4624-9BC1-A77CED672F93}",NA,NA,NA,NA,NA,NA
"{F34299C2-1962-4883-B110-E6A991C56AD8}",1,NA,NA,NA,NA,NA
"{4A57D30E-53F4-43FD-B422-755308AF5DB9}",NA,NA,NA,NA,NA,NA
"{0DF967FC-D5C0-494F-AFE7-52F3FE0EB3FC}",NA,0,0,0,1,0
"{81C7F842-871F-4044-8959-25DF562D8E2C}",NA,0,0,0,1,0
"{7BB8DFC0-409B-45D8-B6D3-5F533E31F255}",NA,NA,NA,NA,NA,NA
"{30D9965B-EE46-4DE5-A244-92E129167CAA}",NA,0,0,0,1,0
"{70EEF4B6-093C-44D9-8C3B-4E9797DB0209}",NA,NA,NA,NA,NA,NA
"{581942EA-FE1B-4605-A9C0-A4D6A8928098}",NA,0,0,0,2,1
"{614CC21B-5396-47BB-BC34-AC51632CFE67}",NA,0,1,0,1,0
"{504EC998-0105-4B7F-9454-DA4110B3C73A}",NA,NA,NA,NA,NA,NA
"{D2FCCB99-1781-41F2-9973-D30C0CAFD7EB}",NA,NA,NA,NA,NA,NA
"{77A1473E-533D-4131-A30A-197B9FC79ABE}",NA,NA,0,0,7,0
"{6F27677F-DC2F-4CFD-B61A-1846EF92B726}",NA,0,0,0,1,0
"{4FFB45F7-3B18-4B74-A383-1BAAF51633E3}",NA,NA,NA,NA,NA,NA
"{F92EF216-A46C-4786-8EA8-5808A579A845}",NA,0,0,0,1,0
"{72C1D9EE-E4F5-47ED-BED1-989A30D23C24}",1,0,0,0,1,0
"{0B404C75-A52D-45F0-8D9A-47710E9DF0A0}",NA,0,1,0,1,0
"{A9E7909F-0989-4BE3-A542-C9133AD44331}",NA,0,0,0,1,0
"{EE5D3F31-8C0A-4A52-8E4F-C6FAE9B3E62C}",NA,0,0,0,1,0
"{A2FFE80E-FCCB-4001-BE9A-CF5E9CA78F11}",NA,0,0,0,1,0
"{CD30A165-7CBB-4D51-9B56-40A35333C958}",NA,1,0,0,1,0
"{C9F8AA64-E576-40C7-940D-2E3CD1EB2850}",NA,NA,NA,NA,NA,NA
"{F2EEF5A6-7B81-4602-9E8F-82B41CB046DB}",NA,0,0,0,1,0
"{E4C2D67A-D356-4C09-B2DB-64C3539F5C7B}",NA,1,0,0,1,0
"{D0645EAD-EBDD-413A-9711-94D81762D044}",NA,NA,0,0,7,0
"{99872D9E-FB14-4D0F-AAB7-424E949FFF01}",NA,0,0,0,1,0
"{246052B0-EAA8-45B7-BA70-C8D9451E76BC}",NA,0,1,0,1,0
"{1A389BC8-3259-4F95-BD77-E5BB29C638EF}",NA,1,0,0,1,0
"{D908BBE6-C444-4483-A223-8E5ABC2B4300}",1,1,1,0,1,0
"{4A263CA3-74E6-4D16-BD75-D8429DB375CF}",NA,0,1,0,1,0
"{84221228-7443-4D03-A6B1-19DB640C1B50}",NA,0,0,0,1,0
"{B2F1A4FB-2FC3-430C-95E0-1EE58D967B91}",1,0,0,0,1,0
"{06EA43F9-5B2D-4565-A436-B610F6F2A0C8}",1,0,0,0,1,0
"{2E74D0C4-01AF-43C2-BECF-37F15541C8B4}",NA,0,0,0,1,0
"{E2B6297F-BF98-434D-8B45-CAB3FBB780DD}",NA,0,0,0,1,0
"{8378D98A-CC06-47C2-B6D8-48EF8FCA275E}",NA,0,1,0,1,0
"{A546B998-11C6-49DD-8087-B225B11CDE34}",NA,1,0,0,1,0
"{43C84E7C-67CA-42FB-B287-B0E94084BC6D}",NA,1,0,0,1,0
"{721D16D8-428A-477D-B38A-845E492CE40F}",1,0,0,0,1,0
"{D73DB8E3-F679-431B-B6B4-CB1E320536D5}",NA,0,0,0,1,0
"{FFA3EFAF-0414-4FA0-AEBD-AD47A56C95B5}",NA,0,0,0,1,0
"{5F34258D-9F06-40C0-A320-557B83A8C540}",NA,0,0,0,1,0
"{38994D6D-262D-4EEE-848F-A47F8C328221}",NA,0,0,0,1,0
"{02F9C31B-6EE1-48F5-81A3-A20AF083D3D8}",NA,1,0,0,1,0
"{2F4920A5-7DCD-4D15-9B37-B402EED3C3FD}",NA,0,1,0,1,0
"{B68B54D7-28AD-4D74-91BF-D826559EC269}",NA,1,0,0,7,0
"{B910B224-BF36-4892-9AFF-414932C42821}",NA,0,0,0,1,0
"{93557531-6AD0-4044-811C-DB252572AA49}",NA,0,1,0,1,0
"{9009C042-BDDC-4EDE-8C4F-FD59D20F1A2D}",NA,0,0,0,1,0
"{29CD84CE-8231-408F-A7AA-B5FCB2E39318}",NA,0,0,0,1,0
"{F2D6626F-D5B6-45A6-B9D9-09310ABB6B9B}",NA,0,0,0,1,0
"{4713B0CF-BD6B-4A82-A820-F1CAED2A70F1}",NA,0,0,0,1,0
"{B8837D5D-3A98-412E-8C55-B7608AC60EA1}",NA,0,0,1,1,0
"{85085830-9EA6-4301-A70D-88DF29B829E6}",NA,0,0,1,1,0
"{761026B9-9062-4834-929A-D9B189D3AB8C}",NA,0,0,0,1,0
"{9EF79537-2539-4792-A9A5-11D144CCCC72}",NA,0,0,0,1,0
"{5A0896F3-497B-46B5-B0D8-B0C9014C91BA}",NA,0,1,0,1,0
"{8A2A379C-B4F2-411D-8FB1-78FA5DD7A41D}",NA,NA,NA,NA,NA,NA
"{479D85FE-A136-498F-9CDA-6BC060631F8B}",NA,0,0,1,1,0
"{856D9C8B-53B5-40E9-83B8-5C3F96D3D9A6}",NA,1,0,0,1,0
"{DA18F705-69D0-4CC3-B81F-90B56576D72B}",NA,0,0,0,1,0
"{7B19B5B3-F6FE-4E41-AFE6-776857D69303}",NA,0,1,0,1,0
"{24991A70-5C46-46DC-9224-10AF17E4AA56}",NA,NA,NA,NA,NA,NA
"{091F6F9B-F892-4D9F-A544-BC0BABF513CD}",NA,0,0,0,1,0
"{293321CE-C099-4485-AD51-6655A7971B69}",NA,0,0,0,1,0
"{111B34B3-5D7B-4B20-8FD2-2EAF62E939DC}",NA,NA,NA,NA,NA,NA
"{F854B1D5-8FEB-4AD2-A3A6-C18A931C1628}",NA,0,0,0,1,0
"{C67F6993-E329-4242-9F0F-10E1DDEC4B5B}",NA,0,0,0,1,0
"{C5A599F8-EC9C-4823-98E5-960084CEAC68}",NA,0,0,0,1,0
"{BB9CBBDE-4B01-4F15-A759-FD63A2B93BD9}",NA,NA,NA,NA,NA,NA
"{1E052638-02B3-43DF-B643-769681C9377E}",NA,NA,NA,NA,NA,NA
"{36ACE35A-D7DB-4762-8202-F944469D4F82}",1,NA,NA,NA,NA,NA
"{994D1BE5-56B2-405E-BD57-67060F73D7ED}",NA,0,0,0,1,0
"{D93DFB91-2F1D-45F8-93B8-14BA43D73997}",NA,1,0,0,1,0
"{D0EF3256-1B30-4FB1-97BA-6058B5B73EB6}",NA,1,0,1,1,0
"{52AE9F7B-51FB-45F8-858E-ACE060341CC7}",NA,NA,NA,NA,NA,NA
"{DBDDB547-95D4-430B-AF8C-05DAA7CBD88C}",NA,0,0,0,1,0
"{F3C61DEF-17B2-4FDC-8E76-960C9F33B093}",NA,0,0,0,1,0
"{9FDBA60E-0535-4526-8128-965B2FB01C51}",NA,NA,NA,NA,NA,NA
"{89C8C92E-A9CA-4796-AEBD-E2E50B5932C5}",NA,0,0,1,1,0
"{AB0E1B3A-75CD-4C5D-AF03-76B905813760}",NA,0,0,0,1,0
"{5C27F800-9C5B-44CE-84F4-AE3FB31520A7}",NA,0,0,0,1,0
"{D9BC7A6D-6D1D-4C5F-8BDF-4A6FC109BC9B}",NA,1,1,0,1,0
"{2B9C182F-549E-4030-B6EA-ECE7A160C5FD}",NA,NA,0,NA,7,0
"{6A739D10-A3A8-4540-A510-26E7669AACFE}",NA,1,0,0,1,0
"{0F7C8ACC-94A8-4EE9-B86F-9FC03A603C86}",NA,1,0,0,1,0
"{41A0986E-2F84-4CF1-BDCA-B3A91663AB06}",NA,0,0,0,1,0
"{9D2E7831-8B5A-4BA0-BB9B-DB0F9C868EB0}",1,NA,NA,NA,NA,NA
"{24BFA86B-2942-4E33-8C01-2AC326E40284}",NA,0,0,1,1,0
"{417D1A8F-117A-4112-9147-ABD8F1CDB07C}",NA,0,0,0,1,0
"{B4D24231-44FD-46B4-BD3E-98AED5A8EFA2}",NA,1,0,1,1,0
"{776DA644-B248-4866-8FA4-31FA0C56E0AC}",NA,NA,NA,NA,NA,NA
"{8FBEB466-2924-423A-A569-00F4F57E46AC}",NA,1,1,0,1,0
"{BF7A7A5A-4523-40DF-9ECD-3036F11726A2}",NA,1,0,0,1,0
"{6586C39D-70A0-4ED5-BF70-2A38D373804B}",NA,0,0,0,1,0
"{5652A805-D615-4E5C-898A-54D2ABA520EC}",NA,0,0,0,1,0
"{5D730EEE-F776-458F-9BE0-AE1CDDFBAADB}",NA,0,0,0,1,0
"{DB56B32C-A9C0-4E78-B091-6CE1B38BBFFF}",NA,0,0,1,1,0
"{9215D553-60F4-46EB-82A5-CEE714904F95}",NA,0,0,0,1,0
"{3A663E82-82E5-46AA-B7FC-40DE24BEDE45}",NA,1,0,1,1,0
"{8C52AEBF-C0E2-4AF7-AEB0-DC006950750E}",NA,1,0,0,1,0
"{C6558EBE-BC0D-4BE7-9843-0E63FAAE1EA0}",1,0,0,0,1,0
"{3F3591FB-CBDD-41EC-8E04-2DC316ED4294}",NA,1,0,0,1,0
"{7B2E93B2-3113-40C0-B26B-8380EE43DB66}",NA,1,0,1,1,0
"{F7257D8E-A5F3-420E-82DC-EE0B10F3D589}",NA,1,0,0,1,0
"{157A390E-2DC1-4A1F-8EA4-3A7E0F7C1ED2}",NA,0,0,0,1,0
"{521C61CF-59DF-4C2C-BBF8-BE9A70926453}",NA,0,1,0,1,0
"{8C34FB7F-CF63-4738-9DF1-F6A3220FD23C}",NA,0,0,0,1,0
"{6012E9CC-1F08-4A8C-A724-EB2C8C5A5FE6}",NA,0,0,0,1,0
"{17CE437D-2E14-4064-85B2-B794E4057A67}",NA,0,0,0,1,0
"{7A67C601-6E96-4C57-8F60-46FFB3794DB2}",NA,NA,NA,NA,NA,NA
"{1739DEB4-91FC-4033-B747-FC8EFA539751}",NA,0,0,0,1,0
"{BAC4A38C-0E08-4DEC-AACB-56FB393EC211}",1,1,0,1,1,0
"{D8EBF73C-C87C-49C5-A10A-6B52C2A4CB02}",NA,1,0,1,1,0
"{B31DCB39-C8F9-4FC7-8AD8-4DBAEAFEA75C}",NA,0,0,1,1,0
"{17D3685A-3BCE-4A52-BB3C-F53EFF291ED8}",NA,0,0,1,1,0
"{78E5A011-FC6D-4BDB-81DD-6DF7E8FDDCCB}",NA,1,0,1,1,0
"{A17FD3DD-FFF9-48D6-BCED-99EC6074C334}",NA,1,0,1,1,0
"{92781B11-2CF1-46CD-A14E-8A618FA9A83A}",NA,1,0,1,1,0
"{FE2CE1E3-E977-4B3C-9209-25E15FFDD361}",NA,1,0,1,1,0
"{3C445897-B5AA-41CB-9B6F-D12509277A44}",NA,NA,0,NA,7,0
"{F0D6D1B3-841A-49C8-BEB6-970A93CBD571}",NA,NA,NA,NA,NA,NA
"{95D4CDBC-3FE1-4262-B1DF-BA5A61FAF361}",NA,NA,NA,NA,NA,NA
"{10D4C169-2114-486F-81AD-DA8F5C01FA89}",NA,0,0,1,4,1
"{4A44D6E1-D58C-44A3-B0D3-2378911EC9B7}",NA,0,0,0,1,0
"{2EC22778-C266-499C-B5A2-2355DD8A02B1}",NA,0,0,0,1,0
"{5BCE7ABC-483B-46E3-B3C3-FB1300F9CF20}",NA,0,1,0,1,0
"{737A6766-4561-4236-9E65-01DB8A8E35E5}",NA,0,0,0,1,0
"{D33F1ABC-76F2-4EE8-97C5-61D93AA9A907}",NA,1,0,0,2,1
"{C344428C-1552-4101-9A53-05C9A28DCDC4}",NA,0,0,0,1,0
"{3F112879-0A97-4DB7-8C5A-8A39C41BC770}",NA,1,1,0,1,0
"{6E8EDA38-ED30-4561-B48A-A86808E56FB4}",NA,0,0,0,1,0
"{BBE123A2-6FF0-436D-A519-539FE59A4456}",NA,1,0,0,1,0
"{8C30AE55-ACA1-4916-809A-817D0E5D53D9}",NA,1,0,0,1,0
"{F19A54F9-9B66-4F95-B16B-FA62FF368E9D}",NA,1,0,0,1,0
"{4E20EEE5-2E22-43B3-A823-90D2732BD885}",NA,0,0,0,7,0
"{7074B7F2-5A33-44C1-8159-70CD3E45E066}",NA,1,0,0,1,0
"{8DFE096C-82A0-4B0D-B233-B889C021CAE0}",NA,NA,NA,NA,NA,NA
"{C03C75E0-7892-49D3-8E1B-2B512C5E0C0F}",NA,NA,NA,NA,NA,NA
"{89C02397-8AAB-4E81-A74D-0E41E91335F0}",NA,0,0,1,1,0
"{B59DB6AB-E13B-410B-987B-6EA0241EC051}",NA,1,0,1,1,0
"{CAE0F49D-5723-4404-B30F-39F549D5ED59}",NA,1,0,1,1,0
"{5BEBDC4A-0581-4126-989D-6B65B010C93E}",NA,1,0,0,1,0
"{E2A545FD-CC66-4972-8B8C-BC3EB064B7BF}",NA,1,0,0,1,0
"{698FF6FF-8668-4217-A1DF-0FEF04DB9F05}",NA,1,0,0,1,0
"{83A32D37-DFF6-4127-BCD6-1DFADE8E487B}",NA,NA,0,1,7,0
"{FA6996D8-0136-46A9-B491-563B46FAD956}",1,1,0,1,3,1
"{7198D457-6F86-45BF-9272-9071D2A3A7C8}",1,1,0,0,1,0
"{5D4C2A37-66A0-4DDE-A968-702FD6278B64}",NA,1,0,0,1,0
"{5D1C5849-AE88-4778-9370-437AE25789BD}",NA,1,0,0,5,1
"{8757305E-5110-478F-A71A-86DDC70C08BA}",NA,1,0,1,1,0
"{C2D65E90-D10F-472F-873D-5BBE7350FF64}",NA,1,0,0,1,0
"{13F2BA46-40A8-4398-830D-B131A36A1D9A}",NA,1,0,1,1,0
"{26EEED74-D630-46F2-AD00-4ED765D8D9EE}",NA,1,0,0,1,0
"{09E126B5-9AEE-469F-86A3-F6C8C38C77B6}",NA,1,0,0,1,0
"{765DBD5A-1D41-46C3-8416-C51EA25DF215}",1,1,0,0,3,1
"{C10FB84E-B021-4FB1-B906-C1225CB8B76E}",NA,1,0,1,1,0
"{7E5C0F44-412C-416E-982B-7CA6480049D3}",NA,1,0,1,1,0
"{EF6EC131-6F9A-434F-A936-47E276A96F7E}",NA,1,0,0,1,0
"{57ED0834-03B1-4148-A6DD-D612E0C8D3BA}",NA,0,0,0,1,0
"{1A3244E0-0513-49A7-95DA-2CB7EB299EF7}",NA,1,0,0,1,0
"{B2541BEE-D414-44E0-BAC4-D0ECD60F8C22}",2,0,0,0,7,0
"{3659DCD5-72A6-4BAD-BF05-128001EFDA12}",NA,0,0,0,1,0
"{CF997E53-9FE9-4451-93CC-141C3FC31DDD}",NA,0,0,1,1,0
"{4319D5C0-B533-4BFD-A558-C5B33D151340}",NA,0,0,1,1,0
"{A1BB319E-2689-4923-9CCD-F4EB9E94EB86}",NA,0,0,0,1,0
"{B1501174-0F04-4E83-B8B3-61D62559124F}",NA,0,0,0,1,0
"{7FC57E86-912D-40FB-AB34-1A152CA309CD}",NA,0,0,0,1,0
"{E779428E-FB18-4293-B01F-B37015E8EE72}",NA,0,0,0,1,0
"{05D708BD-5DEA-48F6-9E44-4BA1DBFD0B9E}",NA,0,1,0,1,0
"{1AD4A1EC-8750-401D-B09B-4CDFF8479209}",NA,0,0,0,1,0
"{75446A14-A2FE-4E11-B07C-7E4301C5BF88}",NA,1,0,0,1,0
"{7FF74222-5A8D-4C82-9334-8AE776EFBFED}",NA,1,0,0,1,0
"{D2AE16A7-9DBC-4025-BB4A-863304BE1ABD}",NA,1,0,0,1,0
"{8E6737B9-5187-41AC-BDD9-9BE8EE0A6516}",NA,1,0,0,1,0
"{CAD3DB1A-06EF-4233-A944-B7BC678A0A23}",NA,0,0,0,1,0
"{67CD0816-BE17-47DC-9011-24BEE428BFCA}",NA,1,0,0,1,0
"{40D79654-CEBF-4A51-A89B-B12A334DBACF}",NA,1,0,0,1,0
"{D4B0EEDE-D83A-4849-874C-CB1539E8ABB3}",NA,1,0,0,1,0
"{60E4FF4F-9495-4B20-812D-45ECDB30EF2A}",NA,NA,NA,NA,NA,NA
"{BB05F85C-0B3B-49A2-9F77-E0BAA1AFC1F7}",1,0,0,0,1,0
"{6A804877-E386-4356-A6D9-B7A5FFC215DF}",NA,0,0,0,1,0
"{5EDDD179-55DA-4AAF-8A02-4AC9A8436B2A}",NA,0,0,0,1,0
"{44D35F92-D6D5-4BAD-A3B3-39EF950A1682}",NA,0,0,0,1,0
"{331662C4-4468-47C6-A404-499DDE45131F}",2,0,0,0,1,0
"{FB2EF01E-F8C7-4BEB-AC71-29CBC7803F09}",NA,0,0,0,1,0
"{24ED276B-49E5-444D-A8BD-48249AC52FCA}",NA,1,0,0,1,0
"{73B90AB2-B12F-4BE7-A1DD-CFF1F287FC3A}",NA,0,0,0,1,0
"{B8ACE294-29A6-418C-B769-5777DFD8C4E4}",NA,0,0,0,2,1
"{B0EBB197-87B1-4FC3-B80B-5FCD4FB1D98E}",NA,1,0,0,1,0
"{30B02374-E96A-4E09-B50A-A26B66F58003}",NA,1,0,0,1,0
"{5DEE7CB3-A233-49E2-86BD-37530B3FEFBB}",NA,0,0,1,1,0
"{04D92D05-EED0-47D1-B704-88ACBF847AA6}",NA,0,0,1,1,0
"{AE85D155-FB06-4158-B7C9-6E33F88680EF}",NA,0,0,1,1,0
"{39B272F4-8959-44B2-895C-D8A403038B15}",NA,0,0,1,1,0
"{68E6838D-503F-4F43-8A7D-3B9AA77FD4ED}",NA,0,0,1,1,0
"{7AE8068B-20CD-4401-BB6F-393571D7C70D}",NA,0,0,1,1,0
"{878DAF11-E7D4-42BB-8C1B-F4AEC0CB6A7E}",NA,1,0,0,1,0
"{19098C95-F1FC-4E9F-B8A4-EAC0CE147290}",NA,0,0,0,1,0
"{F3203F56-0F08-439B-8A20-3D2FC06D5FEB}",NA,1,0,0,1,0
"{26B51185-130A-4A39-BFEB-DFFDDDEA44A0}",NA,1,0,1,1,0
"{8F6C2B3A-6F6A-4D38-903F-D33B4420641D}",NA,1,0,0,1,0
"{60B1CC4F-26BE-4104-868C-33EDF42D4256}",NA,1,0,0,1,0
"{D4B788CC-B458-41F1-BBCC-071487ABC6A4}",NA,NA,NA,NA,NA,NA
"{02596A51-B883-4BEE-AC7B-5DF7CAAC3275}",NA,1,0,0,1,0
"{E6306443-7609-4155-8170-32F6411985CA}",NA,1,0,0,1,0
"{981CA3E9-142B-4365-B5B7-2083B4914589}",NA,1,0,0,1,0
"{CC77A831-98EB-4483-92F7-EFF144CACEB2}",NA,0,0,0,1,0
"{434B4B91-BF3D-4E60-A3FF-6914D3AF6A19}",NA,0,1,0,1,0
"{8DB04BB8-6446-4BCC-9C8E-3F5BDDBF2F7B}",NA,0,0,0,1,0
"{DC16D737-3C02-4CAF-BFE5-7A9FEF926E43}",NA,1,0,0,1,0
"{B0A4647D-3051-4B8B-920B-7632D4B30604}",NA,0,0,1,1,0
"{ADBA3B03-FECC-4F71-90EA-BEF43EB79FDD}",NA,0,0,0,1,0
"{8889ACC6-A703-492B-AC4B-DB2C4A1A0D64}",NA,0,0,0,1,0
"{E91A253F-D320-4064-96E3-5A0C9E76BDD2}",NA,1,0,0,1,0
"{553B00A4-CBE9-470A-81B4-9669B29665FA}",NA,1,0,0,1,0
"{F4EADC5B-567A-4AAC-8E7C-55C1E25CBE32}",NA,1,0,0,1,0
"{D09E4908-5674-4B0E-887E-EF7DC7BEE1F7}",NA,1,0,0,1,0
"{CD9607E8-45BA-4075-BC18-F659A20D9C84}",NA,0,1,0,1,0
"{A8F462A1-3D15-4617-B387-9F5D5ECEA988}",NA,1,0,1,1,0
"{85055E98-803B-43E9-91D0-BE2BB8BFABB2}",NA,0,0,0,1,0
"{7982F000-47D5-455C-910D-5D791E91A325}",NA,0,0,0,1,0
"{7F0040B8-7A12-4F62-B5CC-0723299E2065}",NA,0,0,0,1,0
"{881E14A3-A265-4A26-BF29-CCE2E9CF153B}",NA,0,0,0,1,0
"{E21873AF-E769-4E62-9DA6-3E14299C69DA}",NA,0,0,0,7,0
"{AE9E9C73-0A63-4115-A841-84AC7EF52C58}",NA,1,0,1,1,0
"{8BCE9622-7EE6-4CD7-8401-D4CABFE6BE66}",NA,1,0,1,1,0
"{419E9A58-CAB9-433A-9459-13AE1885E58E}",NA,0,0,0,7,0
"{7BD15C12-50F4-430E-8942-9C7A4A354A50}",NA,0,0,1,1,0
"{D2E4BC0A-9531-4D1E-AFC4-2BACE914BC08}",NA,1,0,1,1,0
"{DE9B3B94-2274-4891-8207-5C409BA81674}",NA,1,1,0,1,0
"{CCF1510C-8113-4E0A-BE5A-D66E2CACA7E8}",NA,1,1,0,2,1
"{FE517C34-52C6-4CD0-91F9-A558132D46E3}",NA,NA,NA,NA,NA,NA
"{98C65450-1514-4A83-B076-CC04EC68374E}",NA,NA,NA,NA,NA,NA
"{62A5A221-A2BD-4512-9320-DA4F4D1CF5A9}",NA,0,0,0,1,0
"{D2F31FD9-7CCF-408C-BF9F-EE457F041383}",1,0,0,0,3,1
"{33A69803-B694-4B04-A4A5-D236B4366427}",NA,0,0,1,1,0
"{AEA04ECE-DF1F-4A09-B56F-6925CDAAFCA1}",NA,1,0,0,1,0
"{729B35AF-C622-4A1B-BE89-D7A19D54A785}",NA,0,0,0,1,0
"{B7F738FF-2E6D-415A-BB23-6BD93203AB3B}",2,0,0,0,1,0
"{155B43AE-7A1E-4DC3-9EF7-F68056167839}",1,1,0,1,4,1
"{47EF47A1-99E2-4F3C-A330-11188A9D5C8F}",NA,0,0,0,1,0
"{D6A1AF1C-6F1D-435C-AE9F-49AA629BE3E0}",NA,0,0,1,1,0
"{FB6763A8-DD4D-46D8-AD55-41290753615D}",NA,0,0,0,2,1
"{C2E811CC-0F4F-40E1-8BE9-1716C9F50C25}",NA,0,0,0,1,0
"{857859FD-D797-49FC-9AAB-6A253BA43BFD}",NA,1,0,0,1,0
"{B14A6751-2281-4236-99C4-786CDAB5EAD9}",NA,0,0,0,1,0
"{F72291E7-2FE8-47AB-8390-04F7CCC5A687}",NA,0,0,0,1,0
"{DCA81DED-0F11-4F9A-86C7-985F8C5173F1}",NA,1,0,0,1,0
"{0CB65BA5-1660-4148-9B9D-1DE0C7280434}",NA,1,0,0,1,0
"{29F73CAC-4834-434D-9126-9A9E702A59A1}",NA,0,0,0,1,0
"{1D466E7C-7C60-41ED-8EBF-90D9BEA808C9}",NA,1,0,0,1,0
"{300C5CE1-60F0-4053-ACB6-B7B018C55FE7}",NA,1,1,0,1,0
"{763D2EBB-86C7-466C-8A0E-7B9F6C346384}",NA,1,1,0,1,0
"{A5460F6E-3094-4E48-9C1D-1E348204958A}",NA,NA,0,1,7,0
"{0EEBA685-4B0D-4E09-A7B2-54B8B423A5AD}",NA,0,0,0,1,0
"{BFE0F977-F040-43F9-9D96-50AAEDBB4362}",NA,0,0,0,1,0
"{7099EFD8-905D-44A2-B9C2-24E26FAF1AD4}",NA,0,0,0,1,0
"{34FEA26E-A63A-4A7B-8F52-A3954EC1E83B}",NA,0,0,0,1,0
"{751A6E6A-4953-4F83-823B-F19B35A6C5E2}",NA,0,0,0,1,0
"{EA7F561C-8E37-4ABA-9DD4-1F953228D7BA}",NA,0,0,0,1,0
"{409AE0FB-8133-46D9-8581-0D59DA1C9764}",NA,1,0,0,1,0
"{6549E714-ECB9-48B7-BA2C-BFAA8B50CA47}",NA,1,0,0,1,0
"{118311D6-ADBC-4F5F-9F13-5BE241012CE1}",NA,1,0,0,1,0
"{D1E96E11-471C-49DC-A21D-66582174F9DB}",NA,NA,0,0,7,0
"{BA6C61B8-E2E6-45BD-8FC6-40E811C7C204}",NA,1,0,0,1,0
"{2A791271-7D58-48BB-B826-AB74DAD0CCEA}",NA,1,0,0,1,0
"{68B5BE19-CAEB-462C-8959-4EE0B8005A14}",NA,1,0,1,7,0
"{7CD2F77A-E87D-418C-8787-EE6FD25FEC41}",NA,1,0,0,1,0
"{860C73AD-D8DC-41A3-8E54-576D07A626F1}",NA,1,0,0,1,0
"{4F33A830-FD5F-4378-BD3C-72E9710006C9}",NA,1,0,1,1,0
"{E68E88DB-F63D-4B23-A013-55932CDE6506}",NA,1,0,0,1,0
"{34B6A562-E581-4C88-BA52-28D82E23DF77}",NA,1,0,0,1,0
"{0605D3E5-6929-4102-8089-774868EDD6EE}",NA,1,0,0,1,0
"{604CB6E2-49C6-4F60-8CEE-E485629F5CF2}",NA,1,0,0,1,0
"{D76A8E7E-1BC2-42EB-80C6-61483FF907EB}",NA,1,0,0,1,0
"{C8152E2A-AFB4-4B84-AE34-647B44F1BDBE}",NA,1,0,0,1,0
"{9AB7641B-FF5F-403E-B7AA-71A6913AAB65}",NA,1,0,0,1,0
"{CAA0589A-8CB5-4A47-8240-B20D6D160EAD}",NA,1,0,0,1,0
"{37E5C11C-2CCF-4CE6-9D6D-14C66E2C0A78}",NA,1,0,0,1,0
"{F08B775E-47E1-4356-A725-A023BE7FF582}",NA,NA,NA,NA,NA,NA
"{76980E0F-9A31-43E4-86AD-57DDB7926B1A}",NA,1,0,0,1,0
"{2D0E0DBD-0976-40D4-ABE8-6377EDC1DABA}",NA,1,0,0,1,0
"{7BA46DE2-59D0-4291-891E-AEC82949A7F7}",NA,1,1,0,1,0
"{DA77C55B-C0F8-4EAD-B5FF-A17455B555BA}",NA,0,0,0,1,0
"{A6ED5A53-397C-4FDB-BC9A-A12380BEFB86}",NA,1,1,0,1,0
"{BA6F0A07-6EEC-454B-BAD6-565363FD7B8E}",NA,1,0,0,1,0
"{6EB0E50E-B4A8-4EF8-BD02-DA1E8F4F52E8}",NA,1,0,0,1,0
"{65AC91C0-3BE6-4428-BB76-2F2B9C0D83E0}",NA,1,0,0,1,0
"{347B4070-08A2-4A39-A2FF-D46AAA2D46F5}",NA,0,0,0,1,0
"{E3121641-28CD-4DE7-A83A-947CA6578B03}",NA,NA,NA,NA,NA,NA
"{83F5C2BA-94A8-4488-90BC-228A1896EB20}",1,1,0,0,1,0
"{115C18F8-650F-4D9D-B15C-84348336F7DA}",NA,1,0,1,1,0
"{E4ACEA77-0D31-4A17-B8F1-FD990D661AD5}",NA,1,0,0,1,0
"{E4D07F9A-0339-41F0-B389-277321CA420D}",NA,1,0,0,1,0
"{2FED6254-2DF2-4B13-AE91-CF5F4A580C0C}",NA,1,0,0,1,0
"{940A8BE0-EEAC-401D-B67A-09A8289290C1}",NA,1,0,0,1,0
"{51595D55-A02B-4067-9F6A-568C7DD46597}",NA,1,0,1,1,0
"{AF490506-49AD-4E02-AC8B-C1DE52B584A9}",NA,1,0,0,1,0
"{F9455D37-F2E6-4309-B4C4-CC62EFFB5CC5}",NA,1,0,1,1,0
"{B494D4A4-1ED6-42E4-83B0-9ECE88083314}",NA,1,0,0,1,0
"{AB41B7A3-A7D5-4AB4-B573-A89EFE4983C1}",NA,1,0,1,1,0
"{E63A2442-5AC3-48FF-8CC9-0651AD1AA0D7}",1,1,0,0,1,0
"{E07A54E8-0309-4602-BB38-B7F387C601CB}",NA,1,0,0,1,0
"{5D129842-58B2-47B0-A41E-D8D800F6C3AA}",NA,1,0,0,1,0
"{B88C194C-7C27-4DAD-9DCC-A00A1DF50940}",NA,1,0,0,1,0
"{C21C71C0-58E0-417F-A8BB-FD67530A8479}",NA,1,0,0,1,0
"{1EBB5583-1138-45B4-A569-A68C540B3D0E}",NA,1,0,0,1,0
"{C39754B5-3991-422D-B3D4-00B9B5639F59}",NA,1,0,0,1,0
"{51F512AF-81DB-4F26-9912-A2C975FD4858}",NA,0,0,0,7,0
"{1E6A986B-AEB1-4AD9-9627-E8D49F7F61A0}",NA,1,0,1,1,0
"{58BB39C6-3A76-4BC7-9B80-1ED7E2AC36D1}",NA,1,0,1,1,0
"{4A0E881E-A3D5-4400-826D-2A466E5FD463}",NA,1,0,0,1,0
"{781569B6-14CE-46B8-ACF9-48826FE5535D}",NA,1,0,0,1,0
"{253C1BA4-FBB6-4640-BD1A-A6E78869FE90}",NA,1,0,1,1,0
"{1A257EF6-3081-4C6A-A49F-A451A4AC6189}",1,0,0,0,1,0
"{6A8CF4BE-9721-4421-8BDB-B6D1358F6D15}",1,0,0,0,1,0
"{D6EF82DC-BBE0-411A-B7E0-7ECF4D8488E2}",NA,1,0,0,1,0
"{098756E8-203E-4864-84B6-F23826464E85}",NA,1,0,0,1,0
"{44311A08-D63E-4E8D-B140-2BE25692EE4C}",NA,1,0,0,1,0
"{148FAEEF-546C-4C44-806A-784EFDBDD6E5}",1,1,0,0,1,0
"{F42506E6-C85A-495A-834D-DADB58847B1E}",NA,1,0,0,1,0
"{F2432E0F-1711-4345-861E-D7FCDE05EBBE}",NA,1,0,0,1,0
"{3D0BBA17-5C1F-4292-8471-541F91D6342F}",NA,1,0,0,1,0
"{132D8270-4843-43E1-BAC2-CC70C4695FA6}",1,1,0,1,1,0
"{49B42D8C-32B8-4885-A9C8-1D2315F53027}",NA,0,0,0,1,0
"{085600E3-E215-4F72-B5DF-45C34A16137A}",NA,NA,NA,NA,NA,NA
"{DFA12EDD-0282-4DF6-B9B4-C779C5D8C749}",NA,0,0,0,2,1
"{1AD3313D-AF93-44F0-A3C5-6951435DF095}",NA,0,0,0,1,0
"{74E2702F-FFAC-4174-9737-D2AFCAD46219}",NA,1,0,0,1,0
"{8004CAA9-A9F3-4EA4-88A0-2546B4135B37}",NA,1,0,0,1,0
"{931CBBC8-B741-49BA-9541-F0C017615FDA}",2,1,0,0,1,0
"{104D2BE9-A7BC-45E6-A410-FB305418F1DE}",NA,0,0,0,1,0
"{554EFB1C-DB69-4A85-BE60-ABEA3D7DFD01}",2,1,0,0,1,0
"{D8D086C7-8EC7-409F-9476-A087B4B8F6B5}",NA,1,0,0,1,0
"{2C3CE32A-4661-48F1-B08E-05A151EFB12F}",NA,1,0,0,1,0
"{3C0DE41C-9908-47A3-838D-ED30A8A33340}",NA,1,0,0,1,0
"{87954FA1-F798-466A-9857-BEAED38F43F6}",NA,1,0,0,1,0
"{0D33B493-1CE9-4437-98D2-64D8BE283B4F}",NA,1,0,0,1,0
"{879B01F7-5F8D-41E6-93EE-AA3F1D7AB149}",NA,1,1,0,1,0
"{101C216B-78FD-4EF1-B281-E85231D234E8}",NA,1,0,0,1,0
"{C855A8F0-062C-4013-9425-E850EDA5EAC3}",NA,0,0,0,1,0
"{F838F589-FEB0-4EDC-802B-40E13C3E4CC0}",NA,0,0,0,1,0
"{926900F3-68E8-46B8-987E-0E440ECFA301}",NA,0,0,0,1,0
"{AC6E65A5-50D3-4424-87E1-4AE51789EA17}",NA,1,0,1,1,0
"{9BEF7303-C9B6-4550-982B-C9C384986251}",NA,1,0,0,1,0
"{C5AD7508-B39F-4C9F-885C-249BC8239424}",1,0,0,0,1,0
"{1B43B059-587F-4D75-9082-890F463A0685}",NA,0,0,0,1,0
"{EC204F63-5C29-49D2-A918-4165F4C7AF3E}",NA,0,1,0,2,1
"{F970C2C9-539A-4DED-B571-1724AB8DBC6D}",NA,0,0,0,1,0
"{33584F83-32BD-4346-92A9-79FD2D6504FB}",NA,0,0,1,1,0
"{0BA76FAC-7660-4A28-8E13-1D54AEE8F5B2}",NA,NA,NA,NA,NA,NA
"{219D1A56-4377-42D2-A504-32C8449B2524}",NA,1,0,0,1,0
"{E83451B1-5B9B-4F72-98C8-A08607D51218}",NA,NA,NA,NA,NA,NA
"{DC263FB9-9CF3-4E52-99C8-F480139C7749}",NA,0,0,0,1,0
"{1E7443F0-C4EB-4A69-8DB1-26EE3548A337}",NA,1,0,0,1,0
"{06BD97A9-7334-4627-B151-D8A6E376703E}",NA,1,0,0,1,0
"{E27A6284-D0E4-49F8-A91F-F2940F4C1D47}",NA,1,0,0,1,0
"{82A4C5F6-294F-4B4D-A9D2-80ECE3C8BE57}",NA,0,0,0,1,0
"{DB9D7BB9-366A-4786-B911-7522B93D3FF4}",NA,1,0,0,1,0
"{FE311317-1224-463E-8E1A-6C716F48AF9F}",NA,0,0,0,1,0
"{E35F8CE4-4B20-4BF1-958B-637BAACFBF22}",NA,1,0,0,1,0
"{08149CFE-1916-49C7-9C13-687B8F8B94E1}",NA,1,0,0,1,0
"{BD940F23-0D86-4E6D-B3CA-FF479DDE91D8}",NA,1,0,0,1,0
"{7810B1CF-483B-4A5A-9893-FE66F6B7696D}",NA,1,0,0,1,0
"{DE3E5594-49F5-431A-B9C6-12BB8BC2C2BB}",NA,0,0,1,1,0
"{270DE982-6537-4B42-B2D2-92FC6E55BA28}",NA,0,0,0,1,0
"{467AFD14-43F7-4FE2-BAA5-54A794360118}",NA,0,0,1,1,0
"{5D1BA725-07D5-4EAE-9E63-72E0150B8FD7}",NA,0,1,0,2,1
"{32690E73-DD3C-4FFB-845B-4BC15AB9F26F}",NA,NA,NA,NA,NA,NA
"{E723593A-9EB8-4BAA-8251-50A127F8FCC7}",NA,0,0,0,1,0
"{0739B563-F537-434A-95AA-4F7CE9CCC34E}",NA,1,0,0,1,0
"{295FFE47-5074-4129-BFEB-F2AA25FE8B06}",NA,0,0,0,1,0
"{7D8D8C9B-9079-412C-B2C1-5F2A2B0E174F}",NA,0,0,0,1,0
"{208F69E4-0EE9-484A-AA18-B2EB2FE93FD7}",NA,0,0,0,1,0
"{F531D78A-4371-4047-B0C9-08328F8B224A}",NA,NA,NA,NA,NA,NA
"{284F1F33-18B3-4072-BB69-D14ED8C0A399}",NA,0,0,1,1,0
"{86A5A070-4B92-468E-8492-9C2B3EF0C816}",NA,0,0,0,1,0
"{939DB2D9-597C-456D-8988-7BBFF0493487}",NA,0,0,0,1,0
"{7D90B4A8-4DF7-4CAD-A847-41DE52CE8427}",NA,0,0,0,1,0
"{A29DDFA0-B7F9-4317-9C3D-30130FF94302}",NA,0,0,0,1,0
"{FDF6D02D-1241-413F-9806-CA3915B8D717}",NA,0,0,0,1,0
"{85218658-0DA4-4565-A905-489C0A5174E4}",NA,0,0,0,1,0
"{CD9017A4-792D-461B-861E-A305DB235418}",NA,0,0,0,1,0
"{B3BC5A15-2DE1-4AA2-B267-6CEEA6C21399}",NA,NA,NA,NA,NA,NA
"{4BDBA67C-8FC3-466B-AEEE-73F174565BB7}",NA,0,0,0,1,0
"{64814F4A-492F-4DBF-BC90-F7B96D28FBD0}",NA,1,0,0,1,0
"{E5E62064-B366-4157-85D8-4B2B5D3D3E6F}",NA,NA,NA,NA,NA,NA
"{A67142B5-7A6A-4D6B-87DE-F58EBDCCF9B7}",NA,NA,NA,NA,NA,NA
"{23BAC4A5-EA82-4F72-8FF0-D70B4AB0C538}",NA,NA,NA,NA,NA,NA
"{4946B88B-BCE7-4EA5-AEFB-6A9F99B4AF3B}",1,1,0,0,1,0
"{1E5024DF-64C3-4E2C-B716-4B3B3333B949}",NA,0,0,1,1,0
"{590BA5F4-BBF9-4646-9FA2-91C2EEFB5B3A}",NA,0,0,0,1,0
"{D7483865-669D-4F46-BA0E-1FA32BC862FB}",NA,0,0,0,1,0
"{A2191085-9C62-427D-86D9-DF23E0AADF69}",NA,0,0,0,1,0
"{67FC91FE-063B-477D-86A5-7A4104230A22}",NA,NA,NA,NA,NA,NA
"{17C46594-8A79-469D-B169-9FCBE50CA650}",2,1,0,0,7,0
"{70B041B7-91BC-4C3F-A474-991AFC0C9AEF}",1,1,0,0,4,1
"{A9CA31BD-466C-47C6-9E70-5949CE52E29A}",NA,1,0,0,4,1
"{D73F9634-E6C6-4FB6-A9FC-D8AE6795D56C}",NA,0,0,1,2,1
"{3397AAE6-B2D0-4B05-8546-1BAFB34769CC}",NA,0,0,0,4,1
"{7934D744-5E41-44D3-BE15-2135230760F1}",NA,1,0,0,1,0
"{24A14FEA-7954-4BFA-8E92-CF2F6F7B0818}",NA,0,0,0,1,0
"{425E1DC6-9AB4-40F4-85A4-A327019B3058}",NA,0,0,0,2,1
"{E86888DA-6204-4DC0-B21B-F865FC3AF1D4}",NA,1,0,0,1,0
"{5D9C669E-2D60-41A0-937B-E87313FCEEBF}",NA,0,0,1,1,0
"{5B317516-5C86-476A-BB92-3E278B14AD49}",NA,0,0,0,1,0
"{FA49A2F7-59B6-49B2-A57C-0B90117E47D5}",NA,NA,NA,NA,NA,NA
"{ED424983-AADA-48E2-BF6D-E45BD4A0ED81}",NA,1,0,0,1,0
"{AC5C5039-913D-4029-979C-4ACCE2FD97F0}",1,NA,NA,NA,7,0
"{DDED6E48-6466-4A9A-A966-40541DFB1ADC}",NA,1,0,0,1,0
"{2DF28A9A-7803-4620-8E40-824050DD05EF}",NA,0,0,0,1,0
"{6AA9E4D1-8FF0-4592-943D-48F650C954C9}",NA,0,0,0,1,0
"{6A46F46B-F4CF-4F73-98B7-48A6F4C2723D}",NA,0,0,0,1,0
"{3D71AE6D-9DD3-4700-AA23-599B9E682F2D}",NA,0,0,0,1,0
"{6CC98990-0F5D-4D1C-B9D2-81B9CFB4B5C8}",NA,1,1,0,1,0
"{8BE242C5-6B74-4FE0-8A7E-1275C32A0DD1}",NA,0,0,0,1,0
"{6BE97D0F-423F-4930-8C1D-8D7AEB6302FD}",NA,0,0,0,1,0
"{DD023B16-A51D-4D65-87F5-5464E513D774}",NA,0,0,0,1,0
"{133F9E22-EAAE-4069-ABE4-2C23C76CC447}",NA,1,0,0,1,0
"{54ECE334-75C5-4B53-B6AD-B712C80A5569}",NA,1,0,1,1,0
"{AF1310CD-FE08-4D81-A0C6-7C0497D4A08B}",NA,0,1,1,2,1
"{8926C2F2-E977-4914-A282-42E68B28A526}",NA,0,0,0,1,0
"{D4D4C2F4-9235-49E7-9A37-6A2CE76524BF}",NA,1,0,0,1,0
"{1763600C-B8F7-4BA6-8770-85E5DE2799A0}",NA,1,0,0,1,0
"{FDEB1ABF-D240-479F-884C-C011A157C7FC}",NA,1,0,0,1,0
"{88972FF9-B426-4241-AF2D-6A7D69049CAC}",NA,0,0,0,1,0
"{D9C7CC4E-03C6-4E54-9FCA-F55D203DD7AA}",NA,0,0,0,1,0
"{A77A9DE6-8284-4A66-8A70-6BEBB53FB887}",1,0,0,0,1,0
"{D6FFB741-980A-41D0-9838-9F9941873C56}",1,1,0,0,7,0
"{654754C3-141D-4174-838B-27EE3F75A466}",NA,0,1,0,1,0
"{2A5F9F74-A12F-4084-8D5C-A60A5332CC33}",NA,1,0,0,1,0
"{4A5C7CEA-FBDE-4224-85B0-2D208F4F49B2}",NA,NA,NA,NA,NA,NA
"{B7578976-90FE-4F96-A85D-046C4C385515}",NA,0,0,0,1,0
"{31593C43-24E1-42A2-885C-A95D0153C68B}",NA,1,1,0,1,0
"{3728C7A3-EFE1-464F-B3EA-9E32378BCE39}",NA,1,0,0,1,0
"{1884CAF7-447C-4A14-A91D-48FA6C83C06D}",1,1,0,0,3,1
"{9983B110-98E8-49C4-B807-129D1DB8B130}",NA,1,0,0,1,0
"{906FEC88-D0A4-4761-BDAB-9087FBF22D78}",NA,1,0,0,1,0
"{E785D3BC-2107-4D94-87D4-B264A745D37D}",NA,1,1,0,1,0
"{B7ED2344-A8A2-4D7A-990F-9DC9502E1BD6}",NA,1,0,0,1,0
"{3C195D1B-F563-4E92-8FE7-6AD3D4F05306}",NA,1,0,0,2,1
"{8B1522D0-A2E3-448E-87FC-5603E230D557}",NA,0,0,0,1,0
"{A2C752DC-C1D3-4A7F-A9F2-93F61ADDC83D}",1,0,0,0,1,0
"{344942D7-8C8E-4037-B086-5A8E7B1D45F2}",NA,1,0,0,1,0
"{4DE3228D-2FAA-4B53-A667-8156CDE5734A}",NA,0,0,0,1,0
"{5F80B327-179F-4F41-A704-C11C08051D26}",NA,1,0,0,1,0
"{ABD20784-3880-4059-9FD4-463687988146}",NA,NA,NA,NA,NA,NA
"{BBFE61CA-7BF1-4B77-9E61-2F08C1E2DE8F}",NA,0,0,0,1,0
"{9203DFB7-184B-4B2F-9F79-F6F4BE216E22}",NA,1,0,0,1,0
"{2DF41FB1-908C-4E6C-9CD1-45ACE1C3EFF0}",NA,NA,NA,NA,NA,NA
"{3742646F-CAAA-4574-8223-AF3E81575752}",NA,1,0,0,1,0
"{6CAA17DD-92C8-4433-9DD9-49D158FA4315}",NA,1,0,0,1,0
"{AC674E6F-5DA3-4DC3-B591-E08E9241DDFD}",NA,0,0,0,1,0
"{70A95CB6-45BF-40C4-B72C-C6BD63825F67}",NA,1,0,0,1,0
"{D8DCB951-8286-4E80-8F27-EBB6E61CFC55}",NA,1,0,0,1,0
"{3C6CEB8C-5B11-4FAC-961D-140285D60D10}",NA,0,0,0,1,0
"{76A1CC00-938C-4A58-9F60-00FE6D67AF5A}",NA,NA,NA,NA,NA,NA
"{D7048C0A-8B86-4B3F-B37F-5F4B831C31C7}",NA,0,0,0,1,0
"{05E581CC-46E3-4840-8701-D6B3D14980BB}",NA,0,0,0,1,0
"{C313DCD5-62D6-44C4-9DFA-0E13DE9BDC35}",2,0,0,0,1,0
"{2E12B282-53CE-4D86-B863-9A02AC2F78E9}",1,0,0,0,1,0
"{936AE5A8-3181-4AAF-AA1F-3F85DE39B9CC}",NA,0,0,0,1,0
"{680799EC-5006-4C93-A5A4-4A428056EA18}",NA,1,1,0,1,0
"{A6C79EBB-75A3-4412-B5D1-04F2BDA9E5B9}",1,0,0,0,1,0
"{BA531EAA-2A18-4801-B4DD-AC3272D986BF}",NA,0,0,0,1,0
"{2796D2F9-B170-4EC2-8905-6F24D2E857D1}",1,0,0,0,1,0
"{23FCA3DD-C1AC-4881-92F6-7AD902DE0886}",NA,0,0,0,1,0
"{90F67945-1F41-4F12-ACA5-FEF0A88F58E3}",NA,0,1,0,1,0
"{8C3168C9-65E0-4B14-8EEC-69B6592F3266}",NA,0,0,0,1,0
"{2B0CB0AB-FA4B-431A-A222-28938FC2AFDD}",NA,NA,NA,NA,NA,NA
"{F4C15003-ECBB-40AA-B354-1B1E61717FE9}",1,NA,NA,NA,NA,NA
"{8EC7D962-5097-4908-B03F-8561A889FDED}",NA,NA,NA,NA,NA,NA
"{3E34302A-FF34-4422-96F7-E0664A33D52C}",NA,1,0,0,1,0
"{B8CC54B1-0BBC-4BC6-BDB4-23EFF8127E60}",1,NA,NA,NA,NA,NA
"{755B3937-31B2-4C88-8AC9-5A749A9AE7B8}",NA,NA,NA,NA,NA,NA
"{49A24A5F-2747-497C-97A2-35E32B77CA9B}",NA,0,0,0,1,0
"{7E16047B-D3D7-4694-BF07-2F820DCB9D64}",1,0,0,0,1,0
"{130C58D6-E5BD-4AEF-B6F1-75DF3A6D8CD0}",NA,NA,NA,NA,NA,NA
"{FC359958-3441-4C63-AD7E-F5BF7D51CAED}",NA,1,0,0,1,0
"{3A85104F-DCDE-43EE-A7FA-0E5214A7AB28}",NA,1,0,0,1,0
"{0F1CFF50-4464-4545-9806-BBAC6FBE7F45}",NA,NA,NA,NA,NA,NA
"{44B99BB4-4F79-4FF9-B843-F9533156D249}",NA,NA,NA,NA,NA,NA
"{BC197C3D-D682-4041-AD25-58A21D0A03B3}",1,0,0,0,1,0
"{095B9F72-CB3E-4C40-94C6-F679696AA0DF}",NA,NA,NA,NA,NA,NA
"{951956E4-2B7E-44DC-A15A-F3DC3A3D64A9}",NA,0,1,0,1,0
"{187AE3E8-EC30-494E-A538-984E6503869E}",NA,0,0,0,1,0
"{87AB624A-E7D6-4BB3-BEEB-4B1356A4D4AB}",NA,1,0,0,1,0
"{C3299099-5A85-41B3-9051-ACB724D02656}",NA,0,0,0,1,0
"{D75DF537-F06C-4DF0-8665-95FAF63EAABE}",1,1,0,0,1,0
"{773BA16B-19F4-43CE-96B7-FE6DE9F33BB4}",NA,0,0,1,1,0
"{8C5D70C2-7529-4248-94D3-138BF89B7915}",NA,0,0,1,1,0
"{C74BF6CE-6161-484B-8329-07B69AFDC4BC}",NA,0,1,0,1,0
"{05EDB55E-BEEC-410D-804F-9F6E04ECCF2F}",NA,0,0,0,1,0
"{6B6EBA2C-2CAA-43FC-A0E5-F4732ECB808A}",NA,0,0,0,1,0
"{0D627A27-E4A6-40E0-B6B6-6A65DC66A857}",NA,0,0,0,1,0
"{B5593078-A09A-4916-B796-4FAE56DFA97E}",NA,0,1,0,1,0
"{6D3850B6-9EA6-4696-AF96-C0998B6CDB6D}",1,NA,NA,NA,NA,NA
"{C28A4F0F-1C0E-40A5-AFD1-C36587CD6496}",NA,0,0,0,1,0
"{89EB5B92-856F-4FA9-81A5-9CDBC68967B5}",NA,0,0,0,2,1
"{9EB1CF3C-A79B-4DA2-A9B9-F3503321027C}",NA,0,0,0,1,0
"{D1C7B579-E941-4D8D-9814-29455AAAD49E}",NA,0,0,0,1,0
"{4B108934-0EEE-4447-AB83-F448A70DC014}",NA,NA,NA,NA,NA,NA
"{2E2410CA-E676-49B2-9587-1434FEB15385}",NA,0,0,0,1,0
"{0BE457B0-792B-47AE-A0B7-8D9F8B90009C}",NA,0,0,0,1,0
"{F554FE97-1091-417B-8D8B-A1987BA42DE7}",NA,0,0,0,1,0
"{DFADDB1A-61BE-48C7-8A99-28862801298E}",NA,0,0,0,1,0
"{F4991561-FCFD-4C44-BA6D-176883D62DCB}",NA,0,1,0,1,0
"{FE102EDB-D403-4F21-A006-46BF9384C75E}",NA,0,1,0,1,0
"{DF01F595-E27C-47FF-A497-95C22C6C93B2}",NA,NA,NA,NA,NA,NA
"{E3C0FB0C-798D-4365-ADB1-3CAD5EE2DD33}",NA,0,0,0,1,0
"{8B86C387-4599-41ED-9DE3-6EE39129B3B0}",NA,0,1,0,1,0
"{56B7ED8B-69DF-4BF2-B52C-F35B6C012742}",NA,1,1,0,2,1
"{3A7C435F-BA5E-45E6-BE74-3E4575A60CF8}",NA,0,0,0,1,0
"{E18B3BAF-34D8-41F1-B1CA-E1131E52E504}",NA,0,0,1,1,0
"{063F6811-7CAD-4828-AD50-029D3BD50199}",1,0,1,0,1,0
"{3EC43B12-CD82-4352-B0B8-C687376F92F7}",NA,1,0,0,1,0
"{5FA38805-A035-42C7-B234-B050F9C2F6EB}",NA,0,0,0,1,0
"{E536C634-0297-48D8-B74A-3E2C81062B74}",NA,NA,NA,NA,NA,NA
"{C096BCCF-2733-410B-9E9A-9191FFB28970}",NA,NA,0,NA,7,0
"{AC867AEE-BBE4-4E33-AAD1-0FA2094FFCA4}",NA,NA,NA,NA,NA,NA
"{77EB30E9-842F-413D-895E-45240014CC61}",NA,NA,NA,NA,NA,NA
"{ECEA15C0-1BA4-404F-8367-5F9E954C7046}",NA,NA,NA,NA,NA,NA
"{29FF8751-E849-4D75-B712-B6B2EBA3053C}",NA,NA,NA,NA,NA,NA
"{E77166A7-CF63-4566-9226-7B9759275674}",NA,NA,NA,NA,NA,NA
"{679D8B37-0999-4336-9FAA-7C11FB1D7DB9}",NA,1,0,1,1,0
"{0939F6C7-C01B-4EEA-B22B-F1FCCD93FBC1}",NA,1,0,0,1,0
"{0FD196D1-1D5C-49BE-A398-8F1E466DD1B4}",NA,0,0,0,1,0
"{A5126D66-B439-41AB-95A6-5B1313B6C317}",NA,NA,NA,NA,NA,NA
"{B5A9F2DF-1373-426F-86F3-5C9C8E3869CB}",NA,1,0,0,1,0
"{1DDC43C0-847A-4F73-ABCA-9CBA33137CF9}",NA,1,0,0,1,0
"{0ED25B85-FD17-49E2-BCE7-CB5F9125BF15}",NA,1,0,1,1,0
"{762557DA-28D3-4F61-BCF0-DB8B281F46D2}",NA,0,0,1,1,0
"{3E9D944A-833C-4322-9EB3-F3AF0D3F30BC}",NA,NA,NA,NA,NA,NA
"{61B36549-978A-4406-BAC3-0769542424E8}",NA,NA,NA,NA,NA,NA
"{C67030EB-4BE4-485D-B1A8-98078E82D6CE}",NA,1,0,0,1,0
"{79DE67BA-F588-412C-BDE7-DBED067ABC8D}",NA,1,0,0,1,0
"{9B3A1D24-8A75-4420-A46B-6B948554BFD4}",NA,0,0,0,7,0
"{8FC49BC3-D16B-41F9-81B7-B25E3E58214F}",NA,1,0,0,1,0
"{B7B6736C-8E7A-4230-9D17-1CD67263F65A}",NA,0,0,0,1,0
"{5D4B5852-CC5B-4035-B6E1-7413CB904D3C}",NA,1,0,0,1,0
"{165C4675-D6CE-4EC0-B650-69312E7D31A5}",1,0,0,0,1,0
"{4589FFB1-7624-43A2-9CE3-ECE6462A4548}",NA,0,0,0,1,0
"{B240D7A2-FB47-44D7-BFBF-D91FE9B81F84}",1,1,0,0,1,0
"{C981F647-21BC-4430-B12C-3FA3955F6088}",NA,NA,NA,NA,NA,NA
"{232FE566-9F4A-4C46-BB6D-333C6E0EC653}",NA,NA,NA,NA,NA,NA
"{7BCD2690-8C3A-4E87-8747-B887A0D64842}",NA,0,0,0,1,0
"{6D120D91-F3D3-48EA-A1B0-F07A64D93FB9}",NA,0,0,0,1,0
"{FD536F1E-2E47-4580-82C3-F128B5432294}",NA,0,0,0,1,0
"{C34FA7B0-632F-4AF8-8ADE-3FD2A6B18016}",NA,NA,NA,NA,NA,NA
"{9C8F2B12-32E0-47FB-B3B3-E4DD1345CBC8}",NA,NA,NA,NA,NA,NA
"{F0F2EFA4-7E2A-4C32-8ABF-3A17A4C6992C}",NA,NA,0,NA,7,0
"{13694474-79C6-4E8A-A8D1-B7FAEA466B5F}",NA,NA,NA,NA,NA,NA
"{1499AB5E-5B23-4DA6-9E53-7327909DAA67}",NA,1,1,0,1,0
"{C2FA5C0C-7429-4D4B-9C30-0D5F021FF1C2}",NA,0,0,0,1,0
"{24BE417F-C1B8-4162-9A26-591616B571C6}",NA,0,0,0,1,0
"{CA84F818-1436-4F51-B14D-25777F5CF0F1}",NA,0,0,0,1,0
"{F65C1F9B-1BDB-4E3D-AD67-ECEE2B71A2B5}",1,1,0,0,1,0
"{CEB2B41F-01FF-41CD-81AD-BA5DF0A841F1}",NA,0,0,0,2,1
"{33BADD5A-769D-43D1-8F23-C7FB8CB855A5}",NA,NA,NA,NA,NA,NA
"{7A13EC8B-D725-449D-A888-EC0872587410}",1,0,0,0,1,0
"{4DCE14FD-0AFE-4D41-A544-674D6C007A9D}",1,0,0,0,1,0
"{B5AD83CD-5222-4971-944B-15DE28490DF6}",NA,0,0,0,1,0
"{A3BDB506-849B-4658-AD07-6386E9CFBEF6}",NA,NA,NA,NA,NA,NA
"{97B165E2-DB6F-4B60-B2A9-547E187A584A}",NA,1,0,0,1,0
"{D5D9B979-2BF5-4A30-8DE4-59D6E315A01C}",NA,0,0,0,1,0
"{5EF05A79-3B0E-448A-A58C-5B4ABF2345DE}",NA,0,0,0,1,0
"{42D7CDE5-F230-4C4F-A74C-B153AAC3CD76}",NA,0,0,0,1,0
"{D480C9E7-DA9A-4E41-8493-1CE16B6B69F0}",1,1,0,0,1,0
"{426542AE-F455-4B98-8F98-951DAAEAAB9A}",NA,NA,NA,NA,NA,NA
"{953D1341-9E0D-4A7D-8947-88C543D78620}",NA,0,0,0,1,0
"{86523865-7BE7-4078-892E-B9C56D61AD39}",NA,0,0,0,1,0
"{BC227684-FF63-4CE5-8D77-2262F4A905D0}",NA,0,0,0,1,0
"{DEDE0CA0-2BC3-43D2-A23A-76A3A126A999}",NA,1,1,0,1,0
"{CF6DC66B-5C56-498B-AF0D-A546E0282332}",NA,NA,NA,NA,NA,NA
"{695A2595-D2E7-4B0A-87CE-E5279FD2EF23}",NA,NA,NA,NA,NA,NA
"{60528D1F-DEA0-4225-836D-17A81A33CB31}",NA,0,1,0,1,0
"{AC52E799-D4B5-4555-A861-FD09AC9F5D9D}",NA,0,0,0,1,0
"{C53122EE-78B5-40AD-8714-1F395F74BDF0}",NA,NA,NA,NA,NA,NA
"{A2253FAB-13AD-4B40-880C-41ECFFDADA42}",NA,1,0,0,1,0
"{6091FA90-C09A-4DB6-973D-F054529006E6}",2,0,0,0,1,0
"{9833BF49-165A-40D0-8BB0-FA547346B103}",2,1,0,0,3,1
"{F776C4CA-FF47-4398-B017-FEC7CFE7E779}",NA,1,0,0,1,0
"{DFE02A34-F670-48A7-AF6E-07F142B5ADD7}",NA,0,0,0,1,0
"{6B0E72F6-32C1-406E-9776-5A2469FE424E}",NA,1,0,0,1,0
"{1A0E4D89-C724-41E2-8230-77D341F46361}",NA,0,0,0,1,0
"{4FD4A73D-1535-4B3F-AB69-2B9CD74AC954}",NA,0,1,0,1,0
"{2CAA183B-2ED6-4022-8BF6-979FA5D324AA}",NA,1,0,0,1,0
"{7DD49436-7FD3-44CD-A412-99AD22873EA4}",NA,NA,NA,NA,NA,NA
"{3DF3D326-AC21-4E98-B243-722D49A4BE5F}",NA,0,0,0,1,0
"{EFF7A838-70CE-4DD7-827B-E9E40F28C881}",NA,0,0,0,1,0
"{005DB6CB-4113-4CF8-9908-AC02440D3927}",1,0,0,0,3,1
"{A3460ED7-669B-4F1A-A8C8-7FB69881DEDB}",NA,0,0,0,1,0
"{0CC24B58-BDBA-4FA7-9053-27E88A573B74}",NA,0,0,1,1,0
"{957AC3CC-42B2-472B-B4B9-4286E9B80D5A}",NA,0,0,0,1,0
"{337F916F-8F0A-4F6F-A03F-28C3576605B3}",NA,0,0,0,1,0
"{3A628E92-59F2-490B-848C-84CC3116E6AF}",NA,0,1,0,1,0
"{45E52C95-6C0D-46C1-9AA5-A1DBDAE88F3D}",NA,1,0,0,1,0
"{90489D05-08E0-417C-98A9-ADB5A48FA727}",NA,NA,NA,NA,NA,NA
"{32279C6C-59D5-47E3-AD90-750354C80B07}",NA,NA,NA,NA,NA,NA
"{8852EB17-FB50-44D0-9025-2D08E0F71F75}",NA,0,0,0,1,0
"{8BFDE9C4-5D9D-448C-95BC-D6B105FB9C64}",NA,0,0,0,1,0
"{1C6BB50F-D9F4-40C8-9A24-7140313366FF}",NA,NA,NA,NA,NA,NA
"{7FC26B7E-D451-4092-8CB7-AEF99E00511F}",NA,0,0,0,1,0
"{B9165900-06C3-4B06-AC9B-85CF60E19F9F}",NA,0,0,0,1,0
"{4EF4ABC5-2284-4538-9989-BDE7926F542C}",NA,0,1,0,1,0
"{E41AFC7B-5660-4A09-BD63-AC69F46ACFD2}",NA,0,0,1,1,0
"{BF618A79-F6B1-4133-8C7F-6880654983C7}",NA,0,0,0,1,0
"{C098996C-219D-47CB-987E-CB58D84D66E8}",NA,1,0,0,1,0
"{E3A27F9C-99A4-4845-9CA9-22DC669A0995}",NA,0,1,0,1,0
"{59547C26-225D-45DC-B0F9-509444B7B1C1}",NA,0,0,0,1,0
"{A56943C7-8051-4D7C-977E-DC8A0466CB4D}",NA,1,0,0,1,0
"{336ECB3D-A107-4DB0-AB28-6633E217B27B}",NA,0,1,0,1,0
"{F36B6C9E-DD2F-461E-9D50-2EB6CD6ACEE3}",NA,0,0,0,1,0
"{0ABE0361-27AC-4A30-B5CD-5A750388BB48}",NA,1,0,0,1,0
"{D9CD1F8A-B5BC-4B7C-A40C-A30132BEC7D9}",NA,1,0,0,1,0
"{B7DF93C5-7F6A-4CDB-90D5-95ACFE6490AC}",NA,0,0,0,1,0
"{D7BC8DC4-4767-4ABF-9DBF-3C3A61F0C394}",NA,NA,NA,NA,NA,NA
"{D1E153C0-765C-45EA-A7C2-7730FA72C9D8}",NA,1,0,0,1,0
"{94380B42-082F-4EAC-8BDE-8803C34BEFFC}",NA,NA,NA,NA,NA,NA
"{260353CA-42C4-4506-A037-0F055E6D3423}",NA,0,0,0,1,0
"{D7C5919F-9EF7-48E0-98DB-71CC36D113FF}",NA,1,0,0,1,0
"{495F5F2C-1A04-458E-ADCE-6D0015305125}",NA,NA,NA,NA,NA,NA
"{340DCB95-903A-4058-B10C-5B2EDB49E908}",NA,0,0,0,1,0
"{99F7E6CA-FA32-4582-B3B7-5ECDECB94EDE}",NA,0,1,0,1,0
"{1F30645B-C277-4651-ACEC-37A9CC298EC2}",NA,NA,NA,NA,NA,NA
"{C10FC76F-EA34-4B79-8B0A-F8F33C00A4D1}",NA,NA,NA,NA,NA,NA
"{1C2B81E0-1731-4EB7-A431-FF7C4EA67E2B}",NA,NA,NA,NA,NA,NA
"{398D40FA-26BA-4E46-BE0C-C5A7DCA5949B}",NA,NA,NA,NA,NA,NA
"{125DDCA4-E1ED-40ED-B330-6709D1812333}",NA,0,0,0,1,0
"{23EDBDFE-E3B9-4D4F-862C-5C7B15F7CDBD}",NA,NA,NA,NA,NA,NA
"{C0880923-F1FB-43F3-9DD3-FFF414A411F7}",1,1,0,0,1,0
"{0F7AC6CF-4042-473A-87B4-79D91351C149}",NA,0,0,1,1,0
"{BB4CB5F6-7547-40A9-9635-EB8648535002}",2,1,0,0,1,0
"{97EEA25B-8F15-4C1B-BF72-F74A365ABB66}",NA,NA,NA,NA,NA,NA
"{F29B3FA1-C168-4601-842D-61E189C2264E}",NA,0,0,0,1,0
"{58C71E0E-B8DF-45AD-BC40-CB4CBCA97C26}",NA,NA,0,0,7,0
"{80C0FA5E-9068-4BB5-B51D-044B33E347E7}",NA,0,0,0,1,0
"{2B87F133-50F1-4C33-87CC-86D22B86F260}",NA,0,0,0,1,0
"{2DC5FB6C-44B8-4A26-9007-A97ACD61E83F}",NA,0,0,0,1,0
"{EB655BDC-EF7E-4546-A171-854B0C4539CA}",NA,0,0,0,1,0
"{0A8F534D-1A4A-4037-9835-9FF25CFBA0D0}",NA,0,0,0,1,0
"{C0E5F516-52B0-4C44-91BD-4A6C9DB16164}",NA,0,0,0,1,0
"{7E40A579-42C3-46C1-B100-C14EC2DA6215}",NA,NA,NA,NA,7,0
"{523AA0F0-DC93-4FA2-AC45-0E6361810461}",NA,1,0,0,1,0
"{4A230143-2BC1-439E-AE1B-4748423E702C}",NA,1,1,0,1,0
"{55260C30-F77C-4F44-91C3-09951AAC662C}",NA,NA,NA,NA,NA,NA
"{7177F119-CCE3-45EB-A6A3-3E8D71189FFA}",NA,0,0,0,1,0
"{D67954C3-D361-4FC2-ABF1-8145D76556FE}",NA,0,0,0,4,1
"{A3BB2907-9229-4913-AE05-E98EDAAF5BA8}",1,0,0,0,1,0
"{D28A11CB-6A18-41CE-ADA9-93A70CAC1006}",NA,0,0,0,1,0
"{AAA51F73-74F0-4703-A9CB-0078C72715D0}",NA,0,0,0,1,0
"{BE721F96-22C7-45CA-A7E6-546902D7AA7B}",NA,NA,NA,NA,NA,NA
"{5CC29AAD-73E1-403F-B182-8D0B3E9706F8}",NA,0,1,0,1,0
"{6BFEF86C-6FE9-4832-BBCE-3642EA4076CF}",NA,0,0,0,1,0
"{73E81A22-53D4-4159-A1B1-8AE6C8C172C6}",NA,0,0,0,1,0
"{FA98CD7D-9C4B-449F-9B4E-14964C33AF1B}",NA,0,0,0,1,0
"{324F735C-5B25-44EC-9439-F8452104C1CC}",NA,0,0,0,1,0
"{BB26DADA-27A3-45D1-A053-53E10B902836}",1,1,0,0,1,0
"{18DCF5B1-B0A7-4154-B098-4E527172DFA8}",NA,0,0,0,1,0
"{1973D152-1D44-4360-A5CA-F36321D07128}",NA,0,0,0,1,0
"{B818A071-3C5C-4908-8480-5E6B03AC9D54}",NA,1,0,0,1,0
"{33D5D067-7CF5-4E4D-8DE2-EEE88CC2CD5A}",NA,0,0,0,1,0
"{31571BB0-160A-458F-BC69-70C65A5631BD}",NA,0,1,0,1,0
"{009B4E7B-DD17-4490-9DDE-6F8498AA01F7}",NA,0,0,0,1,0
"{089E371A-CF8B-4BAE-AE2A-B098699C1D46}",NA,0,0,0,1,0
"{11828A68-C771-4D51-AC36-87A5659F574F}",NA,0,0,0,1,0
"{8E44D549-8474-40A5-95E0-8D04C07C1AA9}",NA,0,0,0,1,0
"{3B961E4F-89EF-4E18-9435-95B0C673ACEF}",NA,1,0,0,1,0
"{1DE41FC8-94DE-4569-8244-B2C777C88957}",NA,0,0,0,1,0
"{B51D7815-A278-4E91-BE31-F2CEBF0C05CF}",NA,0,0,0,1,0
"{B4B1C6E3-CB27-4579-B146-CAFB715D210C}",NA,NA,NA,NA,NA,NA
"{37FBE448-7E35-4FB0-BC6F-EAAA1B8271D5}",NA,0,0,0,1,0
"{D33048AE-C0CC-4FF8-A722-4EC45741F644}",NA,NA,NA,NA,NA,NA
"{51D22258-6544-483A-A200-0B0F92849D39}",NA,0,1,0,2,1
"{3D8A021C-CA2F-437B-8EA0-5D9224841F53}",2,0,0,0,1,0
"{46255B1D-01E4-492E-8422-91D2D59BE5BD}",NA,0,NA,0,7,0
"{A9764E6C-6A99-4488-98D9-42E6182CDD21}",NA,0,0,0,1,0
"{B3C0FDC8-34E9-410F-A456-DF2CF026E47C}",NA,0,1,0,1,0
"{5B20B4C8-4E59-4E8D-BEE8-35A7EA72F926}",NA,NA,NA,NA,NA,NA
"{45867A25-EC41-4BB7-A60E-DB6C8A466B82}",NA,1,0,0,1,0
"{F4DE8232-97EF-4360-A803-76AB8EA365FD}",NA,0,0,0,1,0
"{92E841E5-A396-4F23-88C4-61C1A2958266}",NA,0,1,0,1,0
"{E4298FC8-8AA2-4901-BB47-3F8F84E0CF86}",NA,0,0,0,1,0
"{88C97C7F-FEF8-4B7F-B32A-64756768E40B}",NA,0,0,0,1,0
"{08C63856-59D9-4057-86AD-6AFA16E7BF25}",NA,0,0,0,1,0
"{DCF65654-BB74-4FA2-B0A2-56FD2E0FD37A}",NA,0,0,0,1,0
"{330E8A21-D87D-4E3D-9333-AFF51FCA8DA7}",NA,0,0,1,1,0
"{0B4D37B3-A3E4-4131-89EB-C236329D21BF}",NA,1,1,0,1,0
"{7FE3BEB0-BBA0-4AF5-BBA3-8EB282A3AFFA}",NA,NA,NA,NA,NA,NA
"{E96014E5-1A08-4640-98DD-354485E850F6}",NA,NA,NA,NA,NA,NA
"{4EE93BDB-75F9-4371-9B66-81169B1DAECC}",NA,NA,NA,NA,NA,NA
"{94FBC317-30D4-4AF9-9840-DE38ACB5A442}",NA,NA,NA,NA,NA,NA
"{719CC0D0-EF83-4B09-BD0C-8F2681F63ABE}",NA,0,0,0,1,0
"{F8C95807-B036-4A3C-8237-00A688DA1623}",NA,0,0,0,7,0
"{F0370873-DF57-401B-85D7-A49599DBE684}",NA,0,0,0,1,0
"{C784A29A-E266-4392-9AC1-4274647AF051}",NA,NA,NA,NA,NA,NA
"{3FAA2BBB-FD3F-4A80-8647-53B6A29771EB}",NA,0,0,0,1,0
"{E2C7BBAC-A5A9-4EB9-931B-8049BA8DAC11}",NA,0,1,0,1,0
"{EABD1EC9-64A4-40C0-9A2F-0B7D958A7350}",NA,0,1,0,1,0
"{A744AB4A-818B-4725-A719-A2D0FC1E3A5E}",NA,0,0,0,1,0
"{6CDC8178-3184-4F40-87E6-A18E26EA00F0}",NA,1,0,0,1,0
"{974D3F1A-5194-4210-B5CE-818890E03F46}",NA,0,1,0,1,0
"{E00BF112-3196-4173-BEEB-91EBE0C9B1B6}",NA,1,0,0,1,0
"{8F0F0158-5068-4A5C-BC58-E1FBFF60B185}",NA,0,0,0,1,0
"{3D83AC62-6CC5-4627-B351-6DD0F34D1DB2}",NA,NA,NA,NA,NA,NA
"{508F7AFD-E75E-46A8-A5A7-9438799BC42F}",NA,0,1,0,1,0
"{94BA8CB3-5720-4185-AC28-8D536F5DFDE4}",NA,0,0,0,7,0
"{58ED8124-24DF-4001-A2F2-2BE6B245FDC2}",NA,0,1,0,1,0
"{2E2F88B0-BAE3-4B5C-886F-76F86A4011DC}",NA,0,0,0,1,0
"{C3F98F44-189C-4B36-BB75-D891F5DF1A88}",NA,0,0,0,1,0
"{DDFDC988-6BF4-4BE8-B811-D1C4AFD4E6A9}",NA,0,0,0,1,0
"{B6C97761-7C7F-4065-9128-0411F1004B81}",NA,0,0,0,1,0
"{30AC3E8D-9CAC-4EB6-A56C-612CA92EF7D0}",NA,0,0,0,1,0
"{F9B0FCE5-AE80-4ED2-8A16-D8815302F609}",NA,1,0,0,1,0
"{6B3F9A22-71BA-43B3-A503-C27A61C18571}",NA,1,0,0,1,0
"{0F9F1D07-93BF-4BE7-BDBB-C0C183DD27CE}",NA,NA,NA,NA,NA,NA
"{03C7522B-568A-4BB3-A0DC-FC5D1C2774A0}",NA,1,0,0,4,1
"{0C811C32-75A5-4051-824D-847B8C941790}",NA,1,0,0,1,0
"{7778C5D1-0F4A-4DB7-84F8-9EFF488FA617}",1,0,0,0,1,0
"{70A413EA-3F4B-4937-9AF2-AA5D07216201}",NA,0,1,0,1,0
"{CFA20239-6084-49E2-B67C-967D2A76585E}",NA,0,0,0,1,0
"{CF60D7E8-30CC-446F-9C24-0A263D4DA220}",NA,1,0,0,1,0
"{3CF6CF52-A90F-492C-8A0A-32B3402B9551}",NA,0,0,0,1,0
"{F7D3A476-73DA-4B59-972A-45677C920E4B}",NA,0,0,0,1,0
"{425DBF6E-B008-4056-AFF0-A9D619D45FA8}",NA,0,0,1,1,0
"{576C46C6-6D53-41AC-A72E-9A1CF9097829}",NA,0,0,1,7,0
"{E4D18C42-8FAD-4BE5-8B32-692B8A6E275D}",NA,1,0,0,1,0
"{B13E34AA-A0F6-4D82-9467-E45EBC10F217}",NA,0,0,0,1,0
"{505E38A8-95DF-4D9E-AFD8-A32E9902EFD6}",NA,1,0,0,1,0
"{24D16115-7184-4663-AA53-A44B93D16A6B}",NA,0,0,0,1,0
"{A4B7F882-DDD8-449E-926F-0AF366893828}",NA,0,0,0,1,0
"{3A9966C4-5CD6-4814-8303-01F89EE756C2}",NA,0,0,0,1,0
"{499CCD3A-26ED-4E20-BC33-D353ABE7B466}",NA,1,0,0,1,0
"{AB67F34A-1BEC-4CD6-BB2A-64652F294E0D}",NA,1,0,0,1,0
"{F141D648-9AAD-4CAB-946C-F87127954FBE}",NA,1,0,0,1,0
"{3A03F4B4-47CF-486E-89DD-2C3894291B8A}",NA,0,0,0,1,0
"{4921CBD8-7B41-4BBC-8753-025B1441290E}",NA,NA,NA,NA,NA,NA
"{92DB844C-B646-4DF2-9679-62B121AE9393}",NA,0,0,0,1,0
"{61911417-0ECA-4657-BB79-B43B268E9E32}",NA,0,0,0,1,0
"{456AF48E-B2C0-4B08-ADF8-3AB65D26154E}",1,0,0,0,1,0
"{89FFB81A-25A6-4758-9295-3E13244387A3}",NA,1,0,0,1,0
"{3929FEE1-D22E-4DE1-974C-49EA0D2CDC53}",NA,0,1,0,1,0
"{1F742895-4265-4680-B644-55B5BB9C57E4}",NA,0,1,0,1,0
"{FF55B32D-E8D1-41EE-AF7F-4F6FEAEF2823}",NA,0,0,0,1,0
"{CB578004-86B9-4FB8-B1A6-B2D31D2C4691}",NA,0,0,0,1,0
"{5E527F77-0E49-4427-973F-BC8751061BAC}",NA,0,0,0,1,0
"{56C008B0-1BB3-4A85-AC62-32A676C01979}",NA,0,1,0,1,0
"{B00BBA5F-9B90-461B-B364-D28D72CD71CA}",NA,0,0,0,1,0
"{45540E79-415A-4348-87AA-ABEB8EB55D85}",NA,NA,NA,NA,NA,NA
"{F8F5F8A6-2BD0-42AA-9919-1AA62FBBDD8F}",NA,1,0,0,1,0
"{8749A63E-756F-4DD2-9016-3936127CE7C6}",NA,1,0,0,1,0
"{34DDE717-3E94-4B7E-B614-A68F5ADB7A60}",NA,NA,NA,NA,NA,NA
"{1FF0D692-1FAD-48D7-A35B-B9CF574CF9B3}",NA,0,1,0,1,0
"{88924E8E-8305-47ED-9A9A-AD9EF389BB2B}",NA,0,0,0,1,0
"{8322FD29-6936-4263-A1AD-00A4D884D351}",NA,0,1,0,1,0
"{87470304-70AC-40AF-B1AE-7140EC07DB1F}",NA,0,0,0,1,0
"{C2740758-941D-4399-84D5-065567EC26CD}",NA,1,0,0,1,0
"{0073E0E5-73C8-47F4-9989-B3C8C5CEFAAA}",NA,0,1,0,1,0
"{A4E0C2EB-381F-4E99-BCDC-2AF93CB97435}",NA,0,0,0,2,1
"{8A5BC5CD-E790-4159-BC41-2B03E19AFD5D}",NA,0,0,0,1,0
"{0111F0E5-2341-417E-B05A-E8316E1D77D9}",NA,0,0,1,1,0
"{0E014879-9C6C-473B-9644-BC5F4E584AEF}",NA,NA,NA,NA,NA,NA
"{799AC3A6-2E4A-4207-B337-FE1C22DA2A38}",NA,1,0,0,1,0
"{88424B65-3C5E-4D7B-906F-26E9289FEBC0}",NA,NA,NA,NA,7,0
"{692993FA-2DE2-4071-AFA3-AB1AAEB069EF}",NA,0,0,0,1,0
"{33F376EF-64C5-4EB6-8AE5-0A45B57216DB}",NA,0,1,0,1,0
"{99357FD3-DFC9-43F9-8EC3-4151E4F742F6}",1,NA,NA,NA,NA,NA
"{24530F0A-48F5-4CFD-BCB8-24C397A02CC3}",NA,0,0,0,1,0
"{FCB459C4-3F99-474D-A653-68F7880D48A5}",NA,0,0,0,1,0
"{56F3D59D-BED1-48E3-87E5-9D408971C2E7}",NA,0,0,0,1,0
"{08806F60-5BD3-4F4C-8B1C-1B7DB06F9213}",NA,0,0,0,1,0
"{DA465CE9-A668-43C9-8152-CC65D7C92248}",NA,0,1,0,1,0
"{9F5C8DCA-92EB-4624-A531-34EF317AB14B}",NA,0,0,0,1,0
"{FD9E9CF3-488B-4CD2-8BB2-C9DAC757FFA3}",NA,0,0,0,2,1
"{2EA2670D-883C-4717-86D6-C4DF6EDB1519}",NA,0,0,0,1,0
"{F44CC381-ACC5-4585-90D3-7F734890E0FD}",NA,0,0,0,1,0
"{B0382FD2-7E0F-4EF3-8546-D524BB4352C2}",NA,0,0,1,1,0
"{8BA1B905-8067-49AD-9C86-FFF4D0C52B5C}",NA,0,0,0,1,0
"{69148EA3-0832-4C37-A82F-A2599C58A4E0}",1,0,1,0,3,1
"{6AE3C4C3-E4E0-450F-92F5-64FB07D50360}",NA,1,0,0,1,0
"{EAA30C69-017C-45EC-B306-13F3A1D5FAE6}",NA,0,0,0,1,0
"{99A55D51-11C4-4559-B663-7B6F506478AC}",NA,1,0,0,1,0
"{657521A1-F987-450F-8587-FB2EB7B84E55}",NA,NA,NA,NA,NA,NA
"{92445741-C7F7-4ECC-9216-AC6C8FCA879F}",2,1,0,1,1,0
"{451FC40D-DC10-4F0E-9669-08F781DC5535}",NA,0,0,0,1,0
"{09BEF289-3807-4FDF-91CF-259B778AE23D}",NA,0,0,0,1,0
"{482D150A-1C67-4669-8E05-28CB9D176CFE}",NA,1,0,0,1,0
"{21F91B34-AE1E-485E-8BDA-F0B1922FB27F}",NA,0,0,0,1,0
"{B3A602A5-60D5-4BCD-B9CD-4406F26001EB}",NA,0,0,0,1,0
"{1BC37571-CFC7-4CC5-B72F-AB08CA015C9B}",NA,1,0,0,1,0
"{999B7E86-D00C-4D47-B805-4AEB37E30C47}",NA,0,0,0,1,0
"{9B4BA1EC-5F0D-4F67-9701-03E6DEE4B2C0}",1,1,1,0,1,0
"{C0724FF3-EA13-4F25-BC09-1EF9383C284D}",NA,1,0,0,1,0
"{A56A14C6-780E-4C24-99A5-C807790A1BB8}",NA,0,1,0,1,0
"{EA623B43-0CCC-4DED-B6D8-4F9F9FC26A5D}",NA,1,0,0,1,0
"{60DC4D35-D561-48E6-A8F1-C465F87043EB}",NA,NA,NA,NA,NA,NA
"{C39DB4C1-273B-4A94-9522-81CAB276C817}",NA,0,0,0,1,0
"{9B61F608-476C-44E2-87C9-01D141236BF2}",NA,1,0,0,1,0
"{8EF303D1-7877-406F-9CF4-A89ABDF7FA69}",NA,0,0,0,1,0
"{E0E724F2-15D1-42E3-9ECC-06077B94A2B5}",NA,NA,0,NA,7,0
"{2E8640C3-AD1D-4780-B10D-D2866AF608A6}",1,0,0,0,1,0
"{AC4792F3-B5E0-49C6-BAF3-E01962F510F2}",NA,1,0,0,1,0
"{A6C06EA2-CC97-4018-A193-8CB0082B7A03}",NA,NA,NA,NA,NA,NA
"{F6D3156C-98DB-4336-9D48-4E6B7C47B653}",NA,NA,NA,NA,NA,NA
"{91124AC0-89FE-4CFA-9C88-3BCD626548BD}",NA,1,0,1,2,1
"{061C86D2-A9AE-429B-8B6D-56ECD1809D0A}",NA,0,0,0,1,0
"{0E0BFA4E-AAE2-4AA6-A53B-79E937FB9A47}",NA,1,0,0,1,0
"{83AA13E1-85B1-45FD-B0A6-96442F228DB8}",NA,NA,NA,NA,NA,NA
"{AA0C88F4-B6CE-4E11-9D89-9FC495207A44}",NA,0,0,0,1,0
"{3E85A473-6A18-4EEE-B6B9-8FE9EFEAB2D4}",NA,NA,NA,NA,NA,NA
"{DF0C8E80-299D-4D3B-9967-7D87D2DEB4F7}",NA,0,0,0,1,0
"{4EC55DE1-DFD3-4A86-BA67-B601705E96B1}",NA,NA,NA,NA,NA,NA
"{008D7CB2-3239-4E67-8175-830A37A3A45B}",NA,0,0,0,1,0
"{83801CB7-68CC-4E27-A711-81BB50215792}",NA,0,1,0,1,0
"{08689F68-5785-4B82-A299-3853E1A236DC}",NA,0,0,0,1,0
"{F14EDF1F-3E23-409B-A11C-6B3F4A87A27B}",NA,0,1,1,1,0
"{A6320CBB-0354-4CF6-85D3-B510FAB5EF8A}",NA,0,0,0,1,0
"{6B0F639A-12C0-4D00-A65E-132D179AA25F}",NA,NA,0,0,7,0
"{92A5942D-F12E-4074-8506-4527B7DB8B7C}",NA,NA,NA,NA,NA,NA
"{17E8FC00-AF21-42F0-9A0D-D9BC406CD4E5}",1,0,0,0,1,0
"{0C76B009-4A8E-4B09-A16B-893D33C4F10F}",NA,0,0,1,1,0
"{2C667624-2161-4368-A35B-9B42EE619C99}",NA,0,0,0,1,0
"{4E925C0A-A130-4DA6-8BCC-19DC988472F2}",NA,0,0,0,1,0
"{88661115-CDD1-4506-A136-1CB2B7EEFC7D}",NA,0,0,0,1,0
"{2FC74D82-B199-4567-A5C2-957537FCCFE3}",1,1,0,0,3,1
"{9F5D6D25-AFD2-4EFA-AA38-EA5E87BABB0E}",NA,0,0,0,1,0
"{C8AB6F06-6A18-4B7B-AE0C-6F66FD383872}",NA,0,0,0,1,0
"{CDB8A389-BE17-44F8-B513-F6A836BC7D1E}",NA,1,1,0,1,0
"{A665BE90-FBC0-4576-85F5-3F46B75331BB}",NA,1,0,0,1,0
"{1C669EE5-9779-42A6-84BC-79CB85BE9B6B}",1,NA,NA,NA,NA,NA
"{57017E56-3603-426B-ADA6-F1CEF4E35249}",1,1,0,0,1,0
"{0F893699-DFCF-48F4-AE8E-456C82EEC69E}",NA,1,0,1,1,0
"{9AA1937B-CC8E-4A41-AD0C-0464CA8EC5B6}",NA,1,0,0,1,0
"{9292C846-4221-44E5-A1AB-62E1C2BF4C44}",NA,1,0,0,1,0
"{9C88E4F4-2F43-40E2-ADD1-C64C6D0D5284}",NA,0,0,0,1,0
"{8032AFEB-514B-4B63-8D0A-6E819E2B8246}",NA,1,0,0,1,0
"{543318A6-1968-4F1F-9ABE-30E71B4E668B}",NA,1,0,0,1,0
"{6FFCAB35-623E-4AAD-A267-EF0632D4D562}",1,0,0,0,3,1
"{A3ED66A4-CBE1-4611-852F-41E2E7E36BB3}",1,1,0,0,1,0
"{2E987D11-320E-47B5-A9F3-E3448EC791AD}",NA,1,0,0,1,0
"{72CA0222-CEAB-44FA-AB5B-ECC32AFFA245}",NA,1,0,1,1,0
"{2002D815-014F-4B8F-8E96-9198C7E2916A}",NA,1,0,0,1,0
"{47DC730E-700C-4BCB-8096-C6CD4B78957B}",NA,0,0,1,1,0
"{B59E10D5-4159-4BB9-8C73-065A01941630}",NA,1,0,0,1,0
"{68045A0B-562C-4B88-96B3-0F30A6B73394}",NA,0,0,1,1,0
"{1D95E4BC-8D71-488C-83B2-765A54C7AB84}",NA,0,0,0,1,0
"{ABDF8C4F-9FEC-44D1-815A-4819ADD7ED5A}",NA,1,0,0,1,0
"{0ED855BF-6914-4171-96BD-50A8FBD4689D}",NA,1,0,0,1,0
"{0499E806-7C2E-4659-9378-05C8904AF9A5}",NA,0,0,0,1,0
"{9400B7F3-9494-4BB9-8E6D-936AEB3FC694}",NA,0,0,0,1,0
"{389550E5-5312-4572-8C4D-02D631AD62BB}",NA,0,0,0,1,0
"{7F1FDBB2-A4F5-470F-89D4-067C3232E9C6}",NA,1,0,0,1,0
"{80A96F04-2B3C-4C57-9EA3-B03B2C1D5E41}",NA,1,0,0,1,0
"{8EA3FEF4-2746-4992-BFF6-76F4FBD11AD8}",NA,1,0,0,1,0
"{28CEC12C-D0FD-422C-AF0E-657B9F0DB3E5}",NA,1,0,0,1,0
"{6F595EEB-A0BE-49E0-A0B1-189CD1FCB85D}",NA,1,0,0,1,0
"{337209F7-9DB5-472D-8F75-3B6E382B13C8}",NA,1,0,0,1,0
"{31CA23ED-973F-4F8E-B3C7-CCF9E5AB96D9}",NA,1,0,0,1,0
"{973A494B-1B45-4ED5-AB24-A0F1EED3B873}",NA,1,0,1,1,0
"{446B63FE-E50A-4104-85B0-F700B8484AF3}",NA,0,0,1,1,0
"{D4B520E4-CD6E-4287-BADC-6283AF4272A9}",NA,1,0,0,1,0
"{D7C34455-846F-4D33-8C76-65379C688677}",NA,0,0,0,1,0
"{F31AC42F-2B59-41E7-BF12-B1F05FBA438F}",NA,1,0,0,1,0
"{1DBB5674-0EC6-4B10-A10B-84451E3E4916}",1,1,0,0,4,1
"{C2F44224-CEE5-4361-8E2F-081E8162073E}",NA,0,1,0,1,0
"{8ADD3240-6571-4661-9EC2-602390570F1D}",NA,1,0,0,1,0
"{C96764FB-4F15-4E27-8D64-303B2D98A727}",NA,1,0,0,1,0
"{75D58DE0-03C7-4940-A255-5FD0F143553C}",NA,1,0,1,1,0
"{50DF774B-E158-47EC-B2C4-543F1348BA30}",NA,0,0,1,1,0
"{12C572AE-40AC-4838-A63D-A04D18ADF5E8}",1,1,0,0,1,0
"{9157887F-1009-4B87-A696-81EBF9F71C5F}",NA,1,0,0,1,0
"{92FBEB08-CF5D-4234-B561-3C0AB8D7C105}",NA,1,0,0,1,0
"{4A22137D-5B7F-4325-8FAB-9C19640E9E3B}",NA,0,0,0,1,0
"{25A2E111-ECA6-4FBF-89F2-7AEC50DCBB73}",NA,1,0,0,1,0
"{DFC6A81C-4FB4-4628-9999-951F3365CC2D}",NA,1,0,0,1,0
"{8858D9DB-905F-4F33-8BF2-647C8792A43B}",NA,1,0,0,1,0
"{36CF68BD-ABDC-4AEC-B9F8-55F2D755F4EB}",NA,1,0,0,1,0
"{7B13B370-37A8-40BA-AF21-4CDDAE57F562}",NA,1,0,0,1,0
"{BF014A07-17DA-4229-BA5F-6D6C7D903AA1}",NA,1,0,0,1,0
"{923F5949-52C6-4EF3-89DF-EB65C4745755}",NA,1,0,0,2,1
"{19CCB55C-A04E-4FAD-BAD4-83DFB7AC3392}",NA,0,0,0,1,0
"{30D98761-48E5-4769-9847-AC9CA4D0E0AC}",NA,1,0,0,1,0
"{6B23EF51-0B70-4F3F-9027-9D1030345A21}",1,1,0,0,1,0
"{A944302C-8A1F-4A81-BE9C-C8AC41B64BF8}",NA,0,0,0,1,0
"{ED4DB6DA-AB52-4F82-86F2-C39751227AF4}",NA,1,0,0,1,0
"{983897A7-CF1B-4F83-A458-3B4606FF9FC2}",NA,1,0,0,1,0
"{033A5766-7F66-432D-AB59-F0D22B505FBB}",NA,1,0,1,1,0
"{6C7DB7C6-F97E-4F58-B01F-61DC8D9F7B0A}",NA,1,0,0,1,0
"{BC0D6961-38E4-4B4C-8C7F-51E77359B5CA}",NA,0,0,0,1,0
"{BD270011-C0C3-4D04-8C1C-F3F771CEE5F3}",NA,1,0,1,1,0
"{A7948763-BAA3-42F9-9274-19B191FBBF5D}",1,0,0,0,1,0
"{CAA6898F-F7F5-44C8-900E-E00F1DD549E2}",1,0,0,0,1,0
"{4FC1C927-DB89-4251-B4E4-E16BBB55A3F7}",NA,0,0,0,1,0
"{FA989379-FF3D-43DC-BBB7-00D32AA897DF}",NA,0,0,1,1,0
"{21F7B22B-03EC-4553-A72B-0031FCFD584A}",NA,0,0,0,1,0
"{53A2CCEF-F6A3-4B76-B941-5BF9815A4577}",NA,1,0,0,1,0
"{0F15F94C-B984-43B9-B54B-9FA1799567C0}",NA,1,0,0,1,0
"{9390BCA7-8EA4-4BF7-A0CF-A23523E80349}",NA,0,0,1,1,0
"{1DB32ADC-20A2-436B-A695-AF630804C35A}",NA,0,0,0,1,0
"{86B682CD-6F91-4B40-A399-E7B42B285036}",NA,0,0,0,1,0
"{C46C83D1-34AA-4E92-8630-77C904D5BB50}",1,0,0,0,3,1
"{39F4D284-3BE3-4EF7-8358-9DB48070466B}",NA,1,0,0,1,0
"{89E00E3D-5784-4F3C-AB60-7E76B113651F}",NA,1,0,0,1,0
"{52846A04-4F47-4246-B858-544DF0FFF47E}",NA,1,0,0,1,0
"{3388CD79-7284-41BF-890B-A09B8EDA0CA1}",NA,1,0,0,1,0
"{72C3136F-A1EC-4789-B06B-F2A7FBAC7036}",1,1,0,0,1,0
"{BCE8427F-1A1B-4D47-BE1E-CBA29B436FFA}",NA,1,0,0,1,0
"{49C6FF75-72AE-483B-AA27-4058A0C3E9C0}",NA,1,0,0,1,0
"{99D5F67B-D323-4BA1-BC4B-004D2DD8CC4D}",1,NA,0,0,7,0
"{09E9C1BE-1A3D-479C-A9EA-231297F7C3F8}",NA,1,0,1,1,0
"{E8094162-9612-4A61-85B3-34906528BED3}",1,1,0,0,1,0
"{6C5AD893-61EF-467A-A1F3-F8C358F9BA86}",NA,0,0,0,1,0
"{13D76662-5DBD-4CF0-9697-3EB01F1AA22D}",NA,1,0,0,4,1
"{7D0015EF-8DE9-4AA2-9C1F-A9C448C33A72}",NA,1,0,0,1,0
"{E5ADBBE6-E29A-4A65-ADD2-45C97D94000E}",NA,0,0,1,1,0
"{64F45E0E-FC6B-48E8-93AA-33D33DE8F925}",NA,0,0,0,1,0
"{F5EC0EE5-C65E-4F09-90F4-151544C59EDD}",NA,1,0,1,1,0
"{558E4640-A087-4FD4-9137-660E7D317FD8}",NA,1,0,0,1,0
"{65B848B7-98DE-4B4E-84FE-BFD0B9A531A7}",NA,1,0,0,1,0
"{AFE02E5F-A18D-4393-842F-82CA5141E0B6}",NA,1,0,0,1,0
"{3F938A10-DDEB-4AD5-B7F8-7549FC62C75F}",NA,1,0,0,1,0
"{09186658-C233-4F53-8095-03443A2AA2CA}",NA,1,0,0,1,0
"{4BC6C531-3778-4B79-B3F1-09F7B543CBBA}",NA,1,0,1,1,0
"{1C9687CC-75D9-40DD-A094-76E6C142B7DC}",NA,1,0,0,1,0
"{3F5BBAEF-7CB6-4A78-B131-921DD2234C88}",1,1,0,0,1,0
"{0BDD1030-9A68-4E6B-A50B-6A85DE80542C}",NA,1,0,0,1,0
"{5A108F29-F4FD-4D99-80A8-53561792095A}",NA,1,0,0,1,0
"{7B7B47E8-127F-43B6-8DAA-33AEB4B96B25}",NA,1,0,0,1,0
"{7890735E-7628-42A6-862A-02D807366596}",NA,1,0,1,1,0
"{D89B453F-8A9B-4054-84F6-EB1D9A991D01}",NA,0,0,1,1,0
"{4A25AA78-E9C3-4C75-BBAB-E3411592DA02}",1,1,0,0,1,0
"{0917D058-4B80-4B25-A040-0CC29D1DC38D}",NA,1,0,0,1,0
"{1E99650E-F7D7-46A6-A843-C1C30242B375}",NA,0,0,0,1,0
"{C9A240DD-2B60-4086-AD64-FDE0027CB5D0}",NA,0,0,0,1,0
"{0337D4FE-7B28-471E-A935-EBDC8B20E1BC}",NA,0,0,0,1,0
"{C92EF7BD-4244-4A93-BF6E-8835297FA17C}",NA,0,0,0,1,0
"{B699775B-B5E8-46EA-8540-448AEF4370BA}",NA,0,0,0,1,0
"{1D20F2A3-9D6C-4674-81C6-F140171C9D53}",NA,1,0,1,1,0
"{5ECAF9C2-3601-4672-8AC7-4CC06B43659A}",NA,1,0,0,1,0
"{D8676A8E-7495-4131-9C9A-EA7994EEA183}",NA,1,0,0,1,0
"{6530EEB5-C3DA-40FE-9022-88EF847B5A60}",NA,0,0,1,1,0
"{2B90AD70-96D8-4A36-AC3B-BF081B0D5DF3}",NA,1,0,1,1,0
"{1C9F8D57-984A-472E-83A9-999407331F9A}",NA,1,0,0,7,0
"{DEB516A7-BE30-4FE8-A38E-5FA6341F96C7}",NA,1,0,0,1,0
"{AE8487DE-131A-47FA-B0B7-7D75E1384C4A}",NA,1,0,1,1,0
"{3C624371-7D5B-4682-841A-9F100478105C}",NA,1,0,1,1,0
"{AFE6FBD9-0DCF-46AB-974E-E0A1C5B6E2C6}",1,1,0,1,1,0
"{DAD2F0DD-C5AD-4ED9-B6AA-75F44DC5F914}",NA,1,0,0,1,0
"{8FC23B63-0F8F-4D6E-BC8E-47E78AB50A73}",NA,1,0,0,1,0
"{794897B6-09C3-4C54-A76D-125AE32A2576}",NA,1,0,0,1,0
"{B120A601-90BF-4ADC-9B93-C9750003CC6A}",NA,1,0,1,1,0
"{C4A4C586-52A6-496B-A282-18455145F2C6}",NA,1,0,1,1,0
"{BB9F0AE4-ECDC-494D-8AD1-E90571532ED9}",NA,1,0,0,1,0
"{EAF9559E-DB77-448C-8F31-15D732C27590}",NA,1,0,1,1,0
"{DF2CCB65-B9E5-4E93-BA0F-F6C6CF5D9365}",NA,1,0,1,1,0
"{4EE968C1-E674-4D40-9896-76F3BF71E256}",NA,0,0,0,1,0
"{26279E94-1B9F-4BC7-A71E-7C5DDBB9BFB6}",NA,1,0,0,1,0
"{9E6B9C66-6324-47BA-9412-FA3AED9A6EFB}",1,1,0,0,1,0
"{5C79E70B-DB61-4EEF-AD42-E13AD7E08093}",NA,1,0,0,2,1
"{2DAD58D0-C0BA-4DAD-9B55-C2861FCF1ED1}",NA,1,0,1,2,1
"{86A37256-0EF4-4FA4-998E-F9BD53AAEC53}",NA,0,0,0,1,0
"{1CA21226-9B7E-4DD5-8E59-D5BB58A77FCA}",1,0,0,0,1,0
"{01C83CFB-125D-4217-861E-E079F9DFD1D6}",NA,0,0,0,1,0
"{BE950D56-EF06-400F-ABE5-264ECF591E74}",NA,1,0,0,1,0
"{451584D4-73CF-4C6A-AEF6-4E081B07E912}",NA,0,0,0,1,0
"{EB89D080-AC74-4488-B5AD-40C22EEBB69A}",1,1,0,0,1,0
"{F31E5197-F3B7-4090-8EAA-41FC234CBA02}",NA,1,0,0,1,0
"{3D06B3C8-B168-4BDA-8E0C-CD534E7DD4A8}",1,1,0,0,1,0
"{F38E18D3-79AF-41A8-ABB5-132C74BE2F3B}",NA,1,0,1,1,0
"{DBEB34F0-5B37-4BA1-93F7-59BE5EC1C590}",NA,0,0,1,1,0
"{74FC74A4-048F-48DF-99FE-CC7221B058BB}",NA,1,0,1,1,0
"{051DB1D6-FADA-4535-871A-432FF21E364C}",NA,1,0,0,1,0
"{5D3E7E9B-86A4-4F10-87DF-EF738C2839C4}",1,0,0,0,1,0
"{DBB34CE1-C34E-4096-B1E9-71C6C8441CC6}",NA,1,0,1,1,0
"{25F0AF90-F973-4856-83D6-1B77EAA1FFCD}",NA,1,0,0,1,0
"{02C7D773-E754-441F-ACF2-B147F09DDC1E}",NA,1,0,1,1,0
"{DD8E2199-3F19-47FF-B31D-4131A3B8B78E}",NA,1,0,1,1,0
"{91456997-CB60-4F87-9407-E2201DEC314D}",NA,1,0,0,1,0
"{E9EEE73D-6CA4-41F5-9276-7B5271E0ACDA}",NA,1,0,0,1,0
"{2522139B-FDCE-4619-8B0E-D57A1A61917F}",NA,1,0,0,1,0
"{8EB0FD9D-90C4-487E-BF08-0FA5988335C5}",NA,1,0,0,1,0
"{899AF5B9-6418-4859-BF5D-435C510AB3FD}",NA,1,0,0,1,0
"{80109318-955E-4A0B-9BD7-0A4810AA6D24}",NA,1,0,0,1,0
"{65150B5A-9A68-480C-AD29-BEA4ABC2142A}",NA,1,0,0,1,0
"{31379414-6599-4703-B43E-85565AE3453F}",NA,1,0,1,2,1
"{AAFB867D-1927-4F69-BD1D-C3141849D9F8}",NA,1,0,0,1,0
"{E72843C9-1C98-4D60-A7A0-4B931069C477}",NA,1,0,0,1,0
"{8CDB1DE5-3D93-484D-A2F4-711BD3740BE7}",NA,0,0,0,1,0
"{EABEAEE4-909D-4A52-8F1F-38C329F259F3}",NA,0,0,1,1,0
"{B110373A-00F6-4B63-A811-1C767B66AB4F}",NA,0,0,0,1,0
"{1AE368E8-A1E5-4461-9B57-A4652F092D96}",NA,1,0,0,1,0
"{CDA3205B-E07B-4DBC-8627-DFCECA20487D}",NA,0,0,0,1,0
"{E0A71C13-43CA-41F7-BC29-66377F143702}",NA,1,0,0,1,0
"{869868AD-0A82-4496-B59D-76DED8970F95}",NA,1,0,0,1,0
"{13C5BC01-EAB8-4963-8580-2D09AA16C925}",NA,0,0,0,1,0
"{DA2955F9-C02A-4E95-BE98-2F8E9CC280FA}",NA,0,0,0,1,0
"{38406F42-BF5D-43D4-A13F-DEFC5C3389E9}",NA,0,0,0,1,0
"{CE3D0750-BFD7-40E9-A4C3-9E7E5FFBC876}",NA,0,0,0,1,0
"{C78434E2-9FF1-4F89-A3EF-BBD94849A795}",1,0,0,0,1,0
"{9A1B26A4-A694-42B3-B261-DEB18905C30C}",1,0,0,0,1,0
"{E41D78D2-D908-4150-8D97-AC514ECFC34F}",NA,0,0,0,1,0
"{E7467757-FCDA-4E3F-A5E4-2D2BF60808A7}",NA,1,0,0,1,0
"{6890CA10-D422-4235-A4D1-AC4A1A89E248}",NA,1,0,0,1,0
"{C55B0BE5-DB04-49FA-B010-BF292A501CB7}",NA,1,0,1,1,0
"{ABFA9AEF-5241-44F0-BAEE-95150BAAD29C}",1,1,0,0,1,0
"{B7DF3D51-4DC3-41B9-B078-85C1802861AA}",NA,1,0,0,1,0
"{1E2BEBD6-BA65-4631-810D-E71A0EDDC8B5}",NA,0,0,0,1,0
"{FBD4D89F-76DE-45F1-8668-629294585B9F}",NA,0,0,0,1,0
"{6F6868CA-5958-428E-AAEB-77ECFB1218E9}",NA,0,0,0,1,0
"{E99CD074-D530-4683-A800-29093AB719BA}",NA,1,0,0,1,0
"{C8BFEDED-9796-4D26-927C-59FD2BED588D}",NA,0,0,0,1,0
"{5726C795-711D-49B7-8385-BFCA0A62E331}",NA,1,0,0,1,0
"{55BC57E3-195C-46C5-999C-1D996CAAFEA9}",NA,1,0,0,1,0
"{632AAE01-7E0E-4B38-925B-FA591449FF9D}",NA,1,0,0,7,0
"{E568C23F-4773-41E1-B4A4-4F319FE86C92}",1,1,0,0,1,0
"{952FDDDE-96A7-4899-9C80-48935E22199D}",1,1,0,0,1,0
"{E5F4E13E-4758-448A-B5E3-478FB988E3CE}",NA,1,0,0,1,0
"{C3BD46EB-DF61-4C0A-A672-B43D2ECEAC07}",NA,1,0,0,1,0
"{06C26761-C4F1-40B4-B9F8-27F324053EEC}",NA,1,0,0,1,0
"{D5343CBA-F0AD-4CCB-BE4E-1A1CE8180F34}",NA,1,0,0,1,0
"{15C7C771-0B6C-439B-A31D-7A54800B6594}",NA,1,0,0,1,0
"{B5D66E2D-EDA4-4F9B-9D01-3AF8BAC633A5}",NA,1,0,0,1,0
"{33F4D89C-31A8-4A19-A14C-BCDF5F406312}",NA,1,0,0,1,0
"{522C5095-14FF-46B1-9943-FA68E837B0E0}",1,1,0,0,1,0
"{E2B65642-47D2-4686-9257-E16DD2532067}",NA,0,0,0,1,0
"{1DF7C60A-EA92-4065-9C99-37B89A670913}",NA,0,0,1,1,0
"{E02DC23F-4F80-4971-BD55-A3422D7F06CE}",NA,0,0,0,1,0
"{04A79829-AA61-4309-ABAF-46B8C97C264C}",1,1,0,0,1,0
"{37016806-BD03-409C-AE4D-D3EE17508F5A}",NA,0,0,0,1,0
"{0F672C59-F4DB-40D9-8DFC-B9341C992B40}",NA,0,0,0,1,0
"{10C8ADB0-FE00-445D-B704-94CD900402E9}",NA,1,0,0,1,0
"{5D6D3C85-F8AA-4155-8F40-5B740ACE3239}",NA,1,1,1,1,0
"{93601EDF-46DD-4E2D-8F8D-C9569CAC11E1}",NA,1,0,0,1,0
"{FB84E953-8F4D-40C9-B538-1DA92A8EC2A0}",NA,1,0,0,1,0
"{FB38B3EF-BDFD-4179-A662-726C56C42D9C}",NA,0,0,0,1,0
"{4F12B9D1-6706-4D6D-839B-52D6A737B920}",NA,1,0,1,1,0
"{6D355069-DC9F-4F5F-AFFA-B72673F334BE}",NA,1,1,0,1,0
"{178A629A-BCCF-45F6-8754-E38AA7CE92BF}",NA,1,0,0,1,0
"{8BE7833B-3788-4C9C-9D29-4E861D9763BA}",NA,1,0,0,1,0
"{ACE18A5F-1CA6-493D-BBDD-D663F86A2793}",NA,1,0,0,1,0
"{3B00158B-85AE-4E26-9F52-8F5A76F3A0B1}",NA,1,0,0,1,0
"{25CCE26F-3F9E-4213-A6E7-965FFBCC34E7}",NA,1,0,0,1,0
"{71EE0E03-08AE-4438-A82D-FA114B6AABB9}",NA,1,0,0,1,0
"{9567D7DB-9044-4E61-8673-FADD60E2EAB5}",NA,1,0,1,1,0
"{4A292769-EA46-40EA-8E6E-D7D44536B1A8}",NA,1,0,0,1,0
"{BD1EEE30-0A3B-413B-AC2B-C4ACDAAA10A6}",1,1,1,0,1,0
"{E380666F-A636-4FFD-BAA9-35810DC97CCE}",NA,0,0,0,1,0
"{8FE00D3E-5DA5-431B-AA21-6E835D707A32}",NA,1,0,1,1,0
"{9F5F5369-EF52-41D9-89CC-B99E860FDCDA}",NA,1,0,0,1,0
"{C60819FE-0187-4AE1-926D-EBE127EBCBC6}",1,0,0,1,7,0
"{C09A31B2-3CAA-4A02-A0D5-69E63B18C31F}",NA,1,0,0,1,0
"{3C53E61E-1819-4294-894A-8BF8326C2ECA}",2,1,0,0,1,0
"{E032C3F9-B7F3-478C-B91A-C8E932F28062}",2,1,0,0,1,0
"{1416E65F-88A8-4AA8-A866-5B4011CF246F}",NA,0,0,0,1,0
"{57FF1337-B6B1-4EDE-B1BB-655B55F825F5}",NA,1,0,0,1,0
"{91F7FB94-4D73-469E-952D-927DEDC8B709}",NA,1,0,0,1,0
"{7D6E356B-AA96-47A1-9C81-D4CF7DC6F207}",NA,1,0,0,1,0
"{BCE3F20F-64A8-4E13-BB25-B64C519B2DCB}",NA,1,0,0,1,0
"{2FA9DB82-941F-46CD-860C-5DFBFD94439E}",NA,1,0,0,1,0
"{7F3B7CC9-26BD-4EEB-9BC1-515914464141}",NA,1,0,1,1,0
"{6A7427DC-F0EF-41CA-AAE1-5C8076714195}",NA,1,0,0,1,0
"{DCE63F68-7DC6-4494-92F5-4D0F719B5B21}",NA,1,0,0,2,1
"{090EDD37-134D-4EEA-90A1-A2DC973FFAE0}",1,1,0,1,1,0
"{765E427A-48CE-4B2E-9466-CB446BE439A2}",1,1,0,0,4,1
"{C7C6DFEC-20DE-4EA6-B312-325C01277DF8}",NA,1,0,0,1,0
"{67ABF7B3-7F1B-4E48-9ACD-C3F40F2E6F31}",NA,1,0,0,1,0
"{848F1947-31F8-444E-B110-CDB1CE38318E}",NA,NA,0,0,7,0
"{B6775484-3E1C-4076-A271-662ED2237FD2}",NA,1,0,0,1,0
"{4C47D94E-C710-4CC3-84B6-2DE2744DA65B}",1,1,0,1,1,0
"{77192E28-EF84-4AA4-B46C-8E680C3FD8AF}",NA,1,0,1,1,0
"{7D3A008A-381C-415C-939C-05F957997792}",NA,1,0,1,1,0
"{A5F8533C-2323-45BB-8DC1-BA539FC808F1}",1,1,0,1,1,0
"{50A79C14-6E90-4AB8-BA21-88971AF63AB3}",NA,1,0,1,6,1
"{22B36F76-3A55-40D3-9926-746C1643A0E2}",1,1,0,1,1,0
"{8178C90F-60E5-44EA-A1E0-0072A82702DF}",2,1,0,1,1,0
"{CC09889A-BC50-40F7-AEA6-FD4C932E83FE}",2,1,0,1,1,0
"{20B7454B-4F6E-49FB-A802-6515F6EA2FA9}",2,1,0,1,1,0
"{DACB65DC-4F0B-4B6A-BF42-F417CBE3FF95}",2,1,0,0,1,0
"{5A48D99E-269F-4DB2-B8BB-6AA6C3A6E65A}",NA,1,0,0,2,1
"{5DBCAA32-E7BC-4DA4-ACC0-87AABB31CE4C}",NA,1,0,0,2,1
"{D0469D81-163A-4BEB-ABD7-C0C570A9C700}",2,1,0,0,1,0
"{12B7EC84-0526-4BFF-A0A2-3232AF2D610C}",NA,1,0,0,1,0
"{BB1CCEF1-8AF2-4378-BE27-7C87A47766DD}",NA,1,0,1,2,1
"{253E9939-4D97-4338-AEB4-77379FD87111}",NA,1,0,0,1,0
"{2E20B1C7-141F-4BD2-AB48-AFFB92DC8494}",NA,1,0,1,1,0
"{E1D0E4ED-5ED6-4B74-BFAA-200B7F7CF3B1}",NA,1,1,1,1,0
"{0C1C2BA6-6DEB-4FD8-BC80-2F60A9F0FE81}",NA,1,0,0,1,0
"{9A14E9AB-4B36-4381-8BF6-462D983C323F}",NA,1,0,0,1,0
"{7E70713D-C0A1-4AF1-9842-68D3FF1B73E1}",NA,1,0,0,1,0
"{0F84C710-5572-4C84-9673-329CDB023166}",NA,1,0,0,1,0
"{0C4E0426-57A1-4E15-A256-292F45D09C17}",NA,1,0,0,1,0
"{FFFE6399-01B7-4695-B53D-5EA788568034}",NA,1,0,0,1,0
"{E28599A8-2097-4655-9737-0DCA7BF5687C}",NA,1,0,0,1,0
"{0E5C9FA7-BB00-467E-ACF5-638B38710AE2}",1,1,0,0,1,0
"{0A1515CA-2362-4B32-ADA8-E4A0405CA607}",1,1,1,0,4,1
"{22FB9EC3-9571-4EB7-B997-CF8BB3E5299B}",1,1,0,1,1,0
"{6A68C3C5-DA93-4258-89C2-CB6AE004B2ED}",1,1,0,1,1,0
"{914AAA56-4E46-40B5-B504-EC6A4BE2DF05}",NA,1,0,0,1,0
"{1F0266F9-13E7-4977-8EDB-83AD76615CC5}",1,1,0,1,1,0
"{955E7E72-92C9-44A2-8202-0C47F26C2A7A}",2,1,0,0,1,0
"{6CBABCC2-D0B1-435D-9FFE-1551D7E41FB0}",NA,1,0,0,1,0
"{F3503266-419C-4543-B8B1-60A919613F7F}",2,1,0,1,1,0
"{88F954FB-368A-4AFC-A4D5-51750C5421B0}",2,1,0,0,1,0
"{FF8891D8-52CB-404C-A504-3707CA45E56F}",NA,1,0,0,1,0
"{2D149234-6ED6-4BDE-93F0-BA55B862D467}",2,1,0,1,1,0
"{FEB36128-F4FD-4265-B984-DE8B4EF1DA8E}",NA,1,0,0,1,0
"{B06B472B-D883-44EF-BA4F-8AD1F7BC3E1D}",NA,1,0,1,1,0
"{CD76EA5F-434C-4264-B045-5DC9F7AB5EA8}",NA,1,0,0,1,0
"{6843E41C-E325-4B2B-8947-7749A9029AEE}",NA,1,0,1,5,1
"{5B1AB8F1-723D-4E25-9978-A428BB830303}",NA,0,1,0,1,0
"{92D3BB02-A7D4-40BA-8F47-FD4295D88444}",NA,1,0,1,1,0
"{750D42FF-207D-49F0-A041-D347A28F6F1B}",NA,0,0,0,1,0
"{F092338A-2A1B-4199-90B0-61BA54D69626}",NA,0,0,0,1,0
"{F087C365-9EDA-4E04-911E-1A0A63C05DE7}",NA,1,0,0,1,0
"{17185378-9000-44B8-923E-08A0A74C834F}",NA,0,0,0,1,0
"{D553DF53-06D2-4330-BDC7-F6FBFA908369}",NA,1,0,0,1,0
"{4E8FCD28-8F68-4368-9598-1A4043881024}",2,1,0,0,1,0
"{0381F5A0-B2B4-4054-9400-72DC9F417E34}",NA,1,0,0,1,0
"{074CD156-8855-41BD-B352-9EDE08675061}",NA,1,0,0,1,0
"{1FDBA858-52CD-4AC3-8D86-0A2305D7719E}",NA,1,0,0,1,0
"{593C827C-E644-41A6-835F-E36425682C76}",NA,1,0,0,1,0
"{569810A7-3E49-4B97-80BE-435280F862FF}",NA,1,0,0,1,0
"{6A8E3894-DF81-4E40-96CC-96246C837F82}",1,1,0,0,1,0
"{DBA43C69-048E-405B-B1AD-DB60757E6BB0}",NA,1,0,0,6,1
"{6A114939-6084-409C-9C1A-331B95F4955B}",NA,0,0,0,1,0
"{C02D4B5E-711C-488D-929F-244C42329E81}",NA,1,0,0,1,0
"{321A8631-564C-4AE1-976F-1B5197D614F7}",NA,1,0,0,1,0
"{8608484B-21D1-427F-96DB-7C4F2E9065E6}",NA,1,1,0,4,1
"{88ADC5DA-EC85-450F-BB55-2B2DBE78EEDC}",NA,0,0,1,1,0
"{FAA96ED2-56DD-4C0A-A569-483DE10EC112}",NA,0,0,1,1,0
"{157015CA-1495-4C3B-8514-85997CA7C42D}",NA,0,0,0,1,0
"{28A84B86-56E2-4BA3-B9AE-6ADF72F3F4D7}",NA,1,0,1,2,1
"{D16CC997-F8A4-4DDC-B4C7-F332CFE353E7}",NA,1,0,1,1,0
"{8B5A94F5-487B-4E81-97E6-386D7EE1F52F}",NA,1,0,1,1,0
"{7D1806EF-199C-4C81-AD18-79C203CC67A7}",NA,1,0,0,1,0
"{76935810-7CDB-4BDA-82DC-4E9FA628627D}",NA,1,0,0,1,0
"{0D1D7E54-1663-4437-A7B3-D0F1019F89CA}",NA,1,0,0,1,0
"{E887A12C-D2DC-4DC9-ACBF-CC71399A8A6E}",NA,0,0,0,1,0
"{F0184283-EA5B-483A-934A-4474A606D866}",NA,1,0,0,1,0
"{F8221F64-8608-4A55-B0EB-13277DBA1826}",NA,1,0,0,1,0
"{D3B06298-3DAC-4941-BA32-35218468862C}",NA,1,0,0,1,0
"{0A7BF537-9ABD-4C7F-9B46-5F5E63239479}",NA,1,0,0,2,1
"{8199A02A-0008-4F9D-B6C3-9F6A66E3449D}",NA,1,0,0,1,0
"{CB673869-E305-40CE-9708-E0658B8F7E8B}",NA,1,0,1,1,0
"{376EA4EA-D642-461E-91FF-27D4DA753AA3}",NA,1,0,1,1,0
"{D578B611-4892-417A-B90C-ED8A19A54F26}",NA,1,0,1,1,0
"{297B6AFD-70EE-4CB4-AA52-465E6717CA2A}",NA,1,0,0,1,0
"{7A762796-7811-4F86-9AFD-643CAED7D680}",NA,1,0,0,1,0
"{5C59292E-CD6C-462A-A153-770A2B46E652}",NA,1,0,0,1,0
"{18F97136-D291-4030-B7A2-A05AE9078865}",2,0,0,0,1,0
"{A692320B-159B-4E7D-826C-161F9FCD261B}",NA,1,0,0,1,0
"{574B7CCF-3A74-46BF-84D5-B7E207D9E3A5}",2,1,0,0,1,0
"{A7B55F79-9B73-4ACE-B4CF-73F5D25ADFEF}",NA,1,1,0,1,0
"{DBB8F551-714E-45E3-B552-EC53A122CED5}",NA,1,0,1,1,0
"{6FEB4E37-B510-422E-8275-1BF09694DCDD}",NA,1,0,0,1,0
"{1EE71986-A978-4551-8DC5-02D1149FFD9A}",NA,1,0,1,1,0
"{B12DA976-0D50-4A6F-85BA-89EF5E8C2744}",NA,1,0,0,1,0
"{8C4EE86B-ABC8-4E4B-8AF3-C4331DFFC8AD}",NA,1,0,1,1,0
"{5620A044-F60B-4F59-B771-CF572B8B4714}",NA,1,0,0,1,0
"{FD3BBCCD-0AA7-411C-99F5-AFD6EE964939}",NA,1,0,0,1,0
"{A3DAB5FB-5D47-482C-8F16-ECE27DE8D4EA}",NA,1,0,0,1,0
"{33937954-15B3-4F19-855F-A03A56271C6A}",NA,1,0,0,1,0
"{639E5E34-C3B6-4293-8290-39D05681846A}",NA,1,0,0,1,0
"{39EBF7C8-01CF-4250-936B-3C36E4A00644}",NA,1,0,0,1,0
"{1CEA5304-43EB-4295-A970-D57CAD29D147}",NA,0,1,0,1,0
"{891CE3A4-64A3-4A03-A206-16F2BAD498AC}",NA,1,1,0,1,0
"{79CC7035-AA5C-44A1-9A08-FDC88E043E01}",NA,1,0,0,1,0
"{93635453-07EE-4580-B323-094014644FDB}",2,1,0,1,1,0
"{92AC7C95-50D8-44C5-A056-5331598F51B6}",NA,1,0,0,1,0
"{746900D3-FCA9-4F6C-9E87-C5488FE8C59E}",NA,1,0,0,1,0
"{8CD8EA87-6377-47B1-890F-F16F1853226F}",NA,1,0,0,1,0
"{65DCA40A-E961-4C5C-8867-223F2E647CE9}",NA,0,0,0,2,1
"{4C26E3FD-360C-4919-B105-B61E247250B8}",NA,0,0,0,1,0
"{A08D6119-6559-4DD1-9C31-4C03AA4EDFB5}",NA,0,0,0,1,0
"{DDAC85AD-D716-4139-AEBD-E789B954F910}",NA,0,0,0,2,1
"{B449E3B2-C0E9-4B17-8228-20D865D521F1}",1,0,0,0,1,0
"{11436447-2677-4977-AC12-D1F883B91520}",NA,0,0,0,1,0
"{18495DE5-5AE6-4086-92CC-1BACFA709D9D}",NA,1,0,0,1,0
"{83E074E3-F7E3-49C0-BF9B-C1B26EAA1E3B}",NA,1,0,1,1,0
"{FAE4B00F-571A-4783-9F82-8554A68B63DB}",NA,1,0,0,1,0
"{CF3A1087-256D-47EE-935D-1EABC60C0B09}",NA,1,0,0,1,0
"{C5ED2D37-DA18-45E0-B3A4-B5EEE55D3987}",NA,1,0,0,1,0
"{8887F073-A5B4-4527-AB70-525D887BDDFF}",NA,1,1,0,1,0
"{B1AE93FD-1E19-4ACB-B694-AD138402B33C}",NA,1,0,0,1,0
"{626DFB0D-99CE-417F-8193-38B799396938}",NA,1,0,0,1,0
"{9645FDDD-F186-43A5-8458-1066C56F4609}",1,0,0,0,1,0
"{C03FF65D-C795-4B31-B8BC-6AB464044A7E}",NA,1,0,0,1,0
"{FF099970-F4E2-4A76-B501-299B54D00FAA}",NA,1,0,0,1,0
"{9D66DF58-2319-4D58-88BB-7C70CB29263B}",NA,1,0,0,1,0
"{05934BF3-AF9B-4397-BF67-609DFF96F789}",NA,1,0,0,1,0
"{651C7E87-96BB-4658-8F9F-655078A42AEB}",NA,1,0,0,1,0
"{DE85586F-B733-4559-98BD-3C558A765E8F}",NA,1,0,0,1,0
"{BBBF5999-01CF-437A-A5A8-48038D36B598}",NA,0,1,0,1,0
"{FAA1E61E-1FC2-4849-880C-1691A1BF22EF}",1,0,0,1,4,1
"{E56B2640-34E0-4D77-80D8-D291083A9075}",NA,1,0,0,1,0
"{14DB15ED-4A63-45A3-8B1F-0AAD61FBE542}",NA,1,0,1,1,0
"{CDF6A327-0BC0-4D9A-84A0-8DA31561C9CD}",NA,1,0,0,1,0
"{05E1DA26-BD12-4790-9827-0F112E8EF8A6}",NA,1,0,0,1,0
"{EA7C437D-06EB-4EFB-9396-910A779F99F3}",NA,1,0,0,1,0
"{9A2DE146-60B3-4EE8-A8F0-274B8A79BDCB}",NA,1,0,1,1,0
"{22FF5B6C-0A6D-4B9C-8307-2D59954CDCB3}",NA,1,0,0,1,0
"{1BB85F6C-0263-4430-B2E5-074C57BA50CB}",NA,1,0,1,2,1
"{804EBB16-B99C-4AC9-81AA-54C71F2BA746}",NA,1,0,0,1,0
"{ED409D77-3F39-4A8F-B8C5-1CFA2A9E90C0}",NA,1,0,0,1,0
"{B3DBCC82-59C5-4CB5-B4E1-6B5AE6A2455D}",NA,1,0,0,1,0
"{A424E0C9-DC20-4C4D-AF04-256E922C6077}",NA,1,0,0,1,0
"{3146C425-A548-46BA-882E-7C79689981AF}",NA,1,0,0,1,0
"{6D9A5302-C1EF-4D19-94F8-D8CDEA934075}",NA,0,0,1,1,0
"{99FF77D1-73A8-4C14-B094-CBB77206BCC2}",NA,1,0,1,1,0
"{E200E73A-FB05-4D6A-8139-7B3C49F74800}",NA,1,0,0,1,0
"{4E52E7EC-ABF5-4EEE-AB04-FFF2B7EA9D34}",2,1,0,1,1,0
"{44CBD302-018F-4A70-80CE-CF4C60F8FC7F}",NA,1,0,0,2,1
"{0193B7AF-E504-45B3-B01C-90E94732D3D5}",NA,1,0,0,1,0
"{08ABFE9D-0A6D-4678-A4F2-D332AE1D836A}",NA,0,0,0,1,0
"{400B7B45-C571-4498-9CF4-8E04C1422FC6}",NA,0,0,0,1,0
"{C35E3EAD-57EE-4ABA-8876-6EFDC9B6D0F7}",NA,1,0,0,1,0
"{A70ECA19-E42E-482F-A910-CE681AE5D3DC}",NA,0,0,0,1,0
"{BF9716E4-F69A-4072-AB78-E9B973B3DCE1}",NA,0,0,0,1,0
"{E7AF3946-5A18-4794-A16F-12198BAAEB03}",NA,0,0,0,1,0
"{FDC302BA-9842-4190-BAA6-566A152166C8}",NA,1,0,0,1,0
"{9DA7A8D0-1B8A-42CC-91CB-12A9FB6C7545}",NA,1,0,0,1,0
"{4033B8D5-9ADD-4042-8575-1D4803FA6A8D}",NA,1,0,0,1,0
"{D7128A41-7670-4D52-B169-038A57927C51}",NA,1,0,0,1,0
"{E4AF95EB-DCC5-4249-8450-C5DB41CD93FD}",NA,1,1,0,1,0
"{0FBAC299-2D79-40A1-B57B-3FD60A317D10}",NA,1,0,1,2,1
"{B8E20856-8CE5-4FD9-98BA-F5172F68E7CA}",NA,1,0,0,1,0
"{F087DF01-D337-4E0A-839B-4190BFB1D6CF}",NA,1,0,0,1,0
"{1988CFF1-517A-413D-BE7B-536F89F654E9}",NA,1,0,0,1,0
"{19603D5E-102F-48A4-94B5-1B210DB1E1BD}",NA,1,0,0,1,0
"{4E9142FD-20E1-40DA-999D-7F1C35E643A7}",NA,1,0,0,1,0
"{619D838B-3FFB-4B2B-A58C-B6CD913E8B1E}",NA,1,0,1,1,0
"{B5CA2E61-A7D2-4905-B5AD-03735BBE3E0A}",NA,1,0,0,1,0
"{77BE4596-7D64-487B-8FD3-16BB6CD2B2D5}",NA,1,0,0,1,0
"{D0495326-C2E6-487C-9EA2-B8B6248E95F3}",1,0,0,1,1,0
"{DBBB7929-F5B0-47C0-8C44-34A8DEF68BD4}",NA,1,0,1,2,1
"{17FE45DD-A0F1-4795-8C08-35EDC9859459}",NA,1,0,1,1,0
"{77E0251B-FA78-464B-B843-CC14713F8B0B}",NA,1,0,0,1,0
"{E8420655-16E5-490A-809F-14154B61EA7B}",NA,1,0,1,1,0
"{123C78B4-BD4F-479B-9B8C-BA11CADD6882}",NA,1,0,0,1,0
"{132C9FA4-EA10-48D3-BE29-8265162149E3}",NA,1,0,0,2,1
"{5796E5CF-1A8A-4555-B4A3-E62CAB839D4A}",NA,1,0,1,1,0
"{346EA55F-D101-4ABC-AD67-290DC7BE74A4}",NA,1,0,0,1,0
"{1EF33768-F235-4046-B4F5-9F9FF2FA4061}",NA,1,0,0,1,0
"{04AF6739-2657-4FF3-87DA-35B5CF99A4D5}",NA,1,0,0,1,0
"{AD197F81-450C-4603-83E5-AF28AC4CD0EC}",NA,1,0,0,1,0
"{E69604FD-2A3A-4075-A714-A064FE3769CE}",NA,1,0,0,1,0
"{9D796622-85C1-412B-B288-52DDBA5960D4}",NA,1,0,0,1,0
"{16B1F9D6-E20A-4960-A2E0-69AE7515670F}",NA,1,0,0,1,0
"{D937A2E5-914D-4408-89ED-BF5299D4FBAB}",NA,1,0,0,1,0
"{EDBACBE0-C875-4E5F-965C-F6055E766E5E}",NA,1,0,0,1,0
"{15720388-67FD-4ACF-9749-11938447CE24}",NA,1,0,0,1,0
"{C202216E-6FAC-43DE-9A0F-409772D5D75B}",NA,1,0,0,1,0
"{913BAD7D-0A80-4724-95D7-A99A95721A5E}",NA,1,0,0,1,0
"{26CB636C-447F-47FD-9B69-F098272D1CFC}",NA,1,0,0,1,0
"{83C74848-E2DF-45B8-8ECF-752C3C7F4A59}",NA,1,0,0,1,0
"{BCAADAFD-3203-4071-833F-35150B3DF889}",1,1,0,0,1,0
"{159C2B58-E4C1-4B5F-9B45-35B7C895E655}",NA,1,0,0,1,0
"{92412187-5AAF-4B08-B393-31D6A7109F32}",NA,1,0,0,1,0
"{E49191BC-7E10-4946-ADD3-0D747609D3B1}",NA,1,0,0,1,0
"{CB06AFD6-5AF6-4AF3-87D6-C145480C9A67}",NA,1,0,0,1,0
"{146A055C-28AC-47D9-B8D5-6991198D166E}",NA,1,0,0,1,0
"{01FC1F24-F26F-40C5-BED3-9A1F1DBD2890}",NA,1,0,0,1,0
"{F144D6EA-2254-4CE2-84FB-1ED2134139E9}",NA,1,0,0,1,0
"{3AAE7A51-0155-41C2-9A24-27F91E32E724}",NA,1,0,0,1,0
"{5777413B-9BC1-4625-95D4-3E7AA19097E4}",NA,0,0,0,1,0
"{C3CB388A-6841-4DCE-B1DA-2237AABC94A5}",NA,1,0,0,1,0
"{6DF2A7A9-10D1-4E6C-970B-A38C003C086E}",NA,NA,0,NA,7,0
"{DC5C3FC7-2969-4E63-AE3D-78C3353B9817}",NA,0,0,0,1,0
"{45389B6F-AF9E-40AC-B3D1-A1D93035A992}",NA,0,0,0,1,0
"{556F6501-6CE0-437C-A16C-020111913C86}",NA,0,0,0,1,0
"{6A99C92B-3DD3-4051-A375-E4E81EEA9BB9}",1,0,0,0,1,0
"{B3C1FC70-33A8-4699-A05D-47B0A2AE0DAB}",NA,1,0,0,1,0
"{AFDC0FAF-D68C-41F8-87AC-71750A2B5BBA}",NA,0,0,0,1,0
"{11165630-CDF6-461F-9AF2-6D73DD0228E8}",NA,0,0,0,1,0
"{DAED0A2C-FCDE-4ED0-A65B-E417D925BAED}",NA,0,0,0,1,0
"{72527BDF-F0F0-4AF9-BC3F-BFC770614F8A}",NA,0,0,0,1,0
"{DC1ABE59-79B5-4EFE-B686-B46D1B034DCA}",NA,0,0,0,1,0
"{0A3EB1D9-B311-4CA2-A30F-01F4ED47D465}",NA,0,0,0,1,0
"{A21AB711-4520-4F0A-A305-BBC427B6E6B2}",NA,1,0,0,1,0
"{25D4D32E-A38A-489A-A746-E0A4AC788CC0}",NA,NA,NA,NA,7,0
"{D348AF20-6681-4543-A37D-CB95AC61A777}",NA,0,0,0,1,0
"{99F0799C-38A6-483E-A582-A05CCB3AB6F4}",NA,NA,0,1,7,0
"{8DCFA5E4-B2E1-45F2-8C3B-C7EF7B12EC20}",NA,1,0,0,1,0
"{0E64C036-D7B4-4161-B8BB-11F4770EECA2}",NA,1,0,0,1,0
"{76A96E99-C89F-43CA-9B36-E5EDF8A66214}",NA,1,0,0,1,0
"{7DCAA212-06BD-434B-A94C-EB0B67F73D6C}",NA,1,0,0,1,0
"{9ABCEC55-DBF3-487B-9A47-E22F54996D29}",NA,1,0,1,1,0
"{6A74AD59-6F59-4777-8A6C-9596F2A87ADF}",NA,1,0,0,1,0
"{D0A67922-AC01-42A2-870D-499CF993FD15}",NA,0,0,0,1,0
"{CFFDCB0F-0D2C-4D2E-9E67-F5659AC0F429}",NA,1,0,1,1,0
"{9B2AF4B5-FB50-4375-A543-7D7C5610CDAD}",NA,0,0,1,1,0
"{9AF48B43-2953-4A5F-BF6A-54D8F104E9BE}",NA,1,0,0,1,0
"{0CCECBBC-4107-4889-960B-E63A5ADED922}",NA,1,0,0,1,0
"{A149F84A-2460-4C67-A991-53768C4D70CE}",NA,0,0,0,1,0
"{E36E5AE9-73D1-4787-9F31-6289BF8F180C}",NA,1,0,1,1,0
"{A56E9592-38B7-486F-B35B-4BED47D444BE}",NA,1,0,1,2,1
"{57EEFD50-4B4E-4B9A-BF1A-B20ACBF1FCCA}",NA,0,0,0,2,1
"{1475C006-A421-41FE-87F0-B57D5A6A43A7}",NA,0,0,0,1,0
"{032887E9-A102-4B7B-A47A-EF2ABC914284}",NA,0,1,0,1,0
"{7A473A02-C1C4-46C7-946B-5FD4CB348C97}",NA,0,0,1,1,0
"{EA1BF5A3-2D1D-4CA4-944B-900929420961}",NA,0,0,0,2,1
"{0EC6117E-8D20-4C7D-841A-5948D10AD82E}",NA,0,0,0,1,0
"{78AF2A39-E2A8-4C65-917F-F4BADE3ABFB6}",NA,0,0,0,1,0
"{5F1C183F-2672-465A-8260-0FCC4E05A7C8}",1,NA,NA,NA,7,0
"{7BA4AFD9-9EA5-4EFF-90B3-247CA840A97A}",2,NA,NA,NA,7,0
"{976FCAAB-01DD-444C-9CF3-54A4F90756EA}",NA,0,0,0,1,0
"{F3C2C625-A485-44F9-B5AC-3BBDABA8CEC8}",NA,1,0,1,1,0
"{0C3155F6-6658-429D-9BE2-B345E50F2619}",NA,1,0,0,1,0
"{37D9F992-E1A9-443F-9CD9-646B72CF0817}",2,0,0,0,1,0
"{178C959A-9421-47F7-B4A4-D66F2283207D}",1,1,0,0,1,0
"{CB2F70DE-F1C7-4E4B-8A8F-41A13F8A194A}",NA,0,0,0,1,0
"{B4E5A271-7CEB-4051-B8E0-8D593034E109}",NA,0,0,0,1,0
"{A7BBEA8F-B945-4E70-98A5-003869D90C9C}",NA,1,0,0,1,0
"{ACE1A7DC-9B1B-4A2D-97A7-CBF44FABEB4C}",NA,0,0,0,1,0
"{6DC1E109-A3A2-4E55-9624-0C03F3E6EC70}",NA,1,0,0,1,0
"{FDD6006A-8A8A-47B7-BF60-8F6222C861B4}",NA,1,1,0,1,0
"{54FA953F-49D6-454F-B4A5-823E47E40738}",NA,1,0,0,1,0
"{BE8D5812-C2A1-46BD-9BF3-93E31042A406}",NA,0,1,0,1,0
"{1F1A678C-0385-4BCB-BBBA-0F34BD5E9E19}",NA,0,0,0,1,0
"{426AC1EA-C7B9-4D85-AC2B-76B00735A3DF}",NA,0,0,0,1,0
"{0C72CE9F-AF70-4120-8AFF-4005AD4F906F}",NA,0,0,0,1,0
"{CFA9306A-0288-4BC9-A68A-03486F8943DE}",NA,0,0,0,1,0
"{4655D83D-53A1-48C5-B109-8258E02AF172}",NA,1,0,0,1,0
"{38066253-552D-402E-90D5-0B8BAB07AB3A}",NA,0,0,0,1,0
"{0D416ECA-9126-44BB-93EF-382AE99A6BBF}",NA,1,1,0,1,0
"{9D5F6B01-99EB-423F-84C4-B25F686802F8}",NA,0,0,1,1,0
"{66436524-3B97-4D0D-BA88-A91E9ABA8F3C}",1,0,0,1,1,0
"{EF9332A5-C4CF-4502-8690-11F59E7130B9}",NA,0,1,0,1,0
"{B7B7FCF2-7050-4791-A0D1-86161A999F5D}",NA,0,0,0,1,0
"{30D2F41E-B925-4381-8AB9-FEEF04F3CA71}",NA,1,0,0,2,1
"{EA009B04-7062-4B1D-BBB0-3CCF3FF143B9}",NA,1,0,0,1,0
"{DF2BEF9C-8FFF-47FB-8232-499DF19ECC08}",NA,0,0,0,1,0
"{7DC4B8F9-C732-490C-A376-59D8BB4A4765}",NA,NA,0,NA,7,0
"{803E28AC-F037-4B66-BD99-0F50FD6F70BD}",NA,0,0,0,1,0
"{944DCFDC-7EF7-4306-9CFF-F3FB33A7FFAA}",2,1,0,1,1,0
"{CDE723FB-708C-4FCC-837D-FDE82E83BF1E}",NA,0,0,0,1,0
"{2B766886-6294-4BBB-B56E-94C5A90E8E32}",NA,0,0,0,1,0
"{B90C715F-A9BA-45DD-A3EE-EC9BE993226A}",NA,0,0,0,1,0
"{3595615A-DD8F-442F-AD26-48494AE823FF}",NA,0,0,0,1,0
"{A5993C2F-EC50-487C-8FE2-CC3CF7018116}",NA,NA,0,NA,7,0
"{85319886-D82A-4502-8F3B-12BC642E22DE}",NA,0,0,0,1,0
"{FA95DF19-1498-4A49-BCD9-774C12881413}",NA,0,0,0,1,0
"{F2EE6B51-DC13-42FD-A9B6-AC905B681FE6}",1,0,0,0,1,0
"{A64803F0-EF35-4029-97F1-3C1F2A518F78}",1,0,0,0,1,0
"{0DBE7D89-A019-441B-A911-40C6337968DB}",NA,1,0,0,1,0
"{F82DF2F9-3951-4374-9FBE-610F5E53C242}",NA,0,0,0,2,1
"{DEFF33FE-F711-4424-921A-255746B3C3AF}",NA,1,0,1,1,0
"{61FF9571-27B4-4241-977E-D2EDE4C8A055}",1,0,0,0,1,0
"{E8F86014-3AAC-436E-B5F0-E686C99C43BA}",NA,0,0,0,1,0
"{B1B7D529-54CB-434F-A24B-953E3FC1430C}",NA,1,0,0,1,0
"{20532EF5-4EE0-4FBE-B221-0F87C994A83B}",NA,1,0,0,1,0
"{08BA74D2-DEA5-46D0-877D-6606098FB0BA}",NA,0,1,0,1,0
"{B7059990-2A46-4EAE-A40D-C5C13CA686A1}",NA,0,0,0,1,0
"{01757F58-FF6B-4722-8A38-49DA47330782}",1,1,0,0,4,1
"{9D71F72B-01F1-4DB7-926E-BE987B466962}",NA,0,1,0,1,0
"{98F78DA2-0483-484A-BEA2-C6067165208D}",NA,1,0,1,1,0
"{90EB4112-85FE-46D9-B890-E7589787DD95}",NA,0,0,0,1,0
"{3F9E7C74-ABE7-4095-9C50-A2573E3DC264}",NA,0,0,0,1,0
"{B063914F-6003-4653-A41F-2E3809F497C5}",NA,0,0,0,1,0
"{7D8A13A6-91D0-4C12-A77C-8B0FFDD57490}",NA,0,0,0,1,0
"{74A7EB55-DF05-4054-A3E5-8A4286FDE325}",NA,0,0,0,1,0
"{46101691-6D15-40B0-8A6F-0A26083B030B}",1,0,0,0,1,0
"{578A1DC4-EBBF-4E1F-B65A-B47EDA40E297}",NA,1,0,0,1,0
"{3FB0D7D2-A1CE-4059-BA00-DAD20D718052}",NA,NA,0,NA,7,0
"{C8A1D53E-92A4-40BA-8D43-7A636EAFBC93}",NA,1,0,0,1,0
"{CD968586-BA00-42BD-803B-66CDEEA80EE1}",NA,1,0,1,1,0
"{FEB31B74-0876-47E8-A4FC-40177C1BBA89}",NA,1,0,1,1,0
"{9D9DA7D5-51EE-45F0-B78E-018C7B4B5EDB}",2,1,0,NA,7,0
"{EC740DC0-527E-4881-8729-9FEED96E3C58}",NA,0,0,0,1,0
"{70582FFF-C069-4678-9CF7-F7F7F1F0253E}",NA,0,0,0,1,0
"{B283FCD6-0776-48AB-BDC8-F418F0784D70}",NA,0,0,0,1,0
"{A5D3C51C-82B1-4978-8AA6-9074D8D305D4}",NA,0,0,0,1,0
"{64BA58E0-12B3-40FC-B8F2-C78F0A1D3382}",1,1,0,0,1,0
"{9C021891-F526-4AEB-9387-79A20A4D9217}",NA,0,0,0,1,0
"{4312121A-479E-4EEE-8553-2F584F58B473}",NA,0,0,1,2,1
"{699F269F-B83D-4602-B9BF-7CE341EF0CA6}",NA,1,0,0,1,0
"{C26EB0D8-4FC2-4F94-9C11-780E0C6ECEA1}",NA,0,0,0,1,0
"{400F6ADE-EE2B-414F-ABA4-C0121ACB875A}",NA,1,NA,0,1,0
"{9158B50A-3EA1-4FE3-85DF-21F2AD905BB8}",1,0,0,0,1,0
"{05DE4629-329C-4784-87BA-B045B6441607}",NA,1,0,0,1,0
"{5F4113D0-13CF-42EA-A26F-7F55CECACE85}",NA,0,1,0,1,0
"{7DBA6A29-1256-4C78-8B8C-2D8857A5833A}",1,0,0,0,1,0
"{B780827E-390A-4E33-A027-0C68D57BBAE1}",NA,0,0,0,1,0
"{444FE5BE-253E-4DA1-BA4F-19C1FA2AA0F8}",NA,0,0,0,1,0
"{4F0692D3-3E09-47B8-B33A-B32339F7FA81}",NA,0,0,0,1,0
"{795F986A-4227-4749-9019-D2C5D8977686}",NA,NA,NA,NA,NA,NA
"{396F3F54-7548-47A9-A1BD-9101A332E340}",NA,0,0,0,1,0
"{FA4F59B7-4A4F-4C88-81FA-84278186916C}",NA,0,0,0,1,0
"{908D191C-B422-4072-B137-4A7EBED23EE2}",NA,0,0,0,1,0
"{DF12FF05-CA25-4BF4-8F45-E1CFA0156066}",NA,0,0,0,1,0
"{32715954-35C8-4E9E-ABA2-3AEB3DD7281C}",1,0,0,1,1,0
"{321A4530-317C-47C4-B482-439B25F900DB}",NA,1,0,0,1,0
"{1A7E7C8F-B001-4FD0-BD73-2B4699CD2E25}",NA,1,0,0,1,0
"{C8DF69A8-CD9E-48AC-AD75-1434E6B180D6}",1,0,0,0,1,0
"{0D5ACC72-6160-4157-A70C-E76ECBD36231}",NA,1,0,0,1,0
"{1C48218E-E67C-46CB-834F-0F466DC92A2F}",NA,1,0,0,2,1
"{E00A1928-8268-4D1A-825F-EC171B58A1F0}",NA,1,0,0,1,0
"{E8E3F0E2-8DFF-4E76-A4F1-C1303978D6D2}",NA,0,0,0,1,0
"{1D34306F-250E-4607-AFDD-8DFC39904266}",NA,0,0,0,1,0
"{FFEDE69D-0812-48FE-8597-7014BEFD91A5}",1,0,0,0,1,0
"{D45E817C-E57E-47B5-9EEF-6D1F711EFA2E}",NA,1,0,0,1,0
"{0EA616FA-C8C5-419C-BA16-9DAF09F5575D}",NA,1,0,0,1,0
"{F6C2F978-1C76-4D8C-B84A-7AF86840BB19}",NA,0,0,0,1,0
"{C3DA9A3D-2D5E-47C4-9642-17351BE9E10B}",NA,0,0,0,1,0
"{EB5D851A-FE98-4066-A869-57E300C98590}",NA,0,0,0,1,0
"{548876AC-6656-4710-B64B-EC84089A7CF3}",NA,0,0,0,1,0
"{E0B84BF0-D08E-4220-9427-3C180F94280B}",NA,NA,0,NA,7,0
"{3474DD9E-74DB-43FE-B521-9AB468C4EE24}",NA,NA,NA,NA,NA,NA
"{BE48CB53-1CC0-4111-AED1-2339A789B636}",NA,0,0,0,1,0
"{FA4239CA-E279-4DF3-8400-6370F71E1DD5}",NA,0,0,0,1,0
"{746D287A-5594-4AFE-916A-DA931EDC2328}",NA,0,0,0,1,0
"{81C3F29A-920C-44CD-BD79-6E7EC4D6C2A2}",2,1,0,1,1,0
"{305BFFA4-E5AA-443A-8128-E1D024277628}",NA,1,0,0,1,0
"{C2C65729-E64E-4F54-9589-697EECAB8052}",NA,0,0,0,1,0
"{89718E61-4395-4625-BB44-1E62B6EC909D}",NA,1,1,0,1,0
"{210AD2A8-F7AE-45A0-AA78-891AA0A4318E}",NA,1,0,0,1,0
"{2A98BCF7-2897-47AA-A508-5DFF3D38D5E5}",NA,1,0,0,1,0
"{B3EB9C52-57B3-44BA-AFA6-1B9D5E1DC3AE}",NA,0,0,0,1,0
"{0E76695F-9512-4F1D-AE2C-F65A488728A3}",NA,1,0,0,1,0
"{A5713B90-6BEB-4FFB-B3B4-A7F102489738}",NA,0,0,0,1,0
"{75760A15-D68F-4145-901D-279E3D0893D4}",NA,0,0,0,1,0
"{80ACF45C-22B0-47BA-B224-6770791E08C4}",NA,0,0,0,1,0
"{387B9D1B-EB92-435F-9580-EAA75C882217}",NA,0,0,0,1,0
"{C646BCE8-655A-42FC-AA65-0F471F8C3251}",NA,0,0,0,1,0
"{1C15C8CB-0AD6-4BBD-8003-C5283E6D453F}",NA,0,0,0,1,0
"{F2236DF7-5ECE-401A-8980-BF95A9A5A27D}",NA,1,0,0,1,0
"{22EB83AB-92E3-4F87-8527-E76EF129063B}",NA,1,0,0,1,0
"{727DEE62-FD8A-4AC0-8F0B-F7827177DAA8}",NA,0,0,0,1,0
"{4AFE8B60-CE39-4CC3-BC1B-CEFB29CEA6B9}",NA,1,0,0,1,0
"{D22BF484-4EC1-4771-BE80-DD881BB41834}",NA,1,0,0,1,0
"{1BC8E801-779B-42A1-B502-C1C7AC41D7EC}",NA,0,0,0,1,0
"{724B78B5-53BC-4A99-B3F3-8FABEA151751}",NA,1,0,0,1,0
"{6CE7553F-2066-4B1A-B88B-BA7FAC4B5E08}",NA,1,0,0,1,0
"{93B3969A-47D7-49AB-860A-0BB08D4F23B2}",NA,1,0,0,1,0
"{D4EAA0FA-4FEE-451B-AF6B-53BEB6B3F899}",NA,1,1,0,1,0
"{272ED2DD-6988-41FB-A7BA-0A2FB2A31DB2}",NA,1,0,0,1,0
"{C927654B-395C-41DA-A817-E4C49504A8E2}",NA,1,0,0,1,0
"{FCD6D8CB-D8BB-4B96-AAEF-9FB7AC839940}",NA,1,0,0,1,0
"{A9D5C8CA-7850-4D90-AA4F-9BFCAEE9C3C6}",NA,1,0,0,1,0
"{A77DB5A0-3D9F-4B39-ADA7-6E437795AB9C}",NA,1,0,0,1,0
"{A778F6C5-3CF5-4C93-9C5A-DC566B899B4A}",NA,1,0,0,1,0
"{EDEF4F31-37DD-4D6A-96A9-8DDFCB4C8D14}",1,1,0,0,1,0
"{B27BD265-B8BC-4867-B292-54E21644A28B}",NA,1,0,0,1,0
"{CEFEA5EF-1F20-4A0C-98F1-1E6140B9643C}",1,0,0,0,1,0
"{AD34BA6E-C905-4FBE-8F05-873DEE865BEE}",NA,0,0,0,1,0
"{9268D2A5-6BB2-4FF4-A93C-7F1D2391E6E2}",NA,0,0,0,1,0
"{CE54A62B-0DF8-43F0-A462-8098105C88F1}",NA,1,0,0,1,0
"{B146517F-080A-43D2-B093-64AE4FFC9FBD}",NA,1,0,0,1,0
"{B425F578-DC7E-4FFE-8A1D-005D912D6076}",NA,1,0,0,1,0
"{F99C4C4A-7D90-490A-A71F-4BDF1B5D7102}",NA,1,0,0,4,1
"{810A5065-6E2F-4322-8203-2ED74DEE46CF}",NA,1,0,0,1,0
"{98E88F30-07B7-45F3-A152-691DA74E4582}",NA,1,0,0,1,0
"{F81B5825-E3F1-47A5-BDED-FB45666444BD}",NA,1,0,0,1,0
"{8F449E48-BB55-4AFF-9019-F9724D28057F}",NA,0,0,0,4,1
"{98A24539-F562-4E0F-8C5E-B8C919B4C337}",NA,1,1,0,1,0
"{BF021CF3-EBF6-4B0F-B7B7-7B0DFED9ED88}",NA,1,0,0,1,0
"{0173529A-079A-40B8-B206-89982565A1D6}",NA,1,0,0,1,0
"{4E5B5FB5-1A66-4291-B365-1C0F8CAA0C4B}",1,1,0,0,1,0
"{E323F365-7883-4DCD-B4C1-435245689FC1}",1,0,0,0,1,0
"{B3B52429-54C0-4721-8CEA-6C6DE33E750F}",NA,1,0,0,1,0
"{4392F9C5-FE98-4BB1-9524-90502C0CB82F}",1,1,0,0,1,0
"{52EE2E7C-D5D2-4610-9284-CD221218456A}",1,1,0,0,1,0
"{3FD3E7FA-A8B8-4A24-9A1A-BF550EB62E7C}",NA,1,0,0,1,0
"{723BDAB2-5D57-41D7-959E-5248B320D9CC}",NA,0,0,0,1,0
"{6F7153EE-1AA9-4B70-8E7F-FAC37F4BEC9C}",NA,0,0,0,1,0
"{16954748-E004-4965-A013-3C338755D236}",NA,0,0,0,1,0
"{3F04F775-2A06-4FE5-9FE2-B9D083D945C9}",NA,0,0,0,1,0
"{A1B3B6F1-AB3C-4CB7-BF65-196F7A218907}",NA,0,0,0,1,0
"{3DCAE499-53BA-4AC2-8A0B-81CC5E60A22B}",NA,1,0,0,1,0
"{CF6C665D-A194-446F-B819-97B75710BF8B}",NA,1,1,0,1,0
"{FFC40D3E-B8CC-4623-A6EF-F7FC1F88519B}",NA,1,0,0,1,0
"{6B9C084B-60FC-4783-A2DA-68FAD660DFA4}",NA,1,0,0,1,0
"{F2D7206D-D59F-4624-BFA7-3DF2B6EC8F9F}",NA,1,0,0,1,0
"{E9629944-A547-4F87-BC48-CB6F24B03866}",NA,1,1,0,1,0
"{205B46A4-328E-4465-A0ED-6D1EE60EE27F}",NA,1,0,1,2,1
"{2281AC3D-C460-472A-9F26-E89F66421D9C}",NA,1,0,0,1,0
"{5AE592F3-1683-444F-88F9-7A8F115C80E3}",NA,1,0,1,1,0
"{C1C97AF5-8361-4083-9FC6-B802727625B5}",NA,1,0,0,1,0
"{99FF3B03-3F57-4697-A0CA-74039EB5612C}",NA,0,0,0,1,0
"{740644EF-0EE6-481E-88E5-B3A692A39990}",NA,1,0,1,1,0
"{471E631F-326A-4B0E-A9A1-0EF52DAD62BD}",NA,0,0,0,1,0
"{036EDF8E-441D-4634-8E41-ACC23390D21B}",NA,1,0,0,1,0
"{C48F0392-C292-447D-89AC-D1B47BD8513E}",NA,1,0,0,1,0
"{B33173F1-ACEC-4A2A-A3BF-1076AFF24CE8}",NA,1,0,1,1,0
"{A218FF8A-CC3E-441F-96C8-DA55EFFA894D}",NA,0,0,0,1,0
"{9280C49F-BF1A-4608-A30F-8A9A92D3D733}",NA,1,0,0,1,0
"{39AAB854-D078-4BC0-B9EA-AF24A55F7BCE}",NA,1,0,1,1,0
"{653CED91-87AA-41F6-B7D3-0D5F18B22876}",NA,1,0,0,1,0
"{1D80DD87-7D8F-4932-81A7-82C3B293062B}",NA,1,0,0,1,0
"{2534AA89-9057-4E57-978D-B7424865FE52}",1,1,0,0,1,0
"{13251599-3398-45C0-9916-2C037B8B8F23}",NA,1,0,0,4,1
"{BE283BF7-B5C3-43E4-9720-ADCA21BFCC9D}",NA,1,0,0,1,0
"{F8DC513F-608A-40B3-8A6A-89017D90FE96}",NA,1,0,0,1,0
"{3BB8929C-765E-4B31-A712-58497678813F}",NA,1,0,0,1,0
"{03FDE942-B2F1-4C35-BF54-D4F5D7D4E0A8}",NA,1,0,0,1,0
"{35FAB124-A817-41FB-8EA6-846E9646CEEF}",NA,1,0,0,1,0
"{CCF9BB65-40A4-40F0-8348-9004C11057FF}",NA,1,0,0,1,0
"{D0BC4197-CF49-4F07-BF72-C25904E8B769}",NA,1,0,0,1,0
"{8874DC26-4DFE-49FC-80B0-00021D77038D}",NA,1,0,0,1,0
"{16857259-7CB9-4914-B70C-0618C12A6FE3}",NA,1,0,0,1,0
"{F86366ED-2F3A-4332-A243-F2322BE36089}",NA,1,0,0,2,1
"{95E09246-B30F-475D-8A61-FAD21F0BC57B}",NA,1,0,0,1,0
"{5A21C48E-0594-405D-A03D-97D3D96AE4A9}",NA,1,0,0,1,0
"{3F500002-B908-4C04-8EE9-CFD6B499D929}",NA,1,0,0,1,0
"{EE1F2678-2792-4EA4-B18A-CBFA8B6022C6}",NA,1,0,0,1,0
"{E59F037F-7472-4B5A-A2BB-5AF6EAF9A1B7}",NA,1,0,0,1,0
"{20E5A8AA-7604-485B-972C-AFAFA3924077}",1,1,0,0,1,0
"{4F47A269-13FF-40C2-97A0-D4AFF0B7EE38}",NA,1,0,0,1,0
"{AB435B35-5E26-4439-A570-24FFC12CD1E4}",NA,1,0,0,1,0
"{0B95E298-55A5-4664-876C-EE8FE788DA7E}",NA,0,0,0,1,0
"{83B5D174-0E56-4E0F-9420-319E05547B75}",NA,0,0,0,1,0
"{3A0A281A-1A62-4101-A36D-3995921F7132}",NA,0,0,0,1,0
"{C4AF9E74-F9F1-4083-89CC-4C9AE4A69555}",NA,0,0,0,1,0
"{DBDA58DF-F994-4B4E-A51E-3EF3D4606879}",NA,0,0,0,1,0
"{A1D3E973-9A80-4D4C-8A0D-41688EC16AA6}",NA,0,0,0,1,0
"{29FA8B22-771E-4E38-A068-8E2B5727EC16}",NA,1,0,0,1,0
"{840630E6-170D-471B-8330-7C3F7B47675B}",NA,1,0,0,1,0
"{21266908-0BC7-471D-92CC-043B386262D8}",NA,1,0,0,1,0
"{4DA2768A-EC0C-4E77-A3F9-D3121B84D856}",NA,1,0,0,1,0
"{232E7E10-555E-4A33-8BF2-C8535CCD8194}",1,1,0,0,1,0
"{32422CF9-37FC-477F-B9AB-5CF3E562ACDD}",NA,1,1,0,4,1
"{A95BD2F9-4872-44BF-BC3B-2F5901918967}",NA,1,0,0,1,0
"{D0E6E30B-8805-4F97-9ED9-B62FEA94DB7A}",NA,1,0,0,1,0
"{0954E03A-E582-4A1E-B18D-7FDC4EF33B5E}",NA,1,0,0,1,0
"{C140A3E5-49D0-4576-B44E-038D02B09936}",1,1,0,0,1,0
"{CC54E599-8490-4E07-A9C8-38C5EE2FF25E}",NA,1,0,0,1,0
"{D5F8AA54-83CA-4527-ACEE-27F89BA88C39}",NA,1,0,1,1,0
"{B3CADB21-853D-440C-BE18-82022699B5D5}",NA,1,0,1,1,0
"{72792F66-7482-4DE2-A67C-B893911EFCDE}",NA,1,0,0,1,0
"{A13808C9-2F40-4FA0-BC33-0AAA2A08EE26}",NA,1,0,0,1,0
"{E103B4CF-FA37-44C6-9D44-E392142056A8}",NA,1,0,0,1,0
"{DE67233D-98D2-4245-8ED4-0C33C5FDA2C5}",NA,1,0,0,1,0
"{3E949979-30A4-47A5-9D06-281BF80A4EA8}",NA,0,0,0,1,0
"{A2D2E48A-607F-4F5E-A808-06FA57AE4ECB}",NA,1,0,0,1,0
"{98D265BA-4956-4A36-B804-0E14E0B9CF3C}",NA,0,0,0,1,0
"{05C027B0-197C-4B2C-8F01-CA63F7A3BD61}",NA,0,0,0,1,0
"{A24CC51D-79F8-424D-B054-9BC49EBE81D0}",1,0,0,0,1,0
"{E5FC08DD-B2BE-4405-9087-7CA9134C6BC2}",NA,1,0,0,1,0
"{06CBE838-C2FD-484D-9663-369524BD944E}",NA,1,0,0,1,0
"{7E2A1A03-920B-4A79-9343-3189D2395C81}",NA,1,0,1,1,0
"{9A706B5C-D092-47D8-BB2A-342E9019F106}",NA,1,0,0,2,1
"{6682C579-9134-48AA-A1DB-799A1958A887}",1,1,0,0,1,0
"{3B3B38B1-DB67-4855-AD8A-6FC4E08BDFD3}",NA,1,0,0,1,0
"{F1C47583-6583-4D46-B74F-920BCE432EBF}",NA,1,0,0,2,1
"{B5EAE23B-8C0B-4414-A30E-B77417D927B3}",NA,1,0,0,1,0
"{0F4FA571-2D59-4C53-8C8D-506E9FEF4284}",NA,0,0,0,1,0
"{B01567C5-59C0-4BD6-AACB-D5D97B0AD991}",NA,1,0,0,1,0
"{49A37979-279A-43F6-8DE8-5436E262DB51}",NA,1,0,0,1,0
"{6381F715-66E0-4AD5-8A34-5D4836B14D25}",NA,1,0,0,1,0
"{B0B672C2-4113-4E5E-BD26-67EBFDAA6F81}",NA,1,0,0,1,0
"{5E88179C-D95C-4004-8ED7-3F8670A4B332}",NA,1,0,1,1,0
"{8120F97C-AE58-433F-88CC-CBD33F6589E3}",NA,1,0,0,1,0
"{53E51252-9C32-4738-84F7-ED7B5B409ADA}",NA,0,1,0,1,0
"{91F120BA-6FD0-4DAB-B1A1-746FADA0C9D9}",NA,0,0,0,1,0
"{65728DC1-B689-4F09-9E3F-9953A2D2DACB}",NA,NA,NA,NA,NA,NA
"{2E31435C-CB2D-4602-8A06-F87C77106540}",NA,0,0,0,1,0
"{1AD21AE2-3B53-470F-B512-C98D9DEB48AA}",NA,0,0,0,1,0
"{F1D8333F-D03A-4083-ABF9-0A2B163E859D}",1,1,0,0,1,0
"{9663AB47-9455-44D6-B7E3-0B6594AFD0BD}",NA,1,0,0,1,0
"{3AA8C14B-1C63-49AD-833D-8C50E917CC4F}",NA,1,0,0,1,0
"{588BA4B2-58D4-4B7F-8046-33E19AE8CCDB}",1,1,0,0,1,0
"{D27A0C71-02CE-400A-AC56-EC9F9123B589}",1,0,0,0,3,1
"{662F8551-49BD-420D-A682-A672E093F2AB}",NA,0,0,0,1,0
"{684FCBC5-B8C9-49A4-8730-589174436776}",NA,0,0,0,1,0
"{A67F1AB7-FEA2-4053-9B0D-B93FDF38D55B}",NA,0,0,0,1,0
"{CEC7B334-414F-484D-A8E1-72A2BA8E5F96}",NA,0,0,0,1,0
"{B6CBC14C-3D11-49E4-B3F1-41379B8D9CDD}",NA,1,0,0,1,0
"{9A7B60ED-A2EE-4142-BC27-F3EBE9B86876}",NA,1,1,0,1,0
"{C33A15F5-1FAE-4015-A597-11619CDF30DB}",NA,1,0,0,1,0
"{6C0AC90C-98E6-4A1F-96BE-66A6F7E5FAB6}",NA,1,0,0,1,0
"{CAB02C58-80C8-4FB4-BE6E-F64DAA913F6F}",NA,1,0,0,1,0
"{298F9AB8-888F-4E98-9CE9-E73BAD06AC40}",NA,1,0,0,1,0
"{0780D38C-88BB-4F2B-B2A3-139936FD227E}",NA,1,0,1,1,0
"{471EC7F1-A252-428C-BAB3-98BF3A6FA75E}",1,1,0,0,1,0
"{D7501E33-70E5-46E5-ADB2-D680C20ECA76}",NA,1,0,0,1,0
"{A61D7F52-8D9D-446D-AFF1-3EEEECFC1077}",NA,1,0,0,2,1
"{23B507C5-BB84-48C5-957F-D46D35A4FF07}",NA,1,0,0,1,0
"{320D785F-69AC-44BF-BC56-457318CE3594}",NA,1,0,0,1,0
"{C3A9052A-D793-48F5-B91C-A3D3109B4CAC}",NA,1,1,0,1,0
"{A17093A7-5CB8-420D-B2F9-5913B5CA600B}",NA,1,0,0,1,0
"{4DE9B39F-2F0E-4347-A5F9-AEB14B1C4776}",NA,1,0,0,1,0
"{BE38F003-54AB-44E1-B725-BBBA6D6BF9B9}",NA,1,1,0,1,0
"{8240F929-8A88-4627-AF4A-33D5926AA099}",NA,0,0,0,1,0
"{F50193B6-E74D-479B-90ED-F4AD988821A4}",NA,1,1,0,1,0
"{D4D52FC6-8D23-496F-BE88-4A332CB18C8B}",NA,1,0,0,1,0
"{B74491BF-06CD-40AF-B984-C01B0238D805}",NA,0,0,0,1,0
"{A7195B4A-6AA0-493C-B05E-F9EE8117BBFE}",NA,1,0,0,1,0
"{5FFE16FF-847D-469F-A953-193090CA38B6}",NA,1,0,0,1,0
"{D91B0636-E9FA-4D97-997B-23246EBF8EB0}",NA,0,0,0,1,0
"{2734B291-B567-4DB1-8152-43FF3B4EEB1A}",NA,0,0,0,1,0
"{0E250926-DCFA-41A7-B010-01DCEC447980}",NA,0,0,0,1,0
"{D3F92787-A763-43A5-8520-55A7F337581B}",NA,0,0,0,1,0
"{FC6A1EC1-7923-4AED-B439-0980EB1A1DD1}",NA,1,0,0,1,0
"{097A7733-5099-4652-B415-81037E28F7C0}",NA,1,0,0,1,0
"{4716DEF1-2F10-44E4-B787-73F936660ACF}",NA,0,0,0,1,0
"{9C438E0C-E05E-4BD9-BA02-AA1599B10730}",NA,0,0,0,1,0
"{DDDD9F6E-9CC4-4553-8F04-B29A5301459C}",NA,1,0,0,1,0
"{7B4D2EF5-B6C9-47A7-87D7-DFBBDABC7872}",NA,0,0,0,1,0
"{1509E2CA-DAEB-49F7-AC50-31BBA9FC9B05}",NA,1,0,0,1,0
"{C843DF67-296F-4DFB-9F68-85944A85D4F3}",1,0,0,0,4,1
"{07FA2ED0-A45D-49CA-B9EB-2C0312E25F9A}",1,1,0,0,1,0
"{CB0EC53D-0E99-4221-9DE2-581AA07E4D93}",NA,1,0,0,1,0
"{E4CE4152-7283-411B-A404-6E5FC4D24AD2}",NA,1,0,0,1,0
"{D45A3711-E3C4-43B2-829A-5D427DBB038C}",NA,1,0,0,1,0
"{CA5C03AC-D5CB-4590-BAF5-5D5486D5B797}",NA,1,0,0,1,0
"{19508AC3-C305-4D30-AD5E-37FC78F86025}",NA,0,1,0,1,0
"{9209E197-DE61-485D-87AB-1F5F32E0A844}",NA,0,0,0,1,0
"{C196A2A6-3225-4F71-B74A-D04CE703DE85}",1,0,0,0,1,0
"{12723D06-D351-4F61-9EFE-4376C14C5BAC}",NA,1,0,0,1,0
"{BCA13560-4199-4D65-86DA-00BA768F09F2}",NA,0,0,0,1,0
"{CE036FB5-67A7-4EC7-8E76-430B4CAC719F}",NA,1,0,0,7,0
"{1530CBE8-1E40-4DC9-93BA-C81BB79269FD}",NA,1,0,0,2,1
"{6CDC3836-B2DE-4C71-83E0-F208C581CC08}",NA,1,1,0,1,0
"{F5312FDA-EE5A-460F-89CE-C36ACB8C0909}",NA,1,0,1,1,0
"{995EEFAB-3803-4D8D-8D73-D96E9746343F}",NA,1,0,0,1,0
"{3D9098DF-7B1E-452D-B811-20C20A0D8413}",NA,1,0,0,1,0
"{283A6BAE-5FFA-4FB1-9BE7-8A8B3D75C198}",NA,1,0,0,1,0
"{8A723DA3-C6DB-41B0-BADF-34D6A8C87657}",NA,1,0,0,1,0
"{CA89BD8D-A252-4986-B9BC-09B455AF834F}",NA,1,1,0,1,0
"{C9442848-AD02-47C2-8363-7767D41D964B}",NA,1,0,0,1,0
"{32B02E61-92C5-4A2D-94D0-9C50CEADCECA}",NA,1,0,0,1,0
"{3C378D67-FC73-4FF5-A313-A9E9452E7781}",NA,1,0,0,1,0
"{40D936E5-8526-4949-9450-882F90D4C6E9}",NA,1,0,1,1,0
"{9F9F2F67-D758-45C9-A5B9-51708F1CC92E}",NA,1,0,0,1,0
"{60778CC4-96E6-4226-BD74-400865479A28}",NA,1,0,0,1,0
"{8643335F-27D6-4AB1-A12E-78D5140FDF16}",NA,1,0,0,1,0
"{737574E7-0089-4B49-B7E0-2375F23D9B65}",NA,1,0,0,1,0
"{4F84019B-8518-4D43-A023-2A081F28F56F}",1,1,0,0,1,0
"{3F8857BD-5C08-4B6E-8506-FFF1E00A7CBF}",NA,1,0,0,1,0
"{DA2AA3E0-445B-418E-89DC-C4AECA44DCCF}",1,1,1,0,1,0
"{AEC04541-6902-457F-9FE6-6FE3A33AA5B4}",1,0,0,0,1,0
"{04D088C0-8A3C-4247-9558-C549566B1E67}",NA,1,0,0,1,0
"{393E38CE-893E-4793-B7E9-094A3F777670}",1,1,0,0,1,0
"{DEE07384-1B31-4D9C-89C9-94A6BA7CCE52}",NA,1,0,0,1,0
"{C85EE6FC-CF2C-4FA0-8B8F-EB5BCC221486}",NA,1,0,0,1,0
"{E54140AC-1E4A-4578-885D-CFC2F39E9DEE}",NA,1,0,0,1,0
"{73DC5FA6-1F53-4B32-8225-B6472EC57B20}",NA,0,0,0,1,0
"{7963DBE0-4DA2-4A9B-919E-54D5C26EAB07}",NA,0,0,1,1,0
"{491CD465-28A5-458B-8550-B4D3FAC2AA9B}",NA,1,0,1,1,0
"{FE12BC7C-7F9B-48E2-BFFE-F81B8AE68252}",NA,1,0,0,1,0
"{B687182D-826F-49CF-9B29-108D3428148C}",NA,1,0,0,1,0
"{1E3F6563-4E4C-4414-95C8-2322E37CA089}",NA,1,0,1,1,0
"{F727F69E-C858-4051-860E-21CFFD6EAEB3}",NA,1,0,0,1,0
"{26B72806-B37B-4787-AEB7-D074D62ABADB}",NA,1,0,0,1,0
"{4D16BB8D-33F6-4F02-ABAD-0710F4A4AA29}",NA,0,0,0,1,0
"{375CEDCA-C638-45F1-B58A-9C6B19C7B5DE}",NA,1,0,0,2,1
"{E110114B-7B3A-4FD4-BFD6-ACEBF46FF767}",NA,1,0,0,1,0
"{02FB7C14-6DF7-4909-AFF3-709BE4E4F6A8}",NA,0,0,1,1,0
"{1FF59D70-9C4B-4F99-98A7-F4850759CE2E}",NA,1,0,0,1,0
"{0EC4E9D9-628F-42FE-89B4-4202C3B91F37}",NA,1,0,0,1,0
"{689B9933-21C0-47AF-A247-841E9795A24F}",NA,1,0,0,1,0
"{E00F87C8-6DCF-4F79-AB5D-9AB2B9D4232B}",NA,1,0,0,1,0
"{87142978-13FF-4238-95A8-219269B2DFA6}",NA,1,0,0,1,0
"{FE835F51-7733-4D08-8E1F-19AD4E4FF374}",NA,1,0,0,1,0
"{52F1A7BB-F768-40F0-84A6-98DEEF98A950}",NA,1,0,0,1,0
"{0CDE18E1-A89E-4B75-8B28-FD76BCBC5C82}",NA,1,0,1,1,0
"{58F8A9B7-A1C2-4A2D-B824-5D4EE27A4954}",NA,0,0,1,1,0
"{9BE12476-A6D0-4FC9-98F0-7834A469BF24}",NA,1,1,0,1,0
"{947CC55B-5C12-4A0E-8C1E-22FA9E9FA605}",NA,1,0,0,1,0
"{6A87B5C6-F2A4-4CFC-ABC9-A7A9A140DB70}",NA,0,0,0,1,0
"{67A0EEBA-FFF0-405D-B4B9-F9925B5348AE}",NA,0,0,0,1,0
"{62B98B01-7140-4CCE-AAE4-133D21F198CC}",1,1,0,0,1,0
"{5FBD37A5-7880-41AA-837F-549149EBCDB5}",NA,1,0,0,1,0
"{D0BE003E-4F7A-4FD4-BA50-1CD69DB1AD97}",NA,0,0,0,1,0
"{FAEC88A0-EB61-41B2-BC38-201D3F1DDFFF}",NA,1,0,0,1,0
"{C4213612-6E84-4BF9-A0B7-9225105261A2}",NA,1,0,0,1,0
"{E1AD66D0-0A64-43D0-9A07-1543A7609BE7}",NA,1,0,1,1,0
"{DFB54C97-8BBD-45D0-BB42-DE9874923C7F}",NA,1,0,1,1,0
"{E9C61DBA-EFF5-4BF4-933C-4DD49FBA6E6D}",NA,0,0,0,1,0
"{3E5F1975-FE61-418A-8C77-5B4234BE7939}",NA,1,0,0,1,0
"{BFE6479D-EE78-4E8A-B0D8-BE6F072D3254}",NA,0,0,0,1,0
"{0864626C-26B3-4CBC-B118-8D9890E77C9E}",NA,NA,0,NA,7,0
"{EE307276-1C07-461F-B43E-E9E9A161D604}",NA,0,0,0,1,0
"{230DB490-3AD3-4CA4-B4EE-4C0CC49AA618}",NA,0,0,0,1,0
"{A5613E44-6CB8-4103-9936-122205804DD7}",NA,0,0,0,1,0
"{C09E7A9F-CBC6-411B-AB8A-926384FD2E86}",NA,1,0,0,1,0
"{02A929A5-96A0-458C-B00C-96757EBB561B}",NA,1,0,0,1,0
"{2F0202E4-1210-49FC-9242-5E43FAAB6427}",NA,1,1,0,1,0
"{C6F2D45C-92CE-4F6E-A9C5-F3829542F166}",NA,1,0,0,1,0
"{614636A1-70E3-4AEA-A1EE-52076F140A1B}",NA,1,0,0,1,0
"{AFFC3B42-2287-4814-A172-A61B20FDF443}",NA,1,1,0,1,0
"{8A46AC37-8B8F-49B5-A7A1-FE2857E90100}",NA,1,0,0,4,1
"{0B211B7B-CA45-4F6B-9431-6D14EEB03464}",NA,1,0,1,1,0
"{2E66DFA6-4DFC-4D26-9543-4C9FC630F427}",NA,1,0,1,1,0
"{996B5BED-4D48-425F-9AF7-CDBB75514DFC}",NA,1,0,0,1,0
"{7F54B92A-8972-4DEB-9958-6C024535FCC7}",NA,0,0,0,1,0
"{BB8ECC21-4BE9-4215-89F6-ECA9287796FA}",NA,1,0,0,1,0
"{12E0CAA4-D433-46D7-9729-E5057FC40097}",NA,1,0,0,1,0
"{50BF6AE5-BBCD-42B4-8A96-0A4812D7DA79}",NA,1,0,0,1,0
"{5799971F-F13C-4AC8-A477-96782DBB454E}",NA,1,0,0,1,0
"{8438B7E6-8D50-460A-A715-D484664090DF}",NA,1,0,1,1,0
"{FF82469B-E30E-4A60-9F52-E1F600038106}",NA,1,0,0,1,0
"{0B15266B-4953-45FF-8D92-C9EE571541E3}",NA,1,0,0,1,0
"{42CF20CF-3D9E-4B9B-8E9F-16F3B22D28AE}",NA,1,0,0,1,0
"{A758253A-9EC0-458C-9CBA-A2863C9B5F49}",2,1,0,0,1,0
"{6CBA5F91-C458-40E6-8FFC-9620BFD554D7}",NA,1,0,1,1,0
"{1DF02F20-A0BC-4FFB-AB1A-F3700C29752C}",NA,1,0,0,1,0
"{AE462DD4-68EA-4F5A-A45D-10C3431D57E7}",NA,1,0,0,7,0
"{5B3C116F-CD30-4A9D-8A2B-0F23CE25E8A6}",2,1,0,0,1,0
"{3ECE888A-338D-449C-8DE7-17CF8F756F4B}",NA,1,0,1,1,0
"{4C2A9B1E-4153-4459-9710-20DC2A0EB88C}",NA,1,0,0,1,0
"{A544E321-9C08-424C-866C-3DAA835FCCB0}",NA,1,0,0,1,0
"{2E74A35E-3CB3-4E26-86E1-2D4FC1D4F88F}",NA,1,0,0,1,0
"{E701E08B-6A6C-436D-8995-7B8AA939EBB8}",NA,1,0,0,1,0
"{2F3E96EC-5A16-4F31-B644-20BCC4B842F1}",NA,1,0,1,1,0
"{D1D36ACF-65E8-4A63-B74F-3EDC13125E07}",NA,0,0,0,1,0
"{401B9511-DEEF-47B4-B017-C99048FA783E}",NA,1,0,0,1,0
"{33B628F2-657E-4485-96BE-C4F216D23034}",NA,1,0,1,1,0
"{0A9CA25E-0AD6-4610-95DF-D3112BBF7153}",NA,1,0,0,2,1
"{43FD67A7-2591-4A53-A165-7B4D8791A8F4}",NA,1,0,0,1,0
"{E4F3CEA8-3FA0-4897-B47C-A093F469C7E9}",NA,1,0,0,1,0
"{F2E9B127-DEA2-48F2-91D8-13F62DA9218F}",NA,0,0,0,1,0
"{1F3F02FA-5901-4D7A-A63B-B60EEDD064DF}",NA,1,0,1,1,0
"{01D8BEEB-53F3-4559-85B2-3A26910F0EAA}",NA,1,0,0,1,0
"{FDD24786-72E2-495B-B185-CB519D898FC5}",NA,1,0,0,1,0
"{A65A0388-C3A3-4211-B2BC-80D451E7E36B}",NA,1,0,0,1,0
"{0E29E88F-0C10-4617-967D-FBF1C85C7663}",1,1,0,1,1,0
"{6C9A0257-A0E5-4811-A8D2-43DAA9541AB2}",NA,1,0,1,1,0
"{2CCF97D5-BE8E-492E-9423-1F5CDADDF5A1}",NA,0,1,0,1,0
"{FE5B49A2-799C-40BA-B4FA-F44BB4F1BFAC}",NA,1,0,1,1,0
"{DD1C7C3A-4F5D-4AF0-AAC5-877FDE7799D3}",NA,0,0,0,1,0
"{E0FD8CE7-81CD-4F0E-9840-77A5A0C047A6}",NA,1,0,0,1,0
"{61E86B06-E0C3-49DE-96BB-F128B146E59E}",NA,1,0,0,1,0
"{5C3367B2-1F73-4C38-8B5C-CD277C978070}",NA,1,0,1,1,0
"{35170228-5D40-41E7-9A57-12E399F4FE8F}",NA,1,0,1,1,0
"{9B324EDF-1FFD-427A-B111-16E1C025BE80}",NA,1,0,0,1,0
"{16F2DC48-58CA-4704-9D32-900D86CCD3D6}",NA,1,0,0,1,0
"{D386F4E0-092D-4620-BFFF-C4C41F9B1A25}",NA,1,0,0,1,0
"{795975EA-A02D-4E2C-8D3C-C6C76DFEC693}",NA,1,0,0,1,0
"{454F4B8E-D4DC-4F3B-B9D6-AD3B4BF3E0C0}",NA,1,0,0,1,0
"{E8E232D7-DA9A-46D7-ABF2-98095B0C82C0}",NA,1,0,0,1,0
"{6ABEC77F-F931-4810-A1BB-FD6B05D1A35B}",NA,1,0,0,1,0
"{AEDB8C12-6EEA-48C2-848F-03029031834C}",NA,1,0,0,1,0
"{00D19855-4193-4BAB-8538-EFD1F6AB2F64}",NA,1,0,0,1,0
"{3DF84447-FF20-4EDA-9ADC-FD446B8B40A7}",NA,1,0,0,1,0
"{B82C8DFD-5723-4C6B-BC1F-BE8D4D508581}",NA,0,0,1,1,0
"{FA0E9B9D-B099-4E04-B421-3584AF2C08C6}",NA,0,0,0,1,0
"{8F74BB14-4E91-4822-B69A-78110AC97188}",NA,0,0,0,1,0
"{26E38061-FD13-4D31-91E3-9EEDEA363D72}",NA,0,0,0,1,0
"{3C750564-34B6-4E9A-AE8C-A99C7038CA18}",NA,0,0,0,1,0
"{F9E57D64-0D26-4A42-BC3E-9101E23A1A7D}",NA,0,0,0,1,0
"{B194FF14-D083-449A-A962-318AC39F9998}",NA,1,0,0,1,0
"{9B52AB2C-C88A-4345-A867-4EABA385993C}",NA,1,0,0,1,0
"{AF12BF34-148A-4D21-867B-B0BE95975714}",NA,1,0,0,1,0
"{ECC9076D-F1EF-4EB6-A620-50ABC7286F06}",NA,1,0,0,1,0
"{C8BA90BB-B4DF-477A-BAE3-26F97EF3D394}",NA,1,0,0,1,0
"{6C4D3A4E-3B9E-4BD2-A0B1-1A005FA1BCDF}",NA,1,1,0,2,1
"{9D1DFD5A-B2D1-4DDF-B422-E70FF332E48C}",NA,1,0,1,1,0
"{FEDCAAE2-5F04-484A-91C7-4F708D0DFB19}",NA,1,0,0,1,0
"{664F1A4B-752F-43F0-AB8B-B19521D86C67}",NA,1,0,0,1,0
"{CADD8C92-EB43-4BD9-886A-CCCDFE6AA0E1}",NA,1,0,0,1,0
"{1DC30238-9533-4372-9CA3-FC69EF1AF93B}",NA,1,0,1,1,0
"{37C869D2-A475-48A7-91F0-3464FD9F092F}",1,1,0,0,1,0
"{2FDD3E05-1415-4898-8FAA-C9D5BAFC6291}",NA,1,0,0,1,0
"{6FF07002-B58F-4F94-8802-5AA7299D79D5}",1,1,0,0,1,0
"{372DE54B-004D-4BE8-8CD2-355ED1B53E23}",NA,1,0,0,1,0
"{8CB08481-0E02-43E3-8BFF-DF7DE72D67A8}",NA,1,0,0,1,0
"{49ABE78E-A679-4EAD-A9C8-065278D23113}",NA,1,0,0,1,0
"{8554BA4C-D6B4-4E9A-BA99-934D9B8C8247}",NA,1,0,0,2,1
"{91100BC7-B658-403D-AC40-5BA8AF8E285C}",NA,1,0,0,1,0
"{88D48BE2-BCC3-4278-91B2-DDE45DD4E68B}",NA,1,0,0,1,0
"{8E584177-B812-4AC3-9D74-ADD4EAD828B3}",NA,1,0,1,1,0
"{0B16F44E-2C6E-42C9-A01D-909B4EF9A668}",NA,1,0,0,1,0
"{525BE846-2D29-4A39-8635-D681D18F86B6}",NA,1,0,0,1,0
"{E6CD8182-546B-4BD1-8D1D-4033584476B4}",NA,0,1,0,1,0
"{306EA33B-B636-4919-A39C-06A716284452}",NA,0,0,0,1,0
"{673C8C90-026C-4D10-84C1-AD20B26DEE9E}",NA,0,0,0,1,0
"{73F2FAC4-0757-4DF3-8C08-F47BC344B073}",NA,1,0,0,1,0
"{3E99687C-E61D-4E84-AA63-0301F29ECF48}",NA,1,0,0,1,0
"{567FF4AE-407F-49FE-A19B-D0CD1CB00EF4}",NA,1,0,0,1,0
"{81627CFB-FEE9-43B6-BBC3-C4582749AD5C}",2,1,0,1,1,0
"{19174BDE-DF03-440A-9E0E-CC86EDF8EE47}",NA,1,0,0,1,0
"{B9AAE27F-B08D-4906-AF23-6C8E128DD775}",NA,0,0,0,1,0
"{CE3FA588-C1F1-40CE-9FB3-7FB73F4C6AA8}",1,0,0,0,1,0
"{15F92502-059E-460B-B1F2-486D373DE4C9}",NA,0,1,0,1,0
"{D9FB4DA5-AB7B-46C4-97A6-166B43C02F4F}",1,1,0,0,1,0
"{EB158732-6C37-4665-AA0F-4454DCB72D57}",NA,NA,NA,NA,NA,NA
"{4AC92B6F-C4ED-417B-8C67-0D6AD5DAAF16}",NA,1,0,0,1,0
"{5DC9C9AA-8565-4389-9B8F-EBD986CD7DEA}",NA,0,0,0,1,0
"{F0EC5A0F-DE34-46D4-8DE0-63E57A2E7E8E}",NA,0,0,0,1,0
"{A344034C-9E49-45AB-9320-E0AEA2C6C6A1}",NA,0,1,0,1,0
"{FBDEF609-9355-442A-A53F-82429BA8FADC}",NA,0,0,0,1,0
"{9F4540DF-00E4-4DA5-BFD2-EDF4FA730805}",NA,1,0,0,1,0
"{C2402FCA-1DD7-4806-AFBE-EFADA97F61FD}",NA,0,0,0,1,0
"{AF51758E-A3D8-4A5E-8B4B-3B80C6176D94}",NA,0,0,0,1,0
"{65D34409-9FB2-4A8A-848D-3C8DBD44C004}",NA,1,0,0,1,0
"{39A1A073-27BB-4877-AB0B-C28BFF3D4673}",NA,1,0,0,1,0
"{2603D58F-452B-4C4F-897E-477C012AA595}",NA,1,0,0,1,0
"{B5ECC4C0-1061-47E9-B9DE-AFBC76D7649D}",NA,1,0,0,1,0
"{F46AF7FE-FC92-40E7-8859-306FB3BA7DDD}",NA,0,0,0,1,0
"{E111186E-D253-42AE-AC1E-DBFB38206EEB}",NA,1,0,1,1,0
"{ED380528-C44F-499A-800E-D37DB70393BE}",NA,1,0,0,1,0
"{B3EA1886-2FFC-460E-803D-19D91DC03AF7}",NA,1,0,0,1,0
"{E967150D-30F0-4D47-AF94-BAB98FDF15A6}",NA,1,0,0,1,0
"{98E70891-ACF8-440D-9CF9-4282BE5768AB}",NA,1,0,0,1,0
"{BE09F7AC-F082-42C3-AB27-9925D834DD80}",NA,1,0,0,1,0
"{582C5BEA-C51E-4CB3-B916-28D9C07413F6}",NA,1,0,1,1,0
"{A13CD22B-75E8-4AC2-A7B4-E567A2687E6B}",NA,1,0,0,1,0
"{5873239A-4FAC-413D-AA82-F263D52096E6}",NA,0,0,0,1,0
"{E7EC84F5-DCF4-436D-8021-0F5E568CF029}",NA,0,0,0,1,0
"{F0A91134-16AA-4288-8242-C012EE24C858}",NA,1,0,0,1,0
"{C960BE6B-F103-4E5C-BDFF-77FD307BEC53}",NA,0,0,1,1,0
"{8BE1D7FC-04A5-4F78-85F1-609149BBD050}",NA,0,0,0,1,0
"{34894C22-1099-40B3-B746-9E223FC24014}",NA,1,0,0,1,0
"{DED76A48-B83D-4DE3-AD41-1152BEB842E2}",NA,0,0,0,1,0
"{28E444AF-BF5D-44B6-AA85-34403C0A3D38}",NA,0,0,0,1,0
"{88E34544-78D5-40C1-A99B-CB409D5A7594}",NA,0,0,0,1,0
"{7C2DC43E-CCE8-4E4F-B9C4-AE740007264C}",NA,0,0,0,1,0
"{95B72BE2-7D2F-4220-8062-DEE83B236DBC}",NA,1,0,0,1,0
"{18C083E5-F904-4DE0-9CCB-F6C400C743A4}",NA,1,0,0,1,0
"{D613BA53-99E6-442B-8C47-010769C5769F}",NA,1,0,1,1,0
"{9573AF01-A6FA-4E1C-BB70-0A25783A410C}",NA,1,0,0,1,0
"{B21D9C7F-857E-41F0-8BC8-8A29DA167D61}",NA,1,0,1,1,0
"{D927EECA-7B2A-49AC-BA0A-342122F82A1B}",NA,1,0,1,1,0
"{DCBA926F-205C-446F-8F08-20D5AE10F443}",NA,1,0,0,1,0
"{CF3DCDA9-BB87-4489-AE1B-6DF79B68D1C7}",NA,1,0,0,1,0
"{A4A417E1-7A88-4DB5-8AE1-CF6FAE352D36}",NA,1,0,0,1,0
"{C63C8DAE-F25A-4C5C-9CA1-5D18DF09143B}",NA,1,0,0,1,0
"{66FC53C1-E6AB-482F-80EE-CF813C1D4533}",NA,1,0,0,2,1
"{EBEF9C29-08C7-4728-BF3A-9B03F0419014}",NA,1,0,0,1,0
"{7FB9CE70-B4AD-4D1D-9388-9DCFD6C1A3B1}",NA,1,0,1,1,0
"{4D05A9F7-8A20-4435-93AD-90AF72349DF8}",NA,1,0,0,1,0
"{1B036B68-5A8C-489F-9F15-E94B1DA22179}",NA,1,0,1,1,0
"{1BEFC496-4AB5-4E2C-8F50-6D74B0EBA7B3}",NA,1,0,0,1,0
"{6FAAF170-7C16-4698-9AB8-94606468AF45}",NA,1,0,1,1,0
"{6366421E-3BD3-4142-B2F9-EB8397C2382C}",NA,1,0,1,1,0
"{369440A2-F1F4-4FEF-BA2E-8048BF7B962F}",NA,1,0,0,1,0
"{2525E048-DF8E-4638-B6DA-2431BA86446A}",NA,1,0,0,1,0
"{FB340873-7C20-40B9-BD2F-42E1B8F6E920}",NA,1,0,0,1,0
"{A1B8D482-B233-4D1B-80EB-EB2B4E7CABF5}",NA,1,0,1,1,0
"{7DA949A6-F268-4EF7-83AB-3C9E725D315B}",NA,1,0,1,2,1
"{5C9FEB69-A70C-42DB-BB95-805921051106}",NA,1,0,0,1,0
"{959F0F7A-B4B4-46D2-AEF5-EB2ABADB584C}",NA,1,0,1,1,0
"{0713E694-B2A1-4200-9D76-1B620EE72EC6}",NA,1,0,0,1,0
"{F318F9F1-4C8E-435E-AB7A-084F3791D3E6}",NA,1,0,1,1,0
"{A80805EC-9D1D-4ABC-813E-FCAA9CC23FF0}",NA,1,0,1,1,0
"{3C51B82F-FA79-485A-825E-1FF6F38D916F}",NA,1,0,0,1,0
"{76D3F3FF-7940-4ABB-AABE-04E6A6662E34}",NA,1,0,0,1,0
"{C658E7D7-61D9-4621-9781-6A9C0A66A938}",NA,1,0,0,1,0
"{FDBDCAC4-D7FE-498E-A8A9-6CCEB81F91AA}",NA,1,0,0,1,0
"{CC22564B-63BB-4F5A-BA70-BBFF843A4D2D}",NA,0,0,0,1,0
"{B2FABEB2-DC5E-44B9-A943-CF64FF4AEC5F}",2,1,0,1,7,0
"{592EB4CA-E70E-4C87-A10C-D0ABBA308FF2}",NA,0,0,1,1,0
"{149258E7-7A7E-4700-BCC3-06F51707D745}",NA,1,0,1,1,0
"{3C2F9A0E-2ABF-4DC3-930B-F5E6C1081E2C}",2,1,0,0,1,0
"{92EC86B0-588D-4A72-A5FC-2655C0C9A02C}",NA,1,0,1,1,0
"{45B8A4EE-FA25-45CF-9128-49CC49AA8967}",NA,1,0,1,1,0
"{D59E19CB-9BE2-44B9-A099-639219CBBCA2}",NA,1,0,1,1,0
"{FE9EFAA5-9B16-466B-A854-28C8139FA5FA}",NA,1,0,1,1,0
"{C299DE08-3042-419A-BF84-8B57AA25263C}",NA,1,0,0,1,0
"{4542F2E9-3270-43E6-9EE2-B9E5D14F8277}",2,1,0,1,3,1
"{05A30C4B-F264-463D-B9CD-98E4408973C2}",NA,1,0,1,1,0
"{22898B34-AD2D-49EA-9093-6F2F72ADCE94}",NA,1,0,0,1,0
"{1574A7E5-52DF-402F-BEF9-932F6102C764}",NA,1,0,0,1,0
"{F08BF98D-D33A-4CF6-9A9C-7F5EA44B6ACA}",NA,1,0,0,1,0
"{8950797A-E22B-4CFB-91A8-36DF0DF1F6B0}",2,1,0,0,7,0
"{AB5883CB-189F-4E53-85F2-3B3D075C1EAF}",NA,1,0,1,1,0
"{47C7E6FF-4120-4E2E-A447-BD86EF763245}",NA,1,0,0,1,0
"{0A0602DD-AFB2-40D3-93EB-01F01ABC5CC0}",NA,1,0,0,1,0
"{2CFB0B87-C104-4C98-BACD-1750AA66FEB5}",NA,0,0,0,1,0
"{79D6FC1E-91F9-4EF8-BB13-A09A547BF778}",NA,1,0,0,1,0
"{646C86D7-9C9C-4674-A92F-07FD6C71E671}",NA,1,0,0,1,0
"{951CFF9D-539B-430B-8A9A-6C54A2FA9B10}",NA,1,0,0,1,0
"{E26B20D6-0278-44CB-A16E-9AEC98CE9746}",NA,1,0,0,1,0
"{E9B15EAF-6846-4FC7-82A7-32D0A96BA76A}",NA,1,0,0,1,0
"{A0F870DC-5EBA-418D-9503-5D705304F611}",NA,0,0,1,1,0
"{E1BFD471-7039-4F33-992C-9D7F5D0F0345}",2,1,0,0,1,0
"{510B96CB-3763-4B70-B059-9D2CF1733215}",NA,1,0,0,1,0
"{52C35544-EB14-4054-B457-83D58462D61B}",NA,1,0,1,1,0
"{0C0967AF-392B-47C6-AAD1-C60C593A71A3}",2,1,0,1,1,0
"{544E44B3-9D6B-4343-A50B-EC903768F144}",NA,1,0,0,1,0
"{1A27981D-7040-492F-884B-E89E7B2F0690}",2,1,0,1,1,0
"{0178E91A-CE87-41F4-BB35-0CEA55C9A8BA}",NA,1,0,0,1,0
"{5C273EFE-4F3C-4CFA-BAB7-83427B1AD470}",1,1,0,0,1,0
"{298E0A53-9D97-4FDA-A6EE-6D351079C8AC}",NA,1,0,0,1,0
"{D80DE9A0-66F0-44B8-A04D-A51068769AFA}",NA,1,0,0,1,0
"{D012F6FA-9E07-49C9-9126-6A855425CD3E}",NA,1,0,0,1,0
"{B370F068-DAD8-4162-B311-5F2A942DDA2A}",1,1,0,0,4,1
"{76250E0C-C028-4F02-BCC7-467D5EBF606D}",NA,NA,NA,NA,NA,NA
"{8F6E2806-A7F6-4843-A224-9C324DA9BA6D}",1,NA,NA,NA,NA,NA
"{2090F8D9-542E-4FD6-AF6D-962FDE010FF0}",NA,NA,NA,NA,NA,NA
"{4CAC8D9F-E5A8-486B-927C-D98150D7411E}",NA,NA,NA,NA,NA,NA
"{472F5064-8B6C-4F08-9C1F-66C91E74D606}",NA,NA,NA,NA,NA,NA
"{5B24DDC9-8BFD-4EA7-8C96-74FC895DD5FB}",NA,NA,NA,NA,NA,NA
"{DA7D1D4C-E749-469A-9656-85A92583D51E}",NA,NA,NA,NA,NA,NA
"{491BFD5B-E595-4BD3-A82E-15598BCD6F3A}",NA,NA,NA,NA,NA,NA
